ASCOF Outcomes 2013-14,Overall satisfaction of people who use services with their care and support,,,Overall satisfaction of people who use services with their care and support,,,Overall satisfaction of people who use services with their care and support,,,Overall satisfaction of people who use services with their care and support,,,Overall satisfaction of people who use services with their care and support,,
,TOTAL,,,MALE,,,FEMALE,,,18 to 64,,,65 and over,,
,3A,3A,3A,3A,3A,3A,3A,3A,3A,3A,3A,3A,3A,3A,3A
,Confidence Interval,Base,Outcome,Confidence Interval,Base,Outcome,Confidence Interval,Base,Outcome,Confidence Interval,Base,Outcome,Confidence Interval,Base,Outcome
,,,,,,,,,,,,,,,
,,Total number of respondents to ASCS question 1 and Easy Read Adult Social Care questionnaire question 1,"Respondents who answered 'I am extremely satisfied' or 'I am very satisfied' or 'I am very happy with the way staff help me, it's really good'  as a percentage of all respondents to the question",,Total number of male respondents to ASCS question 1 and Easy Read Adult Social Care questionnaire question 1,"Male respondents who answered 'I am extremely satisfied' or 'I am very satisfied' or 'I am very happy with the way staff help me, it's really good'  as a percentage of all male respondents to the question",,Total number of female respondents to ASCS question 1 and Easy Read Adult Social Care questionnaire question 1,"Female respondents who answered 'I am extremely satisfied' or 'I am very satisfied' or 'I am very happy with the way staff help me, it's really good'  as a percentage of all female respondents to the question",,Total number of respondents (aged 18 to 64) to ASCS question 1 and Easy Read Adult Social Care questionnaire question 1,"Respondents (aged 18 to 64) who answered 'I am extremely satisfied' or 'I am very satisfied' or 'I am very happy with the way staff help me, it's really good'  as a percentage of all respondents (aged 18 to 64) to the question",,Total number of respondents (aged 65 and over) to ASCS question 1 and Easy Read Adult Social Care questionnaire question 1,"Respondents (aged 65 and over) who answered 'I am extremely satisfied' or 'I am very satisfied' or 'I am very happy with the way staff help me, it's really good'  as a percentage of all respondents to the question"
,,ASCS - question 1 + Easy Read Adult Social Care questionnaire - question 1,"* Outcome is a
  weighted value",,ASCS - question 1 + Easy Read Adult Social Care questionnaire - question 1,"* Outcome is a
  weighted value",,ASCS - question 1 + Easy Read Adult Social Care questionnaire - question 1,"* Outcome is a
  weighted value",,ASCS - question 1 + Easy Read Adult Social Care questionnaire - question 1,"* Outcome is a
  weighted value",,ASCS - question 1 + Easy Read Adult Social Care questionnaire - question 1,"* Outcome is a
  weighted value"
,Confidence Interval,Base,Outcome,MALE Confidence Interval,MALE Base,MALE Outcome,FEMALE Confidence Interval,FEMALE Base,FEMALE Outcome,18 to 64 Confidence Interval,18 to 64 Base,18 to 64 Outcome,65 and over Confidence Interval,65 and over Base,65 and over Outcome
Cumbria,4.1,495,67.4,6.3,205,68.1,5.4,290,67.0,6.8,175,69.7,5.0,320,66.5
Northumberland,4.0,480,69.7,6.7,195,66.1,5.2,285,72.0,6.2,170,70.0,5.1,310,69.5
Gateshead,4.2,450,65.9,6.8,175,71.3,5.6,275,62.5,7.0,140,74.1,5.3,310,62.6
Newcastle upon Tyne,4.4,405,64.3,7.0,170,67.4,6.0,240,62.2,6.9,150,70.5,5.7,255,60.7
North Tyneside,4.1,495,65.0,6.9,195,66.0,5.4,300,64.5,5.2,240,70.2,5.6,255,62.2
South Tyneside,4.6,340,69.0,8.2,120,64.8,5.7,220,71.3,8.1,90,78.9,5.6,250,65.2
Sunderland,3.8,520,67.1,6.5,200,65.7,5.0,320,67.9,5.7,195,73.9,5.0,325,63.6
Hartlepool,3.5,555,73.1,5.5,200,75.5,4.7,355,71.7,6.8,135,75.7,4.1,415,71.9
Middlesbrough,3.7,465,70.4,5.6,200,75.9,5.4,265,66.6,5.1,195,80.9,5.2,270,63.5
Redcar and Cleveland,4.3,410,66.3,8.0,130,66.9,5.4,280,66.1,7.6,125,72.5,5.3,290,63.6
Stockton-on-Tees,3.9,485,71.0,7.0,170,70.6,4.9,315,71.3,5.9,180,78.6,5.1,305,67.4
Durham,4.3,465,67.1,7.2,180,64.1,5.4,285,69.1,8.0,135,67.7,5.0,330,66.8
Darlington,5.2,330,62.4,8.4,135,61.4,7.0,190,63.1,9.1,110,59.8,6.3,215,63.9
Barnsley,5.6,365,65.4,9.6,135,71.7,7.1,230,61.4,11.0,110,65.6,5.6,260,65.2
Doncaster,4.9,400,56.8,7.6,165,56.0,6.6,235,57.4,6.7,185,63.1,6.9,210,52.5
Rotherham,4.1,410,74.7,7.1,145,75.2,5.1,260,74.4,5.7,185,79.3,5.8,225,71.1
Sheffield,4.9,370,66.3,9.1,115,66.5,5.9,260,66.2,7.8,120,76.3,6.3,255,61.3
Bradford,4.0,870,61.9,6.1,385,64.0,5.6,485,60.2,6.6,355,64.4,4.9,515,59.7
Calderdale,4.3,480,61.1,6.9,205,63.0,5.8,270,59.8,6.3,210,64.7,5.6,265,59.2
Kirklees,3.6,680,59.7,6.2,255,60.0,4.6,425,59.5,6.7,210,64.2,4.3,470,58.2
Leeds,4.1,475,69.2,7.0,175,68.6,5.1,300,69.5,7.5,140,68.1,4.8,335,69.7
Wakefield,4.6,395,64.5,7.8,140,64.1,5.8,255,64.7,7.6,140,69.3,5.8,255,61.7
East Riding of Yorkshire,3.0,855,71.3,5.0,350,71.0,4.0,505,71.5,4.0,385,74.0,4.1,470,70.1
Kingston upon Hull,4.3,410,71.9,6.7,160,74.0,5.6,255,70.6,8.2,125,69.5,4.9,285,73.1
North East Lincolnshire,4.3,385,67.2,6.8,150,69.7,5.9,235,65.6,7.8,130,61.5,5.2,255,69.6
North Lincolnshire,4.9,325,65.3,9.2,105,67.9,6.2,220,64.1,7.8,130,65.2,6.4,195,65.4
North Yorkshire,4.0,505,66.9,6.2,205,71.0,5.3,300,64.1,7.7,140,65.7,4.6,365,67.4
York,3.6,590,67.4,6.3,215,67.7,4.6,375,67.2,7.4,135,72.3,4.1,455,66.0
Bolton,3.9,625,66.0,6.2,250,64.2,5.2,375,67.4,6.9,175,63.2,4.2,450,68.5
Bury,4.5,350,70.6,7.5,140,68.7,5.9,205,71.9,6.3,160,73.8,6.4,185,67.8
Manchester,5.2,350,60.7,8.3,140,63.6,7.0,210,58.7,7.8,145,57.2,7.0,205,64.1
Oldham,5.0,335,62.6,8.1,140,59.7,6.7,195,64.8,8.4,110,58.6,6.4,225,64.9
Rochdale,4.0,510,63.1,6.6,200,63.6,5.2,305,62.7,6.8,180,60.1,4.9,325,65.0
Salford,2.6,"1,180",65.4,4.3,485,66.0,3.5,695,64.9,3.5,530,66.7,3.5,650,64.7
Stockport,4.4,425,69.1,6.8,195,66.6,6.0,230,71.1,7.4,160,70.4,5.5,265,68.2
Tameside,4.4,410,61.6,7.5,155,63.9,5.8,255,60.1,8.3,120,64.8,5.3,290,60.1
Trafford,4.8,370,65.5,8.4,135,66.5,6.1,235,64.9,8.7,100,75.8,5.8,270,59.3
Wigan,4.4,400,67.5,7.2,150,71.4,5.7,250,65.1,7.5,125,75.3,5.4,280,63.3
Knowsley,4.1,465,65.6,6.5,205,66.4,5.8,260,64.9,6.6,175,64.3,5.3,285,66.3
Liverpool,3.8,645,61.6,5.5,300,65.0,5.3,345,59.0,5.3,275,74.0,5.0,375,55.6
Sefton,4.2,400,71.3,6.8,160,69.5,5.6,235,72.5,7.2,140,73.2,5.3,260,70.3
St. Helens,5.5,310,65.5,9.8,105,64.2,6.5,200,66.2,12.1,75,70.6,6.2,235,63.7
Wirral,3.9,545,64.3,6.4,205,69.0,5.1,345,61.6,7.0,175,63.6,4.8,370,64.6
Halton,3.6,575,68.4,6.1,235,67.4,4.9,340,69.0,5.3,195,73.9,4.5,380,66.7
Warrington,4.8,365,68.9,8.7,130,66.6,5.9,235,70.0,7.2,130,72.9,6.1,235,67.2
Lancashire,4.5,430,64.9,7.0,165,68.2,5.9,260,62.8,6.9,175,66.4,5.8,255,63.9
Blackburn with Darwen,3.3,365,72.2,7.2,120,75.5,4.6,245,70.7,5.4,105,77.7,4.0,260,70.5
Blackpool,4.3,390,65.7,5.6,245,65.0,7.3,145,66.9,8.2,110,67.1,5.0,280,65.2
Cheshire East,4.9,345,62.4,8.5,130,57.9,6.2,215,65.3,8.0,130,59.4,6.3,215,64.6
Cheshire West and Chester,4.2,675,63.5,7.0,285,65.6,5.4,385,62.3,6.0,405,65.9,5.8,270,61.0
Warwickshire,4.1,495,62.6,7.1,180,61.6,5.2,315,63.2,7.6,145,65.2,4.9,355,61.6
Birmingham,4.2,495,62.4,6.5,205,60.9,5.5,285,63.4,6.6,175,70.4,5.2,315,58.8
Coventry,4.6,390,64.7,7.7,140,67.0,6.0,250,63.3,7.9,135,70.8,5.7,255,61.0
Dudley,3.6,630,63.8,5.7,270,67.4,5.0,360,61.5,4.8,280,69.8,4.8,350,61.2
Sandwell,4.4,415,64.9,7.4,150,70.4,5.6,265,62.0,6.7,155,71.3,5.6,260,62.1
Solihull,3.7,535,64.7,6.3,210,64.3,5.0,330,64.9,6.4,180,68.7,4.7,355,62.4
Walsall,2.4,"1,090",64.0,4.4,415,66.9,3.4,675,62.4,3.7,375,70.8,3.1,715,60.9
Wolverhampton,5.0,320,62.5,7.8,145,63.3,6.9,175,61.9,8.6,110,62.5,6.2,215,62.5
Staffordshire,5.1,360,67.6,8.6,120,69.4,6.4,240,66.4,9.4,95,67.3,6.1,260,67.4
Stoke-on-Trent,4.8,365,64.6,8.4,140,55.5,6.0,225,70.3,8.3,120,67.8,6.0,245,62.6
Herefordshire,4.6,365,65.1,8.5,125,66.8,5.8,240,64.0,8.6,95,72.9,5.4,270,60.7
Worcestershire,4.3,425,67.3,6.6,180,69.8,5.9,245,65.5,7.3,150,66.5,5.4,275,67.8
Shropshire,4.9,335,66.3,7.6,135,67.8,6.5,200,65.3,7.3,150,65.1,6.6,185,67.3
Telford and the Wrekin,4.4,425,61.8,7.0,185,65.2,6.0,240,59.6,6.2,200,66.5,6.1,220,58.8
Lincolnshire,4.5,435,62.4,7.7,150,65.0,5.7,280,61.0,8.9,110,69.7,5.2,325,59.6
Northamptonshire,4.5,430,61.9,7.5,160,62.5,5.8,275,61.5,7.1,165,68.3,5.7,270,59.0
Derbyshire,3.6,700,68.0,5.8,300,65.9,4.7,400,69.4,5.1,320,65.4,4.6,380,69.0
Derby,4.2,430,65.2,7.3,155,67.0,5.4,275,64.2,7.3,140,70.3,5.2,290,62.4
Leicestershire,4.8,390,60.1,7.9,150,60.0,6.2,240,60.2,8.0,130,68.5,6.0,260,56.3
Leicester,3.8,605,62.2,5.8,280,60.7,5.2,320,63.4,5.2,310,62.5,5.3,295,62.0
Rutland,5.9,135,67.7,11.4,40,78.1,8.1,95,63.5,12.7,35,61.0,6.6,100,70.5
Nottinghamshire,4.7,365,68.6,8.0,130,65.1,5.8,235,70.5,7.3,130,76.9,6.1,235,63.8
Nottingham,4.0,530,64.5,6.4,220,67.2,5.4,310,62.8,6.7,200,66.2,5.1,330,63.7
Hertfordshire,4.7,350,60.2,8.4,130,56.2,6.3,215,62.5,7.1,135,62.0,6.3,215,59.1
Norfolk,4.1,455,70.1,6.9,165,70.4,5.2,290,69.9,7.3,135,75.9,5.0,325,66.9
Oxfordshire,4.3,480,64.5,6.9,185,67.1,5.5,295,63.0,5.8,235,67.1,5.9,245,62.8
Suffolk,3.8,685,67.5,6.6,240,66.9,4.7,445,67.9,6.0,265,67.9,4.8,420,67.4
Luton,4.0,510,54.7,6.0,235,53.4,5.7,280,55.6,5.9,235,55.7,5.5,280,53.9
Buckinghamshire,4.2,505,56.2,7.3,185,53.5,5.3,320,57.7,8.6,125,60.3,4.9,375,54.6
Milton Keynes,4.2,440,61.3,6.9,175,61.6,5.7,265,61.2,7.0,135,65.8,5.3,305,59.1
Bracknell Forest,2.7,725,64.8,5.1,280,67.1,3.9,440,63.3,4.1,320,66.7,3.7,405,63.1
West Berkshire,4.1,455,58.0,7.0,180,55.1,5.4,275,60.0,6.7,160,59.3,5.1,295,57.1
Reading,4.1,420,62.0,6.8,180,63.8,5.7,240,60.7,6.1,165,73.0,5.5,260,53.6
Slough,4.7,345,58.0,8.4,130,57.6,6.3,215,58.3,6.8,170,64.3,6.6,175,53.2
Windsor and Maidenhead,4.9,315,56.4,9.3,105,60.1,6.2,210,54.5,8.7,105,53.8,5.9,210,57.9
Wokingham,4.7,315,66.9,7.7,140,67.1,6.7,180,66.8,6.9,150,69.2,6.5,165,64.2
Essex,3.1,695,59.2,5.5,270,59.6,4.2,425,59.0,4.9,280,61.2,4.0,415,58.0
Southend-on-Sea,4.4,390,61.1,7.9,130,63.8,5.6,260,59.8,7.8,115,67.4,5.4,275,58.6
Thurrock,4.5,370,62.4,8.8,110,64.3,5.6,260,61.6,9.7,75,68.2,5.1,295,60.6
Cambridgeshire,3.9,545,65.4,6.4,210,60.9,4.9,330,68.2,6.2,195,72.1,5.0,350,61.7
Peterborough,3.5,580,65.0,6.0,220,67.3,4.7,360,63.6,6.1,190,70.8,4.3,390,61.6
Bedford,4.0,430,66.9,6.7,170,67.7,5.3,260,66.4,6.9,150,67.9,4.9,280,66.4
Central Bedfordshire,4.3,430,63.6,7.1,170,64.3,5.7,265,63.2,7.0,140,71.7,5.4,290,59.8
Camden,4.8,380,59.1,7.5,165,60.2,6.8,200,59.5,7.5,160,58.0,6.2,220,60.1
Greenwich,4.5,390,64.0,7.2,155,67.0,6.0,235,62.1,6.0,195,68.3,6.6,195,60.1
Hackney,4.8,370,57.9,8.1,140,51.8,6.1,230,61.5,6.7,190,59.0,6.9,180,56.7
Hammersmith and Fulham,5.1,335,58.7,8.0,145,59.3,7.0,190,58.3,9.3,105,58.8,6.2,225,58.6
Islington,2.6,980,60.0,4.4,410,61.8,3.6,570,58.7,4.2,395,58.1,3.3,585,61.6
Kensington and Chelsea,4.9,330,66.0,7.8,130,71.0,6.7,200,62.8,6.6,145,69.3,6.6,185,64.5
Lambeth,4.6,425,55.9,7.3,180,52.5,6.1,245,58.3,6.3,220,59.3,6.7,205,52.6
Lewisham,3.5,745,63.5,5.4,345,61.9,4.8,400,64.8,5.2,370,65.1,4.7,375,62.2
Southwark,2.4,"1,225",53.3,4.1,495,58.7,3.4,730,49.7,3.8,445,58.9,3.1,780,50.2
Tower Hamlets,2.4,"1,060",65.8,4.0,465,66.0,3.5,595,65.6,4.0,425,64.6,2.9,635,66.7
Wandsworth,3.2,690,59.0,5.2,305,60.5,4.6,385,58.0,4.5,335,62.8,4.6,355,56.1
Westminster,4.9,365,60.1,7.8,150,61.8,6.6,210,58.9,6.7,185,62.9,7.1,180,57.9
City of London,..,..,..,..,..,..,..,..,..,..,..,..,..,..,..
Barking and Dagenham,6.1,345,65.0,9.7,130,66.5,8.2,215,64.1,7.1,155,64.7,9.4,190,65.3
Barnet,4.2,475,61.8,6.7,195,61.6,5.7,280,61.9,7.2,170,62.3,5.2,305,61.5
Bexley,5.1,340,60.4,8.3,135,61.6,6.7,205,59.6,7.5,160,59.5,6.7,180,61.5
Brent,3.7,490,56.6,6.0,225,53.8,5.4,265,59.0,5.9,200,60.5,4.9,290,54.1
Bromley,3.6,730,61.7,6.2,280,60.2,4.7,450,62.5,4.1,350,67.6,4.8,380,59.3
Croydon,4.6,405,57.9,7.8,140,59.1,5.8,265,57.3,7.4,155,59.4,5.8,250,57.2
Ealing,4.7,430,58.2,7.0,210,59.4,6.8,220,57.1,7.9,150,66.5,6.0,280,53.8
Enfield,3.9,560,59.9,6.7,205,56.4,4.9,355,61.8,6.1,220,64.0,5.1,340,57.2
Haringey,5.1,345,55.7,8.5,130,59.9,6.7,210,53.1,7.6,155,61.1,6.9,190,52.0
Harrow,4.4,420,53.0,7.7,150,52.5,5.6,270,53.3,7.4,150,56.7,5.5,270,51.0
Havering,4.7,380,63.7,9.0,110,64.2,5.7,265,63.5,8.0,120,67.8,5.8,255,62.1
Hillingdon,3.7,575,58.6,6.0,240,61.1,5.1,335,56.9,5.6,225,66.0,4.8,350,54.7
Hounslow,3.7,595,56.1,6.1,245,55.8,5.0,350,56.3,6.2,220,61.7,4.6,370,51.8
Kingston upon Thames,5.4,280,61.1,9.2,110,56.3,7.1,170,64.1,7.9,135,64.0,7.5,150,58.2
Merton,3.9,515,63.3,6.5,205,66.9,5.5,305,60.8,6.1,195,67.3,5.2,320,61.1
Newham,4.1,565,59.5,6.7,225,63.2,5.4,340,57.5,4.6,330,65.1,6.1,240,55.5
Redbridge,4.2,365,76.5,7.1,140,76.9,5.5,225,76.3,8.2,100,75.3,5.0,265,77.0
Richmond upon Thames,5.0,290,61.2,7.9,125,64.7,7.2,165,58.6,8.6,100,69.1,6.3,195,56.9
Sutton,4.3,390,59.0,7.2,155,64.2,5.8,235,55.5,6.6,155,67.0,5.7,240,54.2
Waltham Forest,5.3,320,55.2,8.3,135,54.3,7.1,185,55.9,7.4,165,58.5,7.6,155,51.9
Isle of Wight,3.8,460,68.1,6.8,170,66.8,5.0,290,68.9,6.3,150,75.0,4.8,310,64.8
Surrey,3.6,580,71.7,5.7,235,73.6,4.9,345,70.3,6.1,200,74.5,4.5,380,70.4
West Sussex,4.3,450,65.0,7.1,155,69.2,5.5,290,62.8,7.2,155,68.8,5.4,290,62.9
Dorset,4.3,400,63.6,6.8,170,69.3,6.1,230,59.6,6.2,200,61.2,6.1,205,65.5
Bournemouth,3.8,495,66.5,6.1,215,66.7,5.3,280,66.3,5.4,200,69.7,5.0,295,65.0
Poole,4.6,365,61.7,7.6,140,68.8,6.2,225,57.0,9.3,95,63.8,5.3,275,60.8
Hampshire,2.8,"1,130",66.9,4.4,440,71.1,3.7,690,64.6,3.6,535,72.2,3.8,595,64.3
Portsmouth,3.2,595,60.8,5.8,225,64.4,4.4,370,58.7,4.7,240,69.4,4.3,355,55.7
Southampton,5.2,370,63.0,8.9,135,61.8,6.7,235,63.8,9.1,115,61.8,6.3,255,63.9
East Sussex,4.3,455,67.5,7.3,165,69.9,5.5,290,66.2,8.4,115,69.2,5.0,335,66.8
Brighton and Hove,4.7,325,68.2,7.7,135,66.6,6.3,185,69.3,7.9,125,67.0,6.0,200,68.9
Wiltshire,4.8,385,64.6,8.0,140,61.8,6.0,245,66.3,8.7,115,65.8,5.7,270,64.1
Swindon,4.6,370,66.5,8.1,140,62.7,5.8,230,68.6,6.7,180,62.4,6.3,190,69.6
Kent,3.7,590,65.6,6.0,215,72.8,4.8,380,61.5,5.8,230,72.6,4.9,365,61.0
Medway Towns,4.5,385,63.8,7.4,155,64.6,6.1,230,63.3,7.8,125,69.7,5.6,260,60.7
Cornwall,4.4,425,68.5,7.6,150,68.5,5.5,275,68.4,8.3,115,71.2,5.2,310,67.3
Gloucestershire,4.3,490,67.1,6.8,195,64.7,5.6,295,68.8,7.8,155,65.5,5.1,335,67.9
Somerset,3.9,540,66.4,6.7,195,67.9,5.0,350,65.5,7.2,165,67.8,4.7,375,65.8
Isles of Scilly,..,..,..,..,..,..,..,..,..,..,..,..,..,..,..
Bath and North East Somerset,3.8,485,65.9,6.8,175,66.6,4.9,310,65.5,5.9,190,68.1,4.9,295,64.6
Bristol,4.1,460,65.7,6.9,185,65.6,5.4,280,65.7,6.4,185,66.0,5.3,280,65.5
North Somerset,4.2,385,72.4,7.3,150,71.0,5.5,235,73.3,7.8,120,69.9,5.1,265,73.5
South Gloucestershire,3.8,535,63.4,6.5,200,61.5,4.9,335,64.6,6.1,200,68.2,4.9,335,60.7
Devon,4.6,405,66.7,7.6,160,64.0,5.9,240,68.6,7.1,170,65.6,6.0,235,67.7
Plymouth,4.6,365,67.8,7.5,155,66.8,6.1,215,68.6,6.8,140,76.0,6.1,225,63.5
Torbay,4.5,380,68.5,7.0,160,71.7,6.1,220,66.3,6.4,180,70.0,6.3,195,67.2
,,,,,,,,,,,,,,,
ENGLAND,0.4,"71,905",64.8,0.7,"28,390",65.4,0.6,"43,490",64.5,0.7,"27,205",67.6,0.5,"44,695",63.3
Number of councils the national total is based on,150,150,150,150,150,150,150,150,150,150,150,150,150,150,150
,,,,,,,,,,,,,,,
Shire Counties,0.9,"13,780",65.9,1.4,"5,270",67.2,1.1,"8,510",65.2,1.5,"5,025",68.9,1.1,"8,755",64.4
Unitary Authorities,0.7,"24,155",65.9,1.2,"9,445",65.5,0.9,"14,710",66.1,1.2,"8,870",67.8,0.9,"15,290",64.8
Metropolitan Districts,0.8,"17,855",64.7,1.3,"7,085",65.6,1.0,"10,770",64.1,1.3,"6,535",68.7,1.0,"11,325",62.5
Inner London,1.2,"7,295",60.0,1.9,"3,085",60.6,1.7,"4,185",59.8,1.8,"3,170",61.8,1.6,"4,120",58.7
Outer London,1.0,"8,820",60.5,1.7,"3,505",61.0,1.4,"5,315",60.2,1.6,"3,610",63.7,1.4,"5,210",58.6
,,,,,,,,,,,,,,,
North East,1.4,"5,400",67.7,2.4,"2,070",67.3,1.8,"3,330",67.9,2.5,"1,870",71.9,1.7,"3,530",65.6
North West,1.1,"10,955",65.3,1.7,"4,490",66.3,1.5,"6,465",64.6,1.8,"4,065",67.2,1.4,"6,890",64.2
Yorkshire and the Humber,1.2,"7,510",65.8,1.9,"2,900",67.0,1.5,"4,615",65.0,2.0,"2,695",68.6,1.5,"4,815",64.3
East Midlands,1.6,"4,020",64.4,2.6,"1,585",64.2,2.1,"2,435",64.5,2.6,"1,540",68.9,2.0,"2,480",62.3
West Midlands,1.5,"6,655",64.9,2.4,"2,605",65.3,2.0,"4,045",64.6,2.6,"2,375",68.0,1.9,"4,275",63.2
South West,1.5,"6,485",66.4,2.4,"2,525",65.6,1.9,"3,960",67.0,2.5,"2,410",67.1,1.8,"4,075",66.1
Eastern,1.6,"5,435",65.6,2.6,"2,040",65.0,2.0,"3,395",66.0,2.6,"1,905",69.7,1.9,"3,530",63.6
London,0.8,"16,115",60.3,1.3,"6,590",60.8,1.1,"9,505",60.0,1.2,"6,780",62.9,1.1,"9,330",58.6
South East,1.2,"9,335",65.2,1.9,"3,585",67.8,1.6,"5,745",63.7,2.0,"3,565",69.2,1.5,"5,770",63.0
,,,,,,,,,,,,,,,
,,,,,,,,,,,,,,,
Notes:,,,,,,,,,,,,,,,
..  represents data that are unavailable.,,,,,,,,,,,,,,,
"-  means constituent values less than six are suppressed. However, for Delayed Transfers of Care data (which are averages of 12 monthly values) the equivalent suppression is achieved by suppressing 
    annual values less than 0.5 (6/12) and for survey data, values of less than three are supressed. Where elements of an indicator are suppressed the indicator itself is also suppressed. 
    Measure 1F and 1H for 2013-14 have outcome data (the annual outcome is based on an average of the monthly outcomes), but not numerators and denominators, which are available for each month 
    with the ASCOF publication on the HSCIC website http://www.hscic.gov.uk/pubs/adusoccareof1314fin . Outcomes for 1F and 1H have been suppressed if the annual average numerator or 
   denominator is less than 0.5 (6/12).",,,,,,,,,,,,,,,
"1. Numerator and denominator values used to calculate the indicator are rounded to the nearest five. The exception is for Measure 2C, where the numerators are rounded to the nearest one.",,,,,,,,,,,,,,,
"2. 1A, 1B, 1D, 1I, 3A, 3B, 3C, 3D, 4A and 4B are based on survey data. The base for 1A, 1B, 1I, 3A, 3D, 4A and 4B (i.e. the number of responses on which the outcome is based) should be taken into 
    account when assessing the reliability of the outcome values. Outcomes based on a small base should be treated with caution.",,,,,,,,,,,,,,,
"3. 1A, 1B, 1I(1), 3A, 3D(1), 4A and 4B have been weighted to reflect that a stratified sample was taken and to account for non-response bias.",,,,,,,,,,,,,,,
"4. 1D, 1I(2), 3B, 3C and 3D(2) are based solely on the Carers' survey. This is a biennial survey which took place for the first time in 2012-13, therefore no data are available for 2013-14.",,,,,,,,,,,,,,,
,,,,,,,,,,,,,,,
,,,,,,,,,,,,,,,
,,,,,,,,,,,,,,,
,,,,,,,,,,,,,,,
,,,,,,,,,,,,,,,
,,,,,,,,,,,,,,,
,,,,,,,,,,,,,,,
,,,,,,,,,,,,,,,
,,,,,,,,,,,,,,,
,,,,,,,,,,,,,,,
,,,,,,,,,,,,,,,
,,,,,,,,,,,,,,,
,,,,,,,,,,,,,,,
,,,,,,,,,,,,,,,
,,,,,,,,,,,,,,,
,,,,,,,,,,,,,,,
,,,,,,,,,,,,,,,
,,,,,,,,,,,,,,,
,,,,,,,,,,,,,,,
,,,,,,,,,,,,,,,
,,,,,,,,,,,,,,,
,,,,,,,,,,,,,,,
,,,,,,,,,,,,,,,
,,,,,,,,,,,,,,,
,,,,,,,,,,,,,,,
,,,,,,,,,,,,,,,
,,,,,,,,,,,,,,,
,,,,,,,,,,,,,,,
,,,,,,,,,,,,,,,
,,,,,,,,,,,,,,,
,,,,,,,,,,,,,,,
,,,,,,,,,,,,,,,
,,,,,,,,,,,,,,,
,,,,,,,,,,,,,,,
,,,,,,,,,,,,,,,
,,,,,,,,,,,,,,,
,,,,,,,,,,,,,,,
,,,,,,,,,,,,,,,
,,,,,,,,,,,,,,,
,,,,,,,,,,,,,,,
,,,,,,,,,,,,,,,
,,,,,,,,,,,,,,,
,,,,,,,,,,,,,,,
,,,,,,,,,,,,,,,
,,,,,,,,,,,,,,,
,,,,,,,,,,,,,,,
,,,,,,,,,,,,,,,
,,,,,,,,,,,,,,,
,,,,,,,,,,,,,,,
,,,,,,,,,,,,,,,
,,,,,,,,,,,,,,,
,,,,,,,,,,,,,,,
,,,,,,,,,,,,,,,
,,,,,,,,,,,,,,,
,,,,,,,,,,,,,,,
,,,,,,,,,,,,,,,
,,,,,,,,,,,,,,,
,,,,,,,,,,,,,,,
,,,,,,,,,,,,,,,
,,,,,,,,,,,,,,,
,,,,,,,,,,,,,,,
,,,,,,,,,,,,,,,
,,,,,,,,,,,,,,,
,,,,,,,,,,,,,,,
,,,,,,,,,,,,,,,
,,,,,,,,,,,,,,,
,,,,,,,,,,,,,,,
,,,,,,,,,,,,,,,
,,,,,,,,,,,,,,,
,,,,,,,,,,,,,,,
,,,,,,,,,,,,,,,
,,,,,,,,,,,,,,,
,,,,,,,,,,,,,,,
,,,,,,,,,,,,,,,
,,,,,,,,,,,,,,,
,,,,,,,,,,,,,,,
,,,,,,,,,,,,,,,
,,,,,,,,,,,,,,,
,,,,,,,,,,,,,,,
,,,,,,,,,,,,,,,
,,,,,,,,,,,,,,,
,,,,,,,,,,,,,,,
,,,,,,,,,,,,,,,
,,,,,,,,,,,,,,,
,,,,,,,,,,,,,,,
,,,,,,,,,,,,,,,
,,,,,,,,,,,,,,,
,,,,,,,,,,,,,,,
,,,,,,,,,,,,,,,
,,,,,,,,,,,,,,,
,,,,,,,,,,,,,,,
,,,,,,,,,,,,,,,
,,,,,,,,,,,,,,,
,,,,,,,,,,,,,,,
,,,,,,,,,,,,,,,
,,,,,,,,,,,,,,,
,,,,,,,,,,,,,,,
,,,,,,,,,,,,,,,
,,,,,,,,,,,,,,,
,,,,,,,,,,,,,,,
,,,,,,,,,,,,,,,
,,,,,,,,,,,,,,,
,,,,,,,,,,,,,,,
,,,,,,,,,,,,,,,
,,,,,,,,,,,,,,,
,,,,,,,,,,,,,,,
,,,,,,,,,,,,,,,
,,,,,,,,,,,,,,,
,,,,,,,,,,,,,,,
,,,,,,,,,,,,,,,
,,,,,,,,,,,,,,,
,,,,,,,,,,,,,,,
,,,,,,,,,,,,,,,
,,,,,,,,,,,,,,,
,,,,,,,,,,,,,,,
,,,,,,,,,,,,,,,
,,,,,,,,,,,,,,,
,,,,,,,,,,,,,,,
,,,,,,,,,,,,,,,
,,,,,,,,,,,,,,,
,,,,,,,,,,,,,,,
,,,,,,,,,,,,,,,
,,,,,,,,,,,,,,,
,,,,,,,,,,,,,,,
,,,,,,,,,,,,,,,
,,,,,,,,,,,,,,,
,,,,,,,,,,,,,,,
,,,,,,,,,,,,,,,
,,,,,,,,,,,,,,,
,,,,,,,,,,,,,,,
,,,,,,,,,,,,,,,
,,,,,,,,,,,,,,,
,,,,,,,,,,,,,,,
,,,,,,,,,,,,,,,
,,,,,,,,,,,,,,,
,,,,,,,,,,,,,,,
,,,,,,,,,,,,,,,
,,,,,,,,,,,,,,,
,,,,,,,,,,,,,,,
,,,,,,,,,,,,,,,
,,,,,,,,,,,,,,,
,,,,,,,,,,,,,,,
,,,,,,,,,,,,,,,
,,,,,,,,,,,,,,,
,,,,,,,,,,,,,,,
,,,,,,,,,,,,,,,
,,,,,,,,,,,,,,,
,,,,,,,,,,,,,,,
,,,,,,,,,,,,,,,
,,,,,,,,,,,,,,,
,,,,,,,,,,,,,,,
,,,,,,,,,,,,,,,
,,,,,,,,,,,,,,,
,,,,,,,,,,,,,,,
,,,,,,,,,,,,,,,
,,,,,,,,,,,,,,,
,,,,,,,,,,,,,,,
,,,,,,,,,,,,,,,
,,,,,,,,,,,,,,,
,,,,,,,,,,,,,,,
,,,,,,,,,,,,,,,
,,,,,,,,,,,,,,,
,,,,,,,,,,,,,,,
,,,,,,,,,,,,,,,
,,,,,,,,,,,,,,,
,,,,,,,,,,,,,,,
,,,,,,,,,,,,,,,
,,,,,,,,,,,,,,,
,,,,,,,,,,,,,,,
,,,,,,,,,,,,,,,
,,,,,,,,,,,,,,,
,,,,,,,,,,,,,,,
,,,,,,,,,,,,,,,
,,,,,,,,,,,,,,,
,,,,,,,,,,,,,,,
,,,,,,,,,,,,,,,
,,,,,,,,,,,,,,,
,,,,,,,,,,,,,,,
,,,,,,,,,,,,,,,
,,,,,,,,,,,,,,,
,,,,,,,,,,,,,,,
,,,,,,,,,,,,,,,
,,,,,,,,,,,,,,,
,,,,,,,,,,,,,,,
,,,,,,,,,,,,,,,
,,,,,,,,,,,,,,,
,,,,,,,,,,,,,,,
,,,,,,,,,,,,,,,
,,,,,,,,,,,,,,,
,,,,,,,,,,,,,,,
,,,,,,,,,,,,,,,
,,,,,,,,,,,,,,,
,,,,,,,,,,,,,,,
,,,,,,,,,,,,,,,
,,,,,,,,,,,,,,,
,,,,,,,,,,,,,,,
,,,,,,,,,,,,,,,
,,,,,,,,,,,,,,,
,,,,,,,,,,,,,,,
,,,,,,,,,,,,,,,
