ASCOF Outcomes 2013-14,Proportion of adults with learning disabilities in paid employment,,,Proportion of adults with learning disabilities in paid employment,,,Proportion of adults with learning disabilities in paid employment,,,,,,
,TOTAL,,,MALE,,,FEMALE,,,,,,
,1E,1E,1E,1E,1E,1E,1E,1E,1E,,,,
,Numerator,Denominator,Outcome,Numerator,Denominator,Outcome,Numerator,Denominator,Outcome,,,,
,,,,,,,,,,,,,
,All clients within the denominator who are in paid employment,Number of working-age learning disabled clients known to CASSRs in the year to 31 March (aged 18 to 64),Working age learning disabled clients known to CASSRs in paid employment as a percentage of working-age learning disabled clients known to CASSRs in the year to 31 March (aged 18 to 64),All male clients within the denominator who are in paid employment,Number of working-age male learning disabled clients known to CASSRs in the year to 31 March (aged 18 to 64),Working age male learning disabled clients known to CASSRs in paid employment as a percentage of working-age male learning disabled clients known to CASSRs in the year to 31 March (aged 18 to 64),All female clients within the denominator who are in paid employment,Number of working-age female learning disabled clients known to CASSRs in the year to 31 March (aged 18 to 64),Working age female learning disabled clients known to CASSRs in paid employment as a percentage of working-age female learning disabled clients known to CASSRs in the year to 31 March (aged 18 to 64),,,,
,ASC-CAR - Table L1 sum of rows 1 - 5 col 9,ASC-CAR - Table L1 row 9 col 9,,ASC-CAR - Table L1 sum of rows 1 - 5 col 7,ASC-CAR - Table L1 row 9 col 7,,ASC-CAR - Table L1 sum of rows 1 - 5 col 8,ASC-CAR - Table L1 row 9 col 8,,,,,
,,,,,,,,,,,,,
Cumbria,70,"1,365",5.0,45,805,5.7,25,565,4.1,,,,
Northumberland,40,"1,325",3.1,25,775,3.1,15,550,3.1,,,,
Gateshead,35,550,6.2,20,335,6.2,15,215,6.1,,,,
Newcastle upon Tyne,60,840,6.9,40,485,8.0,20,355,5.4,,,,
North Tyneside,55,670,7.9,35,370,10.1,15,305,5.3,,,,
South Tyneside,-,500,-,-,-,-,-,-,-,,,,
Sunderland,55,825,6.8,35,470,7.5,20,355,5.9,,,,
Hartlepool,65,410,15.6,45,230,19.8,20,180,10.1,,,,
Middlesbrough,35,750,4.9,25,425,5.9,10,325,3.7,,,,
Redcar and Cleveland,30,510,6.3,15,300,5.6,15,210,7.2,,,,
Stockton-on-Tees,50,605,7.9,30,330,8.8,20,275,6.9,,,,
Durham,45,"1,725",2.7,25,"1,015",2.5,20,710,3.0,,,,
Darlington,30,400,7.5,15,220,6.4,15,180,8.9,,,,
Barnsley,20,650,2.8,10,370,2.7,10,275,2.9,,,,
Doncaster,55,755,7.3,40,415,9.4,15,345,4.7,,,,
Rotherham,45,750,6.0,35,455,7.5,10,300,3.7,,,,
Sheffield,65,"1,600",4.1,50,960,5.3,15,635,2.4,,,,
Bradford,70,"1,275",5.4,40,670,6.1,30,605,4.6,,,,
Calderdale,55,715,7.7,40,430,9.1,15,285,5.6,,,,
Kirklees,105,"1,145",9.4,75,670,11.2,30,470,6.8,,,,
Leeds,140,"1,880",7.4,75,"1,100",6.9,65,780,8.1,,,,
Wakefield,50,"1,165",4.1,30,645,4.3,20,520,3.8,,,,
East Riding of Yorkshire,50,875,5.7,30,505,6.2,20,375,5.1,,,,
Kingston upon Hull,-,670,-,-,-,-,-,-,-,,,,
North East Lincolnshire,65,365,17.6,25,210,11.8,40,150,25.7,,,,
North Lincolnshire,15,360,4.5,-,-,-,-,-,-,,,,
North Yorkshire,130,"1,830",7.2,60,740,7.8,75,"1,090",6.7,,,,
York,35,480,7.7,30,300,9.7,10,180,4.5,,,,
Bolton,10,710,1.4,-,-,-,-,-,-,,,,
Bury,35,430,8.6,30,255,11.0,10,175,5.1,,,,
Manchester,25,"1,305",1.8,15,790,2.1,5,515,1.4,,,,
Oldham,20,590,3.4,15,370,3.5,5,220,3.2,,,,
Rochdale,25,730,3.1,15,430,3.9,5,300,2.0,,,,
Salford,15,640,2.3,10,365,2.5,5,275,2.2,,,,
Stockport,90,740,12.2,70,455,14.9,20,285,7.7,,,,
Tameside,40,700,5.7,30,430,6.5,10,265,4.5,,,,
Trafford,75,595,12.4,35,255,13.3,40,340,11.7,,,,
Wigan,40,765,5.2,25,435,5.3,15,330,5.2,,,,
Knowsley,20,680,3.1,15,385,3.7,5,295,2.4,,,,
Liverpool,110,"1,425",7.6,85,840,9.9,25,580,4.3,,,,
Sefton,15,805,1.7,-,-,-,-,-,-,,,,
St. Helens,35,700,5.3,25,380,6.3,15,320,4.1,,,,
Wirral,75,"1,110",6.9,50,670,7.2,30,440,6.6,,,,
Halton,25,465,5.4,15,260,5.0,10,205,5.8,,,,
Warrington,35,525,6.5,20,305,7.2,10,220,5.5,,,,
Lancashire,130,"2,960",4.4,95,"1,755",5.3,40,"1,205",3.2,,,,
Blackburn with Darwen,10,415,2.2,-,-,-,-,-,-,,,,
Blackpool,10,410,2.4,-,-,-,-,-,-,,,,
Cheshire East,90,"1,005",8.8,55,590,9.2,35,415,8.2,,,,
Cheshire West and Chester,60,"1,060",5.5,30,600,5.3,25,460,5.7,,,,
Warwickshire,95,"1,280",7.3,55,735,7.5,40,545,7.0,,,,
Birmingham,50,"3,000",1.7,30,"1,780",1.7,20,"1,220",1.6,,,,
Coventry,50,830,6.3,35,490,7.6,15,340,4.4,,,,
Dudley,55,795,7.0,35,480,6.9,25,315,7.3,,,,
Sandwell,15,760,2.1,-,-,-,-,-,-,,,,
Solihull,50,620,8.3,35,360,10.0,15,260,5.8,,,,
Walsall,40,660,5.9,30,360,8.1,10,300,3.3,,,,
Wolverhampton,15,625,2.2,-,-,-,-,-,-,,,,
Staffordshire,110,"2,095",5.2,80,"1,225",6.4,30,870,3.4,,,,
Stoke-on-Trent,40,820,4.6,20,465,4.8,15,360,4.5,,,,
Herefordshire,25,540,4.5,15,305,5.3,10,235,3.4,,,,
Worcestershire,65,"1,320",4.9,40,775,5.0,25,545,4.8,,,,
Shropshire,75,685,11.2,55,420,12.6,25,265,9.0,,,,
Telford and the Wrekin,15,415,4.1,10,240,4.6,5,175,3.5,,,,
Lincolnshire,75,"1,740",4.2,50,990,5.0,25,750,3.1,,,,
Northamptonshire,65,"1,835",3.4,40,"1,055",3.6,25,785,3.2,,,,
Derbyshire,75,"1,895",4.1,50,"1,130",4.6,25,765,3.3,,,,
Derby,45,600,7.4,20,350,5.7,25,250,9.6,,,,
Leicestershire,25,"1,070",2.5,20,660,3.0,5,410,1.7,,,,
Leicester,95,"1,210",7.7,60,705,8.8,30,505,6.1,,,,
Rutland,10,60,13.8,-,-,-,-,-,-,,,,
Nottinghamshire,185,"2,560",7.2,135,"1,545",8.8,50,"1,015",4.8,,,,
Nottingham,15,910,1.8,-,-,-,-,-,-,,,,
Hertfordshire,175,"3,305",5.2,105,"1,895",5.6,65,"1,410",4.7,,,,
Norfolk,175,"2,450",7.1,100,"1,400",7.1,75,"1,050",7.1,,,,
Oxfordshire,150,"1,595",9.5,100,910,11.0,50,685,7.4,,,,
Suffolk,100,"1,670",6.1,75,965,7.7,25,705,3.8,,,,
Luton,80,630,13.0,60,395,15.2,20,235,9.4,,,,
Buckinghamshire,185,"1,125",16.3,100,620,16.3,80,505,16.3,,,,
Milton Keynes,70,585,11.7,40,330,12.2,30,255,11.0,,,,
Bracknell Forest,55,310,17.4,30,205,15.0,25,105,22.3,,,,
West Berkshire,15,390,3.3,-,-,-,-,-,-,,,,
Reading,35,475,7.8,25,275,9.1,10,200,6.0,,,,
Slough,15,280,5.7,-,-,-,-,-,-,,,,
Windsor and Maidenhead,45,310,15.1,30,165,19.6,15,150,10.1,,,,
Wokingham,70,470,15.1,45,295,15.3,25,175,14.8,,,,
Essex,345,"3,490",9.9,205,"2,035",10.1,140,"1,455",9.6,,,,
Southend-on-Sea,45,515,8.9,30,280,10.7,15,235,6.9,,,,
Thurrock,20,360,6.1,15,225,7.1,5,135,4.4,,,,
Cambridgeshire,75,"1,590",4.8,45,915,5.1,30,675,4.3,,,,
Peterborough,55,655,8.4,30,360,8.9,25,295,7.8,,,,
Bedford,30,545,5.3,20,325,5.5,10,220,5.0,,,,
Central Bedfordshire,25,590,4.2,15,350,4.8,10,240,3.3,,,,
Camden,30,460,6.5,15,275,5.5,15,190,8.0,,,,
Greenwich,35,590,6.0,15,335,4.8,20,255,7.5,,,,
Hackney,20,490,4.5,15,305,4.2,10,185,4.9,,,,
Hammersmith and Fulham,-,345,-,-,-,-,-,-,-,,,,
Islington,50,455,10.8,30,260,11.9,20,195,9.3,,,,
Kensington and Chelsea,30,220,13.3,20,130,16.4,10,90,8.9,,,,
Lambeth,15,635,2.7,10,340,2.4,10,295,3.1,,,,
Lewisham,75,780,9.9,50,460,10.9,25,320,8.4,,,,
Southwark,25,670,4.0,15,415,3.9,10,255,4.3,,,,
Tower Hamlets,40,645,6.2,25,370,7.0,15,275,5.1,,,,
Wandsworth,70,745,9.2,40,445,8.9,30,300,9.7,,,,
Westminster,35,450,7.8,20,240,7.5,15,210,8.2,,,,
City of London,-,15,-,-,-,-,-,-,-,,,,
Barking and Dagenham,30,475,6.7,25,285,8.4,10,190,4.2,,,,
Barnet,75,780,9.4,45,440,10.2,30,340,8.3,,,,
Bexley,90,400,23.1,60,250,23.4,35,145,22.6,,,,
Brent,15,635,2.1,-,-,-,-,-,-,,,,
Bromley,145,"1,260",11.5,90,780,11.8,55,475,11.1,,,,
Croydon,45,840,5.6,30,480,6.7,15,360,4.2,,,,
Ealing,80,860,9.2,55,530,10.6,25,330,6.9,,,,
Enfield,150,865,17.5,95,535,18.1,55,330,16.4,,,,
Haringey,40,725,5.6,30,435,6.6,10,290,4.1,,,,
Harrow,90,455,19.6,45,245,17.4,45,210,22.1,,,,
Havering,45,545,8.3,30,320,9.0,15,220,7.2,,,,
Hillingdon,10,650,1.4,-,-,-,-,-,-,,,,
Hounslow,75,690,10.6,45,405,11.4,25,285,9.5,,,,
Kingston upon Thames,65,440,14.3,45,255,17.6,20,185,9.6,,,,
Merton,60,540,11.3,50,330,14.6,15,215,6.1,,,,
Newham,15,630,2.7,-,-,-,-,-,-,,,,
Redbridge,100,655,15.2,45,360,12.3,55,300,18.8,,,,
Richmond upon Thames,55,375,14.2,30,220,14.4,20,150,13.8,,,,
Sutton,20,475,4.4,15,280,5.4,5,195,3.1,,,,
Waltham Forest,75,625,12.0,45,365,11.8,30,260,12.3,,,,
Isle of Wight,40,565,7.4,35,360,9.7,5,205,3.4,,,,
Surrey,335,"3,360",10.0,220,"1,995",11.0,115,"1,360",8.5,,,,
West Sussex,25,"1,720",1.5,20,"1,000",1.9,5,725,0.8,,,,
Dorset,45,"1,060",4.2,30,610,4.7,15,450,3.6,,,,
Bournemouth,60,570,10.7,40,310,12.8,20,260,8.1,,,,
Poole,45,445,9.6,20,260,8.1,20,185,11.8,,,,
Hampshire,185,"3,125",6.0,120,"1,825",6.5,70,"1,295",5.2,,,,
Portsmouth,50,515,9.6,30,300,10.7,15,215,7.9,,,,
Southampton,45,605,7.3,30,345,9.3,10,260,4.6,,,,
East Sussex,105,"1,315",7.8,70,755,9.0,35,560,6.3,,,,
Brighton and Hove,100,745,13.7,70,440,15.6,35,300,11.0,,,,
Wiltshire,190,"1,110",16.9,120,635,18.8,70,480,14.4,,,,
Swindon,25,570,4.2,10,320,3.7,10,250,4.8,,,,
Kent,215,"3,355",6.4,140,"1,980",7.0,75,"1,375",5.5,,,,
Medway Towns,5,635,0.9,-,-,-,-,-,-,,,,
Cornwall,65,"1,825",3.7,50,"1,045",4.6,20,780,2.4,,,,
Gloucestershire,220,"1,750",12.6,140,995,14.0,80,755,10.7,,,,
Somerset,80,"1,530",5.2,60,870,6.8,20,660,3.2,,,,
Isles of Scilly,-,-,-,-,-,-,-,-,-,,,,
Bath and North East Somerset,35,430,8.6,25,250,9.6,15,180,7.3,,,,
Bristol,65,"1,090",5.8,45,655,6.8,20,430,4.2,,,,
North Somerset,55,450,11.8,35,265,12.4,20,185,10.9,,,,
South Gloucestershire,95,760,12.4,60,440,13.3,35,320,11.0,,,,
Devon,200,"2,175",9.2,125,"1,230",10.2,75,940,7.9,,,,
Plymouth,45,"1,045",4.5,30,580,4.8,20,465,4.1,,,,
Torbay,15,415,4.1,10,220,3.7,10,195,4.6,,,,
,,,,,,,,,,,,,
ENGLAND,"9,580","141,980",6.7,"6,120","82,420",7.4,"3,460","59,560",5.8,,,,
Number of councils the national total is based on,152,152,152,152,152,152,152,152,152,,,,
,,,,,,,,,,,,,
Shire Counties,"3,640","54,565",6.7,"2,320","31,415",7.4,"1,320","23,145",5.7,,,,
Unitary Authorities,"2,510","35,480",7.1,"1,590","20,575",7.7,920,"14,905",6.2,,,,
Metropolitan Districts,"1,715","32,525",5.3,"1,140","18,970",6.0,575,"13,555",4.2,,,,
Inner London,435,"6,500",6.7,260,"3,785",6.8,175,"2,715",6.5,,,,
Outer London,"1,280","12,915",9.9,810,"7,675",10.6,470,"5,240",8.9,,,,
,,,,,,,,,,,,,
North East,500,"9,105",5.5,315,"5,250",6.0,190,"3,855",4.9,,,,
North West,"1,055","20,130",5.2,695,"11,775",5.9,360,"8,355",4.3,,,,
Yorkshire and the Humber,905,"14,510",6.2,550,"8,070",6.8,355,"6,440",5.5,,,,
East Midlands,585,"11,880",4.9,395,"7,005",5.6,190,"4,875",3.9,,,,
West Midlands,700,"14,445",4.9,465,"8,475",5.5,235,"5,970",4.0,,,,
South West,"1,240","15,230",8.1,790,"8,690",9.1,450,"6,535",6.9,,,,
Eastern,"1,130","15,795",7.2,705,"9,140",7.7,425,"6,655",6.4,,,,
London,"1,715","19,415",8.8,"1,070","11,455",9.3,645,"7,955",8.1,,,,
South East,"1,750","21,475",8.1,"1,130","12,555",9.0,615,"8,915",6.9,,,,
,,,,,,,,,,,,,
,,,,,,,,,,,,,
Notes:,,,,,,,,,,,,,
..  represents data that are unavailable.,,,,,,,,,,,,,
"-  means constituent values less than six are suppressed. However, for Delayed Transfers of Care data (which are averages of 12 monthly values) the equivalent suppression is achieved by suppressing 
    annual values less than 0.5 (6/12) and for survey data, values of less than three are supressed. Where elements of an indicator are suppressed the indicator itself is also suppressed. 
    Measure 1F and 1H for 2013-14 have outcome data (the annual outcome is based on an average of the monthly outcomes), but not numerators and denominators, which are available for each month 
    with the ASCOF publication on the HSCIC website http://www.hscic.gov.uk/pubs/adusoccareof1314fin . Outcomes for 1F and 1H have been suppressed if the annual average numerator or 
   denominator is less than 0.5 (6/12).",,,,,,,,,,,,,
"1. Numerator and denominator values used to calculate the indicator are rounded to the nearest five. The exception is for Measure 2C, where the numerators are rounded to the nearest one.",,,,,,,,,,,,,
"2. 1A, 1B, 1D, 1I, 3A, 3B, 3C, 3D, 4A and 4B are based on survey data. The base for 1A, 1B, 1I, 3A, 3D, 4A and 4B (i.e. the number of responses on which the outcome is based) should be taken into 
    account when assessing the reliability of the outcome values. Outcomes based on a small base should be treated with caution.",,,,,,,,,,,,,
"3. 1A, 1B, 1I(1), 3A, 3D(1), 4A and 4B have been weighted to reflect that a stratified sample was taken and to account for non-response bias.",,,,,,,,,,,,,
"4. 1D, 1I(2), 3B, 3C and 3D(2) are based solely on the Carers' survey. This is a biennial survey which took place for the first time in 2012-13, therefore no data are available for 2013-14.",,,,,,,,,,,,,
,,,,,,,,,,,,,
,,,,,,,,,,,,,
,,,,,,,,,,,,,
,,,,,,,,,,,,,
,,,,,,,,,,,,,
,,,,,,,,,,,,,
,,,,,,,,,,,,,
,,,,,,,,,,,,,
,,,,,,,,,,,,,
,,,,,,,,,,,,,
,,,,,,,,,,,,,
,,,,,,,,,,,,,
,,,,,,,,,,,,,
,,,,,,,,,,,,,
,,,,,,,,,,,,,
,,,,,,,,,,,,,
,,,,,,,,,,,,,
,,,,,,,,,,,,,
,,,,,,,,,,,,,
,,,,,,,,,,,,,
,,,,,,,,,,,,,
,,,,,,,,,,,,,
,,,,,,,,,,,,,
,,,,,,,,,,,,,
,,,,,,,,,,,,,
,,,,,,,,,,,,,
,,,,,,,,,,,,,
,,,,,,,,,,,,,
,,,,,,,,,,,,,
,,,,,,,,,,,,,
,,,,,,,,,,,,,
,,,,,,,,,,,,,
,,,,,,,,,,,,,
,,,,,,,,,,,,,
,,,,,,,,,,,,,
,,,,,,,,,,,,,
,,,,,,,,,,,,,
,,,,,,,,,,,,,
,,,,,,,,,,,,,
,,,,,,,,,,,,,
,,,,,,,,,,,,,
,,,,,,,,,,,,,
,,,,,,,,,,,,,
,,,,,,,,,,,,,
,,,,,,,,,,,,,
,,,,,,,,,,,,,
,,,,,,,,,,,,,
,,,,,,,,,,,,,
,,,,,,,,,,,,,
,,,,,,,,,,,,,
,,,,,,,,,,,,,
,,,,,,,,,,,,,
,,,,,,,,,,,,,
,,,,,,,,,,,,,
,,,,,,,,,,,,,
,,,,,,,,,,,,,
,,,,,,,,,,,,,
,,,,,,,,,,,,,
,,,,,,,,,,,,,
,,,,,,,,,,,,,
,,,,,,,,,,,,,
,,,,,,,,,,,,,
,,,,,,,,,,,,,
,,,,,,,,,,,,,
,,,,,,,,,,,,,
,,,,,,,,,,,,,
,,,,,,,,,,,,,
,,,,,,,,,,,,,
,,,,,,,,,,,,,
,,,,,,,,,,,,,
,,,,,,,,,,,,,
,,,,,,,,,,,,,
,,,,,,,,,,,,,
,,,,,,,,,,,,,
,,,,,,,,,,,,,
,,,,,,,,,,,,,
,,,,,,,,,,,,,
,,,,,,,,,,,,,
,,,,,,,,,,,,,
,,,,,,,,,,,,,
,,,,,,,,,,,,,
,,,,,,,,,,,,,
,,,,,,,,,,,,,
,,,,,,,,,,,,,
,,,,,,,,,,,,,
,,,,,,,,,,,,,
,,,,,,,,,,,,,
,,,,,,,,,,,,,
,,,,,,,,,,,,,
,,,,,,,,,,,,,
,,,,,,,,,,,,,
,,,,,,,,,,,,,
,,,,,,,,,,,,,
,,,,,,,,,,,,,
,,,,,,,,,,,,,
,,,,,,,,,,,,,
,,,,,,,,,,,,,
,,,,,,,,,,,,,
,,,,,,,,,,,,,
,,,,,,,,,,,,,
,,,,,,,,,,,,,
,,,,,,,,,,,,,
,,,,,,,,,,,,,
,,,,,,,,,,,,,
,,,,,,,,,,,,,
,,,,,,,,,,,,,
,,,,,,,,,,,,,
,,,,,,,,,,,,,
,,,,,,,,,,,,,
,,,,,,,,,,,,,
,,,,,,,,,,,,,
,,,,,,,,,,,,,
,,,,,,,,,,,,,
,,,,,,,,,,,,,
,,,,,,,,,,,,,
,,,,,,,,,,,,,
,,,,,,,,,,,,,
,,,,,,,,,,,,,
,,,,,,,,,,,,,
,,,,,,,,,,,,,
,,,,,,,,,,,,,
,,,,,,,,,,,,,
,,,,,,,,,,,,,
,,,,,,,,,,,,,
,,,,,,,,,,,,,
,,,,,,,,,,,,,
,,,,,,,,,,,,,
,,,,,,,,,,,,,
,,,,,,,,,,,,,
,,,,,,,,,,,,,
,,,,,,,,,,,,,
,,,,,,,,,,,,,
,,,,,,,,,,,,,
,,,,,,,,,,,,,
,,,,,,,,,,,,,
,,,,,,,,,,,,,
,,,,,,,,,,,,,
,,,,,,,,,,,,,
,,,,,,,,,,,,,
,,,,,,,,,,,,,
,,,,,,,,,,,,,
,,,,,,,,,,,,,
,,,,,,,,,,,,,
,,,,,,,,,,,,,
,,,,,,,,,,,,,
,,,,,,,,,,,,,
,,,,,,,,,,,,,
,,,,,,,,,,,,,
,,,,,,,,,,,,,
,,,,,,,,,,,,,
,,,,,,,,,,,,,
,,,,,,,,,,,,,
,,,,,,,,,,,,,
,,,,,,,,,,,,,
,,,,,,,,,,,,,
,,,,,,,,,,,,,
,,,,,,,,,,,,,
,,,,,,,,,,,,,
,,,,,,,,,,,,,
,,,,,,,,,,,,,
,,,,,,,,,,,,,
,,,,,,,,,,,,,
,,,,,,,,,,,,,
,,,,,,,,,,,,,
,,,,,,,,,,,,,
,,,,,,,,,,,,,
,,,,,,,,,,,,,
,,,,,,,,,,,,,
,,,,,,,,,,,,,
,,,,,,,,,,,,,
,,,,,,,,,,,,,
,,,,,,,,,,,,,
,,,,,,,,,,,,,
,,,,,,,,,,,,,
,,,,,,,,,,,,,
,,,,,,,,,,,,,
,,,,,,,,,,,,,
,,,,,,,,,,,,,
,,,,,,,,,,,,,
,,,,,,,,,,,,,
,,,,,,,,,,,,,
,,,,,,,,,,,,,
,,,,,,,,,,,,,
,,,,,,,,,,,,,
,,,,,,,,,,,,,
,,,,,,,,,,,,,
,,,,,,,,,,,,,
,,,,,,,,,,,,,
,,,,,,,,,,,,,
,,,,,,,,,,,,,
,,,,,,,,,,,,,
,,,,,,,,,,,,,
,,,,,,,,,,,,,
,,,,,,,,,,,,,
,,,,,,,,,,,,,
,,,,,,,,,,,,,
,,,,,,,,,,,,,
,,,,,,,,,,,,,
,,,,,,,,,,,,,
,,,,,,,,,,,,,
