ASCOF Outcomes 2013-14,Proportion of people who use services who reported that they had as much social contact as they would like,,,Proportion of people who use services who reported that they had as much social contact as they would like,,,Proportion of people who use services who reported that they had as much social contact as they would like,,,Proportion of people who use services who reported that they had as much social contact as they would like,,,Proportion of people who use services who reported that they had as much social contact as they would like,,,
,TOTAL,,,MALE,,,FEMALE,,,18 to 64,,,65 and over,,,
,1I1,1I1,1I1,1I1,1I1,1I1,1I1,1I1,1I1,1I1,1I1,1I1,1I1,1I1,1I1,
,Confidence Interval,Base,Outcome,Confidence Interval,Base,Outcome,Confidence Interval,Base,Outcome,Confidence Interval,Base,Outcome,Confidence Interval,Base,Outcome,
,,,,,,,,,,,,,,,,
,,Number of respondents who have answered ASCS question 8a ,Number of respondents who answered 'I have as much social contact as I want with people I like' as a percentage of all respondents to ASCS question 8a,,Number of male respondents who have answered ASCS question 8a ,Number of male respondents who answered 'I have as much social contact as I want with people I like' as a percentage of all male respondents to ASCS question 8a ,,Number of female respondents who have answered ASCS question 8a ,Number of female respondents who answered 'I have as much social contact as I want with people I like' as a percentage of all female respondents to ASCS question 8a ,,Number of respondents (aged 18 to 64) that have answered ASCS question 8a ,Number of respondents (aged 18 to 64) who answered 'I have as much social contact as I want with people I like' as a percentage of all respondents (aged 18 to 64) to ASCS question 8a ,,Number of respondents (aged 65 and over) that have answered ASCS question 8a ,Number of respondents (aged 65 and over) who answered 'I have as much social contact as I want with people I like' as a percentage of all respondents (aged 65 and over) to ASCS question 8a ,
,,ASCS - question 8a,"* Outcome is a
  weighted value",,ASCS - question 8a,"* Outcome is a
  weighted value",,ASCS - question 8a,"* Outcome is a
  weighted value",,ASCS - question 8a,"* Outcome is a
  weighted value",,ASCS - question 8a,"* Outcome is a
  weighted value",
,1I1 Confidence Interval,1I1 Base,1I1 Outcome,1I1 MALE Confidence Interval,1I1 MALE Base,1I1 MALE Outcome,1I1 FEMALE Confidence Interval,1I1 FEMALE Base,1I1 FEMALE Outcome,1I1 18 to 64 Confidence Interval,1I1 18 to 64 Base,1I1 18 to 64 Outcome,1I1 65 and over Confidence Interval,1I1 65 and over Base,1I1 65 and over Outcome, 
Cumbria,4.3,495,47.9,6.8,205,52.1,5.5,290,45.1,7.2,170,47.9,5.3,325,47.9,
Northumberland,4.3,470,50.0,7.1,190,48.3,5.7,280,51.2,6.8,170,50.5,5.5,300,49.8,
Gateshead,4.3,460,44.8,6.9,175,43.8,5.6,285,45.4,7.7,145,46.4,5.1,315,44.2,
Newcastle upon Tyne,4.6,410,50.8,7.3,175,56.1,6.1,235,46.8,7.5,150,55.1,5.8,260,48.3,
North Tyneside,4.2,485,51.6,6.9,190,56.9,5.6,295,48.7,5.3,240,60.5,5.8,245,46.6,
South Tyneside,4.9,340,47.8,8.5,125,47.5,6.3,215,47.9,9.2,95,47.1,5.9,245,48.0,
Sunderland,3.9,525,53.1,6.3,200,57.8,5.2,320,50.2,6.3,195,53.9,4.9,330,52.7,
Hartlepool,3.8,545,49.4,6.5,195,52.0,4.9,350,47.8,6.3,140,45.6,4.7,405,51.1,
Middlesbrough,3.9,470,52.4,6.5,200,49.2,5.4,270,54.7,6.0,195,57.2,5.3,270,49.2,
Redcar and Cleveland,4.4,405,41.2,8.5,130,47.9,5.3,280,38.1,8.1,120,44.2,5.3,290,39.9,
Stockton-on-Tees,4.2,490,43.0,7.6,170,42.4,5.3,320,43.3,6.9,185,42.3,5.4,305,43.3,
Durham,4.4,455,51.0,7.1,180,50.0,5.8,275,51.6,8.0,130,52.3,5.3,320,50.2,
Darlington,5.2,320,44.0,8.5,135,46.3,7.0,185,42.4,8.9,110,40.5,6.5,215,45.8,
Barnsley,5.6,365,41.4,10.2,130,50.1,6.7,235,36.1,11.2,105,48.3,5.5,260,36.5,
Doncaster,4.9,395,40.6,8.0,160,47.4,6.4,230,36.1,6.6,190,44.0,7.0,205,38.1,
Rotherham,4.4,420,43.2,7.6,145,50.9,5.5,275,39.2,6.5,185,47.4,5.9,235,40.1,
Sheffield,5.0,380,43.1,9.1,115,45.6,6.1,265,42.0,8.2,120,39.5,6.3,260,44.9,
Bradford,4.3,785,49.0,6.6,340,47.0,5.8,445,50.5,7.2,295,52.8,5.1,495,45.8,
Calderdale,4.1,470,44.6,6.9,205,45.9,5.4,265,43.8,5.7,205,41.2,5.5,265,46.4,
Kirklees,3.6,680,44.5,6.1,255,42.6,4.7,425,45.5,6.7,210,44.9,4.3,475,44.3,
Leeds,4.3,465,43.9,7.6,165,47.4,5.4,300,41.6,8.0,140,46.0,5.1,325,42.7,
Wakefield,4.7,400,43.9,7.7,145,49.1,5.8,255,41.0,8.0,140,45.5,5.8,260,43.0,
East Riding of Yorkshire,3.3,850,48.5,5.3,345,50.8,4.4,500,47.1,4.2,385,47.7,4.4,460,48.9,
Kingston upon Hull,4.5,400,44.5,7.2,150,44.6,5.9,250,44.5,8.1,125,43.3,5.4,275,45.1,
North East Lincolnshire,4.9,370,47.8,8.5,140,47.7,6.4,230,47.8,7.8,125,39.8,6.2,245,51.0,
North Lincolnshire,4.7,325,46.2,8.7,105,48.6,5.7,220,45.1,7.3,130,41.0,6.3,195,50.1,
North Yorkshire,4.4,485,42.3,7.1,195,46.1,5.7,295,39.8,8.3,135,49.0,5.2,350,39.4,
York,3.7,600,43.0,6.4,220,41.7,4.8,380,43.8,7.8,135,41.8,4.2,465,43.4,
Bolton,4.2,620,41.0,6.8,245,39.3,5.6,375,42.3,6.9,175,36.6,5.2,445,44.9,
Bury,4.7,350,36.7,7.1,140,30.5,6.4,205,40.9,7.2,160,40.2,6.2,185,33.7,
Manchester,5.1,355,44.7,8.1,145,48.3,6.7,215,42.3,7.7,150,47.0,6.7,205,42.6,
Oldham,5.4,335,44.5,8.5,140,37.5,7.3,195,49.8,8.7,110,37.7,6.9,225,48.4,
Rochdale,4.0,505,41.3,6.7,195,43.6,5.2,310,39.8,6.4,180,38.5,5.1,325,43.0,
Salford,2.6,1180,38.0,4.2,485,36.9,3.6,690,38.6,3.5,525,35.7,3.6,650,39.1,
Stockport,4.6,425,43.2,6.9,195,40.5,6.5,230,45.4,7.7,160,44.5,5.8,265,42.3,
Tameside,4.5,405,41.3,7.6,155,40.6,5.8,250,41.8,8.1,120,40.9,5.4,285,41.6,
Trafford,5.2,355,44.1,9.1,130,46.5,6.5,230,42.7,10.1,95,45.7,5.8,260,43.2,
Wigan,4.5,405,44.6,7.5,155,49.7,5.8,250,41.4,7.9,125,45.5,5.6,280,44.1,
Knowsley,4.2,470,52.1,6.8,205,48.5,5.9,265,54.9,6.8,180,53.6,5.5,290,51.2,
Liverpool,3.8,635,46.1,5.7,295,49.4,5.3,340,43.7,5.9,270,50.8,4.9,365,43.9,
Sefton,4.6,395,48.5,7.1,160,47.9,6.2,235,48.9,7.7,135,45.7,5.8,255,49.9,
St. Helens,5.7,310,46.4,10.2,105,50.5,7.1,205,44.2,12.9,75,49.9,6.3,240,45.3,
Wirral,4.1,535,46.3,7.0,200,46.0,5.3,335,46.4,7.3,170,42.4,5.0,365,47.7,
Halton,3.7,590,49.2,6.4,235,50.4,5.0,355,48.5,5.6,195,49.3,4.6,395,49.2,
Warrington,5.2,365,47.2,8.7,130,43.7,6.6,235,48.8,7.6,130,50.9,6.7,235,45.6,
Lancashire,4.4,430,49.2,7.4,165,53.8,5.6,265,46.4,6.6,175,49.6,5.9,255,48.9,
Blackburn with Darwen,3.6,365,54.4,8.2,120,53.3,4.8,245,54.9,6.0,105,64.1,4.4,260,51.5,
Blackpool,4.4,385,47.7,5.7,245,46.9,7.8,145,49.1,8.5,110,44.5,5.2,275,48.9,
Cheshire East,5.2,340,45.4,8.8,130,45.9,6.7,215,45.1,8.3,130,41.5,6.5,210,48.4,
Cheshire West and Chester,4.1,680,44.5,6.8,290,42.0,5.4,395,46.0,6.0,410,46.8,5.7,270,42.1,
Warwickshire,4.2,485,45.6,7.2,180,47.2,5.2,305,44.7,7.9,140,54.1,4.9,345,42.0,
Birmingham,4.2,490,46.8,6.5,205,50.3,5.6,285,44.3,6.8,180,52.4,5.2,310,44.3,
Coventry,4.9,385,47.7,8.4,145,47.2,6.2,245,48.0,8.3,140,48.3,6.1,250,47.4,
Dudley,3.6,620,49.6,5.9,270,50.6,4.8,350,48.9,5.1,280,57.2,4.7,340,46.2,
Sandwell,4.6,405,47.5,8.0,145,44.2,5.8,260,49.2,7.5,150,56.0,5.8,255,43.9,
Solihull,3.7,535,41.0,6.2,210,40.1,5.0,325,41.5,6.2,180,43.1,4.6,350,39.8,
Walsall,2.5,1080,45.8,4.5,405,46.6,3.5,670,45.4,3.9,380,51.3,3.3,700,43.3,
Wolverhampton,5.0,325,45.2,7.7,145,44.3,7.0,180,45.9,8.9,110,48.7,6.2,215,43.5,
Staffordshire,5.4,365,44.7,9.3,120,39.4,6.5,240,47.3,9.3,100,48.5,6.7,260,42.7,
Stoke-on-Trent,4.9,360,41.4,8.0,140,35.9,6.3,220,45.0,8.3,120,38.4,6.2,240,43.3,
Herefordshire,4.8,370,46.0,9.0,130,46.1,5.8,240,46.0,9.4,100,53.4,5.4,270,41.9,
Worcestershire,4.4,435,45.3,7.0,185,48.8,5.9,250,42.8,7.3,150,47.2,5.6,285,44.4,
Shropshire,5.0,330,38.8,7.7,130,36.5,6.7,195,40.3,7.3,150,36.0,7.0,180,41.2,
Telford and the Wrekin,4.4,430,45.4,7.0,185,42.5,6.0,245,47.3,6.2,205,44.6,6.0,225,45.8,
Lincolnshire,4.5,430,44.9,7.8,150,44.1,5.5,285,45.3,8.6,110,38.0,5.2,325,47.5,
Northamptonshire,4.4,430,43.2,7.8,155,47.8,5.5,275,40.8,7.1,170,53.8,5.6,260,38.1,
Derbyshire,3.8,685,43.4,6.0,295,45.7,4.9,390,42.0,5.1,315,47.3,4.8,370,41.9,
Derby,4.4,425,46.0,7.7,155,48.1,5.7,270,44.7,7.8,140,50.4,5.4,285,43.6,
Leicestershire,4.8,390,44.6,7.8,150,39.9,6.3,240,47.4,8.6,130,48.5,5.9,260,42.8,
Leicester,3.7,600,39.0,5.7,280,41.5,5.1,320,37.1,5.0,310,41.3,5.3,290,37.3,
Rutland,5.6,135,35.8,15.5,40,45.0,6.9,95,32.1,10.9,35,41.1,6.6,95,33.6,
Nottinghamshire,4.9,370,41.3,8.6,130,45.2,6.1,235,39.1,8.3,130,46.3,6.0,235,38.4,
Nottingham,4.0,535,41.7,6.5,225,45.2,5.2,315,39.5,6.8,200,46.3,4.9,335,39.6,
Hertfordshire,4.6,340,41.0,8.1,130,37.8,6.2,210,42.8,6.7,135,36.6,6.3,205,43.6,
Norfolk,4.6,440,48.8,7.8,160,49.9,5.7,280,48.2,8.2,125,51.0,5.5,310,47.7,
Oxfordshire,4.4,485,49.4,7.2,185,52.8,5.7,295,47.4,6.0,240,48.7,6.1,245,49.9,
Suffolk,3.9,675,42.2,6.6,240,40.1,4.9,435,43.3,5.9,270,45.7,4.9,410,40.6,
Luton,3.8,510,41.5,6.0,230,41.4,5.5,280,41.5,5.7,230,41.7,5.2,280,41.3,
Buckinghamshire,4.0,500,38.4,6.5,185,38.3,5.2,315,38.4,8.0,130,44.3,4.7,370,36.0,
Milton Keynes,4.2,465,43.6,7.1,180,42.5,5.7,285,44.2,7.5,145,44.4,5.2,325,43.2,
Bracknell Forest,2.7,725,41.5,5.2,285,40.8,3.9,440,42.0,4.1,325,43.0,3.8,400,40.2,
West Berkshire,4.1,450,39.0,6.8,175,34.5,5.5,270,42.0,6.6,160,37.4,5.2,290,40.2,
Reading,4.2,425,44.9,6.9,185,45.1,5.9,240,44.7,6.5,165,45.2,5.4,260,44.7,
Slough,4.4,340,37.5,8.5,130,45.4,5.6,210,33.2,6.4,170,42.9,6.2,170,33.4,
Windsor and Maidenhead,4.7,315,39.1,8.9,105,35.2,5.9,210,41.1,8.1,110,49.1,5.7,205,33.3,
Wokingham,4.8,315,47.9,8.1,135,50.9,6.6,175,45.7,7.0,150,48.2,6.7,165,47.6,
Essex,3.1,690,44.4,5.6,270,46.1,4.2,420,43.4,4.9,275,45.1,4.1,410,44.0,
Southend-on-Sea,4.6,385,42.1,8.3,125,40.0,5.8,260,43.1,8.1,115,46.9,5.6,270,40.2,
Thurrock,4.7,365,42.3,9.5,105,46.5,5.7,260,40.5,10.7,75,44.6,5.3,295,41.5,
Cambridgeshire,4.0,535,45.8,6.5,210,40.6,5.3,325,49.0,6.8,195,49.5,5.1,345,43.7,
Peterborough,3.6,575,42.4,6.4,215,41.4,4.8,360,43.0,6.4,185,39.3,4.4,390,44.2,
Bedford,4.2,430,42.6,7.1,170,45.1,5.6,260,40.9,7.0,150,42.6,5.3,280,42.5,
Central Bedfordshire,4.3,445,45.8,7.0,175,40.2,5.7,270,49.3,7.3,145,46.7,5.3,300,45.4,
Camden,4.4,385,36.7,6.8,165,36.7,6.5,200,36.4,6.6,165,33.1,6.1,220,40.2,
Greenwich,4.6,395,43.4,7.5,155,41.2,6.1,235,44.9,6.4,200,43.2,6.7,195,43.7,
Hackney,5.1,310,37.2,8.6,120,39.1,6.6,190,36.1,6.9,170,34.2,7.8,140,40.8,
Hammersmith and Fulham,5.0,340,38.4,8.0,145,41.2,6.6,200,36.4,9.0,105,37.5,5.9,235,38.9,
Islington,2.6,990,42.3,4.4,420,45.3,3.6,570,40.0,4.1,395,39.1,3.4,595,44.8,
Kensington and Chelsea,5.0,335,37.8,8.4,130,36.0,6.7,205,39.0,7.1,145,34.4,6.7,190,39.5,
Lambeth,4.5,425,38.9,7.2,180,42.3,6.0,245,36.6,6.2,220,39.1,6.5,205,38.8,
Lewisham,3.4,760,39.9,5.4,360,46.5,4.6,405,34.3,5.0,385,41.0,4.6,375,39.0,
Southwark,2.3,1255,41.5,4.0,510,42.5,3.3,740,40.8,3.6,465,44.3,3.0,790,39.9,
Tower Hamlets,2.4,1105,38.9,3.9,490,38.1,3.5,610,39.5,3.8,440,37.1,3.1,665,40.3,
Wandsworth,3.2,690,43.6,5.2,310,43.3,4.6,380,43.9,4.6,335,44.1,4.6,355,43.2,
Westminster,4.8,370,41.8,7.7,150,39.0,6.4,220,43.6,6.5,185,37.3,6.9,190,45.1,
City of London,..,..,..,..,..,..,..,..,..,..,..,..,..,..,..,
Barking and Dagenham,6.4,345,47.6,10.2,135,45.1,8.5,210,49.1,7.0,155,40.1,10.0,190,53.6,
Barnet,4.3,480,41.1,7.0,195,39.0,5.7,285,42.6,7.6,170,39.8,5.3,310,41.8,
Bexley,4.9,345,41.1,8.2,140,43.4,6.3,205,39.5,7.0,160,36.4,6.8,185,46.5,
Brent,3.7,495,39.3,5.7,225,40.0,5.4,265,38.8,5.7,200,46.2,4.8,290,34.9,
Bromley,3.5,720,38.7,5.9,275,41.1,4.6,440,37.5,4.3,345,48.4,4.6,375,34.7,
Croydon,4.6,415,44.3,7.8,150,47.7,5.9,265,42.4,7.6,155,50.3,5.8,260,41.3,
Ealing,4.6,425,36.8,6.7,205,36.5,6.5,220,37.0,8.0,150,44.2,5.6,280,32.9,
Enfield,3.7,580,39.2,6.4,210,41.7,4.7,365,37.8,5.9,230,39.7,4.8,350,38.9,
Haringey,5.0,345,42.9,8.5,135,45.9,6.6,210,41.0,7.3,160,46.0,6.8,185,40.7,
Harrow,4.4,420,37.1,7.3,150,33.1,5.6,270,39.4,7.3,145,35.2,5.5,275,38.2,
Havering,4.6,390,39.7,9.0,110,37.1,5.5,275,40.7,7.8,130,41.4,5.7,260,39.0,
Hillingdon,3.6,570,41.8,6.1,235,43.4,4.9,330,40.7,5.7,220,45.7,4.7,345,39.8,
Hounslow,3.4,605,35.4,5.9,245,38.6,4.6,360,33.3,5.6,230,35.0,4.4,375,35.8,
Kingston upon Thames,5.0,290,37.8,8.4,110,34.9,6.7,175,39.6,7.7,140,44.7,6.6,150,30.9,
Merton,4.0,515,43.9,6.9,205,50.5,5.5,310,39.3,6.0,195,51.0,5.2,320,40.0,
Newham,4.0,570,44.2,6.5,235,48.7,5.4,335,41.6,4.6,340,49.9,6.1,230,40.0,
Redbridge,5.0,365,50.0,8.4,140,49.2,6.5,225,50.5,9.5,100,50.5,5.9,265,49.8,
Richmond upon Thames,5.2,295,43.4,8.6,125,49.0,7.1,170,39.1,9.1,105,46.9,6.4,195,41.4,
Sutton,4.3,395,38.4,7.2,155,37.1,5.9,240,39.2,7.0,150,42.9,5.6,245,35.8,
Waltham Forest,5.0,310,37.7,8.1,135,45.1,6.6,180,32.5,7.1,165,39.7,7.3,145,35.7,
Isle of Wight,4.0,455,48.7,7.1,170,51.2,5.3,290,47.2,7.1,150,50.9,5.0,305,47.6,
Surrey,4.0,575,49.4,6.4,235,50.2,5.2,340,48.7,6.9,200,56.4,4.9,380,46.2,
West Sussex,4.4,445,45.5,7.6,160,49.4,5.5,285,43.3,7.7,155,52.2,5.4,285,41.6,
Dorset,4.3,395,37.6,7.2,170,40.2,5.9,225,35.7,5.8,195,34.9,6.2,205,39.5,
Bournemouth,3.9,495,44.0,6.3,215,44.4,5.4,280,43.8,5.9,200,42.3,5.0,290,44.9,
Poole,4.6,355,45.4,8.1,135,48.7,6.0,220,43.1,9.3,95,48.3,5.3,260,44.0,
Hampshire,3.0,1135,45.6,5.0,440,47.9,3.9,695,44.4,3.9,535,53.2,4.1,600,42.0,
Portsmouth,3.1,610,41.6,5.7,230,43.2,4.3,385,40.7,4.8,250,48.0,4.1,360,37.8,
Southampton,5.2,365,40.1,9.0,135,43.8,6.6,235,37.8,8.8,115,38.6,6.4,250,41.2,
East Sussex,4.6,450,45.3,7.7,165,47.6,5.7,285,44.0,8.8,115,43.3,5.3,335,46.2,
Brighton and Hove,5.1,325,51.1,8.3,135,49.4,6.9,185,52.3,8.3,125,53.2,6.6,200,49.9,
Wiltshire,4.8,380,47.9,7.8,140,45.0,6.1,240,49.5,8.6,115,50.6,5.8,260,46.7,
Swindon,4.7,365,37.9,8.1,140,40.6,5.9,225,36.3,6.5,175,33.4,6.7,190,41.4,
Kent,3.8,595,45.8,6.3,215,49.1,4.8,375,43.9,6.2,230,49.7,4.8,365,43.3,
Medway Towns,4.7,380,47.5,7.6,150,45.2,6.1,230,49.1,8.3,125,52.7,5.7,255,44.7,
Cornwall,4.5,430,44.5,7.4,155,41.7,5.9,275,46.0,8.4,120,46.0,5.4,310,43.9,
Gloucestershire,4.4,490,46.2,7.0,195,44.7,5.8,295,47.2,7.6,155,50.2,5.5,340,44.2,
Somerset,4.2,540,42.9,7.0,195,42.8,5.3,345,42.9,7.7,165,43.5,5.0,375,42.6,
Isles of Scilly,..,..,..,..,..,..,..,..,..,..,..,..,..,..,..,
Bath and North East Somerset,3.8,480,45.6,7.0,170,48.5,5.0,305,44.1,6.0,190,51.0,5.0,285,42.4,
Bristol,4.0,465,35.5,6.9,185,37.0,5.2,285,34.6,6.4,185,35.7,5.1,280,35.4,
North Somerset,4.6,380,43.9,7.7,145,40.3,6.1,235,46.1,8.0,120,39.9,5.6,260,45.7,
South Gloucestershire,3.9,530,43.9,6.7,200,51.1,5.0,330,39.6,6.4,195,45.5,4.9,330,43.0,
Devon,4.7,400,47.5,7.6,160,51.0,6.2,240,45.2,7.1,170,47.0,6.4,230,47.8,
Plymouth,4.8,365,43.8,7.7,155,44.3,6.5,210,43.5,7.7,145,52.2,6.2,220,39.3,
Torbay,4.8,375,47.1,7.7,160,51.7,6.4,215,43.8,6.9,180,51.6,6.7,195,43.3,
,,,,,,,,,,,,,,,,
ENGLAND,0.4,71735,44.5,0.7,28330,45.4,0.6,43380,43.9,0.7,27215,46.0,0.6,44515,43.6,
Number of councils the national total is based on,150,150,150,150,150,150,150,150,150,150,150,150,150,150,150,
,,,,,,,,,,,,,,,,
Shire Counties,0.9,13695,45.3,1.5,5245,46.7,1.2,8445,44.5,1.5,5015,48.3,1.1,8680,43.8,
Unitary Authorities,0.7,24110,44.8,1.2,9420,44.8,1.0,14690,44.8,1.2,8895,45.5,0.9,15210,44.5,
Metropolitan Districts,0.8,17700,45.0,1.3,7000,46.5,1.0,10700,44.1,1.3,6455,46.4,1.0,11250,44.2,
Inner London,1.2,7365,40.1,1.9,3140,41.1,1.6,4205,39.3,1.8,3210,38.7,1.6,4150,41.2,
Outer London,1.0,8865,41.2,1.7,3525,42.2,1.4,5340,40.5,1.6,3640,43.2,1.4,5225,39.9,
,,,,,,,,,,,,,,,,
North East,1.5,5375,48.6,2.5,2065,49.9,1.9,3310,47.8,2.6,1870,50.2,1.8,3505,47.8,
North West,1.1,10935,45.6,1.8,4460,46.7,1.5,6475,44.8,1.8,4060,45.3,1.4,6875,45.7,
Yorkshire and the Humber,1.2,7395,44.2,2.0,2820,46.7,1.6,4570,42.7,2.1,2625,45.6,1.5,4770,43.5,
East Midlands,1.6,3995,43.1,2.7,1575,44.5,2.1,2425,42.3,2.7,1535,46.0,2.0,2460,41.7,
West Midlands,1.6,6615,44.9,2.5,2595,44.0,2.0,4020,45.5,2.6,2375,47.7,2.0,4235,43.4,
South West,1.5,6445,45.0,2.4,2515,45.4,2.0,3925,44.7,2.5,2410,46.3,1.9,4030,44.2,
Eastern,1.6,5400,44.6,2.7,2035,43.5,2.1,3365,45.3,2.8,1900,46.7,2.0,3500,43.6,
London,0.8,16230,40.7,1.3,6665,41.8,1.1,9545,40.0,1.2,6850,41.2,1.1,9375,40.4,
South East,1.2,9350,45.3,2.0,3605,47.1,1.6,5750,44.2,2.1,3590,48.8,1.6,5765,43.3,
,,,,,,,,,,,,,,,,
,,,,,,,,,,,,,,,,
Notes:,,,,,,,,,,,,,,,,
..  represents data that are unavailable.,,,,,,,,,,,,,,,,
"-  means constituent values less than six are suppressed. However, for Delayed Transfers of Care data (which are averages of 12 monthly values) the equivalent suppression is achieved by suppressing 
    annual values less than 0.5 (6/12) and for survey data, values of less than three are supressed. Where elements of an indicator are suppressed the indicator itself is also suppressed. 
    Measure 1F and 1H for 2013-14 have outcome data (the annual outcome is based on an average of the monthly outcomes), but not numerators and denominators, which are available for each month 
    with the ASCOF publication on the HSCIC website http://www.hscic.gov.uk/pubs/adusoccareof1314fin . Outcomes for 1F and 1H have been suppressed if the annual average numerator or 
   denominator is less than 0.5 (6/12).",,,,,,,,,,,,,,,,
"1. Numerator and denominator values used to calculate the indicator are rounded to the nearest five. The exception is for Measure 2C, where the numerators are rounded to the nearest one.",,,,,,,,,,,,,,,,
"2. 1A, 1B, 1D, 1I, 3A, 3B, 3C, 3D, 4A and 4B are based on survey data. The base for 1A, 1B, 1I, 3A, 3D, 4A and 4B (i.e. the number of responses on which the outcome is based) should be taken into 
    account when assessing the reliability of the outcome values. Outcomes based on a small base should be treated with caution.",,,,,,,,,,,,,,,,
"3. 1A, 1B, 1I(1), 3A, 3D(1), 4A and 4B have been weighted to reflect that a stratified sample was taken and to account for non-response bias.",,,,,,,,,,,,,,,,
"4. 1D, 1I(2), 3B, 3C and 3D(2) are based solely on the Carers' survey. This is a biennial survey which took place for the first time in 2012-13, therefore no data are available for 2013-14.",,,,,,,,,,,,,,,,
,,,,,,,,,,,,,,,,
,,,,,,,,,,,,,,,,
,,,,,,,,,,,,,,,,
,,,,,,,,,,,,,,,,
,,,,,,,,,,,,,,,,
,,,,,,,,,,,,,,,,
,,,,,,,,,,,,,,,,
,,,,,,,,,,,,,,,,
,,,,,,,,,,,,,,,,
,,,,,,,,,,,,,,,,
,,,,,,,,,,,,,,,,
,,,,,,,,,,,,,,,,
,,,,,,,,,,,,,,,,
,,,,,,,,,,,,,,,,
,,,,,,,,,,,,,,,,
,,,,,,,,,,,,,,,,
,,,,,,,,,,,,,,,,
,,,,,,,,,,,,,,,,
,,,,,,,,,,,,,,,,
,,,,,,,,,,,,,,,,
,,,,,,,,,,,,,,,,
,,,,,,,,,,,,,,,,
,,,,,,,,,,,,,,,,
,,,,,,,,,,,,,,,,
,,,,,,,,,,,,,,,,
,,,,,,,,,,,,,,,,
,,,,,,,,,,,,,,,,
,,,,,,,,,,,,,,,,
,,,,,,,,,,,,,,,,
,,,,,,,,,,,,,,,,
,,,,,,,,,,,,,,,,
,,,,,,,,,,,,,,,,
,,,,,,,,,,,,,,,,
,,,,,,,,,,,,,,,,
,,,,,,,,,,,,,,,,
,,,,,,,,,,,,,,,,
,,,,,,,,,,,,,,,,
,,,,,,,,,,,,,,,,
,,,,,,,,,,,,,,,,
,,,,,,,,,,,,,,,,
,,,,,,,,,,,,,,,,
,,,,,,,,,,,,,,,,
,,,,,,,,,,,,,,,,
,,,,,,,,,,,,,,,,
,,,,,,,,,,,,,,,,
,,,,,,,,,,,,,,,,
,,,,,,,,,,,,,,,,
,,,,,,,,,,,,,,,,
,,,,,,,,,,,,,,,,
,,,,,,,,,,,,,,,,
,,,,,,,,,,,,,,,,
,,,,,,,,,,,,,,,,
,,,,,,,,,,,,,,,,
,,,,,,,,,,,,,,,,
,,,,,,,,,,,,,,,,
,,,,,,,,,,,,,,,,
,,,,,,,,,,,,,,,,
,,,,,,,,,,,,,,,,
,,,,,,,,,,,,,,,,
,,,,,,,,,,,,,,,,
,,,,,,,,,,,,,,,,
,,,,,,,,,,,,,,,,
,,,,,,,,,,,,,,,,
,,,,,,,,,,,,,,,,
,,,,,,,,,,,,,,,,
,,,,,,,,,,,,,,,,
,,,,,,,,,,,,,,,,
,,,,,,,,,,,,,,,,
,,,,,,,,,,,,,,,,
,,,,,,,,,,,,,,,,
,,,,,,,,,,,,,,,,
,,,,,,,,,,,,,,,,
,,,,,,,,,,,,,,,,
,,,,,,,,,,,,,,,,
,,,,,,,,,,,,,,,,
,,,,,,,,,,,,,,,,
,,,,,,,,,,,,,,,,
,,,,,,,,,,,,,,,,
,,,,,,,,,,,,,,,,
,,,,,,,,,,,,,,,,
,,,,,,,,,,,,,,,,
,,,,,,,,,,,,,,,,
,,,,,,,,,,,,,,,,
,,,,,,,,,,,,,,,,
,,,,,,,,,,,,,,,,
,,,,,,,,,,,,,,,,
,,,,,,,,,,,,,,,,
,,,,,,,,,,,,,,,,
,,,,,,,,,,,,,,,,
,,,,,,,,,,,,,,,,
,,,,,,,,,,,,,,,,
,,,,,,,,,,,,,,,,
,,,,,,,,,,,,,,,,
,,,,,,,,,,,,,,,,
,,,,,,,,,,,,,,,,
,,,,,,,,,,,,,,,,
,,,,,,,,,,,,,,,,
,,,,,,,,,,,,,,,,
,,,,,,,,,,,,,,,,
,,,,,,,,,,,,,,,,
,,,,,,,,,,,,,,,,
,,,,,,,,,,,,,,,,
,,,,,,,,,,,,,,,,
,,,,,,,,,,,,,,,,
,,,,,,,,,,,,,,,,
,,,,,,,,,,,,,,,,
,,,,,,,,,,,,,,,,
,,,,,,,,,,,,,,,,
,,,,,,,,,,,,,,,,
,,,,,,,,,,,,,,,,
,,,,,,,,,,,,,,,,
,,,,,,,,,,,,,,,,
,,,,,,,,,,,,,,,,
,,,,,,,,,,,,,,,,
,,,,,,,,,,,,,,,,
,,,,,,,,,,,,,,,,
,,,,,,,,,,,,,,,,
,,,,,,,,,,,,,,,,
,,,,,,,,,,,,,,,,
,,,,,,,,,,,,,,,,
,,,,,,,,,,,,,,,,
,,,,,,,,,,,,,,,,
,,,,,,,,,,,,,,,,
,,,,,,,,,,,,,,,,
,,,,,,,,,,,,,,,,
,,,,,,,,,,,,,,,,
,,,,,,,,,,,,,,,,
,,,,,,,,,,,,,,,,
,,,,,,,,,,,,,,,,
,,,,,,,,,,,,,,,,
,,,,,,,,,,,,,,,,
,,,,,,,,,,,,,,,,
,,,,,,,,,,,,,,,,
,,,,,,,,,,,,,,,,
,,,,,,,,,,,,,,,,
,,,,,,,,,,,,,,,,
,,,,,,,,,,,,,,,,
,,,,,,,,,,,,,,,,
,,,,,,,,,,,,,,,,
,,,,,,,,,,,,,,,,
,,,,,,,,,,,,,,,,
,,,,,,,,,,,,,,,,
,,,,,,,,,,,,,,,,
,,,,,,,,,,,,,,,,
,,,,,,,,,,,,,,,,
,,,,,,,,,,,,,,,,
,,,,,,,,,,,,,,,,
,,,,,,,,,,,,,,,,
,,,,,,,,,,,,,,,,
,,,,,,,,,,,,,,,,
,,,,,,,,,,,,,,,,
,,,,,,,,,,,,,,,,
,,,,,,,,,,,,,,,,
,,,,,,,,,,,,,,,,
,,,,,,,,,,,,,,,,
,,,,,,,,,,,,,,,,
,,,,,,,,,,,,,,,,
,,,,,,,,,,,,,,,,
,,,,,,,,,,,,,,,,
,,,,,,,,,,,,,,,,
,,,,,,,,,,,,,,,,
,,,,,,,,,,,,,,,,
,,,,,,,,,,,,,,,,
,,,,,,,,,,,,,,,,
,,,,,,,,,,,,,,,,
,,,,,,,,,,,,,,,,
,,,,,,,,,,,,,,,,
,,,,,,,,,,,,,,,,
,,,,,,,,,,,,,,,,
,,,,,,,,,,,,,,,,
,,,,,,,,,,,,,,,,
,,,,,,,,,,,,,,,,
,,,,,,,,,,,,,,,,
,,,,,,,,,,,,,,,,
,,,,,,,,,,,,,,,,
,,,,,,,,,,,,,,,,
,,,,,,,,,,,,,,,,
,,,,,,,,,,,,,,,,
,,,,,,,,,,,,,,,,
,,,,,,,,,,,,,,,,
,,,,,,,,,,,,,,,,
,,,,,,,,,,,,,,,,
,,,,,,,,,,,,,,,,
,,,,,,,,,,,,,,,,
,,,,,,,,,,,,,,,,
,,,,,,,,,,,,,,,,
,,,,,,,,,,,,,,,,
,,,,,,,,,,,,,,,,
,,,,,,,,,,,,,,,,
,,,,,,,,,,,,,,,,
,,,,,,,,,,,,,,,,
,,,,,,,,,,,,,,,,
,,,,,,,,,,,,,,,,
,,,,,,,,,,,,,,,,
,,,,,,,,,,,,,,,,
,,,,,,,,,,,,,,,,
,,,,,,,,,,,,,,,,
,,,,,,,,,,,,,,,,
,,,,,,,,,,,,,,,,
,,,,,,,,,,,,,,,,
