ASCOF Outcomes 2013-14,Proportion of people who use services who find it easy to find information about services,,,Proportion of people who use services who find it easy to find information about services,,,Proportion of people who use services who find it easy to find information about services,,,Proportion of people who use services who find it easy to find information about services,,,Proportion of people who use services who find it easy to find information about services,,,
,TOTAL,,,MALE,,,FEMALE,,,18 to 64,,,65 and over,,,
,3D1,3D1,3D1,3D1,3D1,3D1,3D1,3D1,3D1,3D1,3D1,3D1,3D1,3D1,3D1,
,Confidence Interval,Base,Outcome,Confidence Interval,Base,Outcome,Confidence Interval,Base,Outcome,Confidence Interval,Base,Outcome,Confidence Interval,Base,Outcome,
,,,,,,,,,,,,,,,,
,,Number of respondents who have answered ASCS question 12 ,Number of respondents who answered 'Very easy to find and 'Fairly easy to find' as a percentage of all respondents to ASCS question 12,,Number of male respondents who have answered ASCS question 12 ,Number of male respondents who answered 'Very easy to find and 'Fairly easy to find' as a percentage of all male respondents to ASCS question 12 ,,Number of female respondents who have answered ASCS question 12 ,Number of female respondents who answered 'Very easy to find and 'Fairly easy to find' as a percentage of all female respondents to ASCS question 12 ,,Number of respondents (aged 18 to 64) that have answered ASCS question 12 ,Number of respondents (aged 18 to 64) who answered 'Very easy to find and 'Fairly easy to find' as a percentage of all respondents (aged 18 to 64) to ASCS question 12 ,,Number of respondents (aged 65 and over) that have answered ASCS question 12 ,Number of respondents (aged 65 and over) who answered 'Very easy to find and 'Fairly easy to find' as a percentage of all respondents (aged 65 and over) to ASCS question 12 ,
,,ASCS - question 12,"* Outcome is a
  weighted value",,ASCS - question 12,"* Outcome is a
  weighted value",,ASCS - question 12,"* Outcome is a
  weighted value",,ASCS - question 12,"* Outcome is a
  weighted value",,ASCS - question 12,"* Outcome is a
  weighted value",
,3D1 Confidence Interval,3D1 Base,3D1 Outcome,3D1 MALE Confidence Interval,3D1 MALE Base,3D1 MALE Outcome,3D1 FEMALE Confidence Interval,3D1 FEMALE Base,3D1 FEMALE Outcome,3D1 18 to 64 Confidence Interval,3D1 18 to 64 Base,3D1 18 to 64 Outcome,3D1 65 and over Confidence Interval,3D1 65 and over Base,3D1 65 and over Outcome, 
Cumbria,3.9,355,82.7,5.9,155,83.6,5.3,200,82.0,7.3,135,76.1,4.6,220,85.8,
Northumberland,3.3,365,85.2,6.1,150,82.3,4.0,215,87.1,6.2,140,79.8,3.9,225,87.9,
Gateshead,4.7,320,75.4,6.5,135,82.8,6.7,185,70.2,7.2,115,78.7,6.1,205,73.8,
Newcastle upon Tyne,4.2,310,80.2,6.7,140,78.4,5.6,170,81.6,7.5,125,73.2,5.1,185,84.9,
North Tyneside,4.3,350,78.4,6.3,150,79.7,5.9,200,77.6,5.3,190,79.9,6.4,160,77.4,
South Tyneside,5.7,210,75.0,9.3,80,78.4,7.4,135,73.0,10.4,70,73.1,6.8,145,75.9,
Sunderland,4.1,370,76.9,6.7,150,74.5,5.3,220,78.4,6.9,150,72.4,5.1,225,79.3,
Hartlepool,3.6,415,81.7,6.2,160,82.1,4.7,255,81.4,7.0,115,77.0,4.0,300,84.3,
Middlesbrough,3.8,365,79.6,6.0,165,77.7,5.3,200,81.0,5.9,160,79.4,5.1,205,79.7,
Redcar and Cleveland,4.4,290,80.9,7.3,100,84.1,5.7,190,79.2,8.6,95,74.1,4.9,195,84.4,
Stockton-on-Tees,3.9,370,81.2,6.3,125,86.4,5.0,245,78.6,6.8,150,77.2,4.8,220,83.4,
Durham,4.3,330,81.4,6.2,140,84.5,5.9,190,79.1,8.3,105,75.5,4.6,225,85.3,
Darlington,5.8,225,73.7,9.7,95,70.5,7.6,130,76.0,10.4,80,67.6,6.9,140,77.6,
Barnsley,6.5,220,74.8,10.8,85,77.3,8.5,135,73.2,11.6,75,77.6,7.2,145,72.6,
Doncaster,5.3,265,72.9,7.9,115,70.7,7.3,150,74.6,7.9,135,65.4,7.3,130,79.7,
Rotherham,4.4,290,80.9,7.5,110,80.5,5.6,175,81.1,6.9,140,77.5,5.7,150,83.9,
Sheffield,5.8,260,68.3,10.2,85,68.3,7.2,175,68.3,9.2,100,68.8,7.6,160,68.0,
Bradford,4.8,565,71.6,7.0,270,72.7,6.8,290,70.6,7.7,235,71.8,5.7,330,71.3,
Calderdale,4.6,345,73.3,7.0,155,73.8,6.4,185,72.9,7.0,170,67.4,6.1,175,77.2,
Kirklees,3.9,490,73.8,6.0,190,78.2,5.1,300,71.2,7.6,165,67.2,4.5,325,76.3,
Leeds,4.7,350,70.2,7.7,140,69.8,6.1,210,70.4,8.3,120,66.6,5.6,230,72.7,
Wakefield,5.1,270,74.6,8.4,100,77.9,6.6,170,72.7,8.5,105,72.0,6.4,165,76.4,
East Riding of Yorkshire,3.1,600,80.9,5.2,265,79.0,4.0,340,82.2,4.7,295,74.9,4.1,305,84.1,
Kingston upon Hull,5.2,275,73.2,8.5,110,73.3,6.8,165,73.1,9.6,95,68.1,6.0,180,76.3,
North East Lincolnshire,4.5,310,77.3,7.6,125,74.9,5.7,185,79.0,7.4,105,74.9,5.5,205,78.3,
North Lincolnshire,5.0,235,77.4,9.7,75,74.8,6.0,160,78.7,8.3,100,74.1,6.1,135,80.2,
North Yorkshire,4.5,365,74.3,7.3,155,71.2,5.8,210,76.5,8.3,110,73.7,5.4,255,74.5,
York,3.9,420,77.1,6.3,170,77.3,5.1,250,76.9,8.3,105,74.2,4.4,315,78.0,
Bolton,4.1,475,76.2,7.0,195,72.8,5.2,285,78.9,7.2,150,71.1,4.2,330,81.3,
Bury,6.5,155,77.0,9.3,65,84.1,9.0,95,72.3,10.2,70,74.1,8.4,85,79.4,
Manchester,5.7,250,72.4,8.5,105,77.6,7.9,145,68.7,8.3,120,67.8,7.8,130,78.0,
Oldham,6.7,205,66.3,10.4,95,62.1,8.9,110,70.1,10.1,80,67.4,8.9,130,65.4,
Rochdale,4.3,385,72.0,7.1,155,71.6,5.7,230,72.3,7.3,150,66.0,5.3,235,76.5,
Salford,2.8,865,72.3,4.5,380,71.2,3.7,485,73.1,3.9,425,66.4,3.8,440,75.9,
Stockport,4.3,325,81.9,6.5,150,82.1,5.8,175,81.7,7.2,125,81.6,5.2,200,82.1,
Tameside,5.0,290,69.5,8.1,115,71.7,6.7,175,68.0,9.4,95,67.0,6.0,200,70.8,
Trafford,5.5,255,73.8,7.9,100,76.9,7.4,155,71.7,10.0,80,73.4,6.4,180,74.2,
Wigan,5.1,290,71.0,7.5,120,78.0,7.0,170,65.9,9.3,95,63.4,5.9,195,75.5,
Knowsley,4.4,360,73.7,6.9,165,72.3,6.2,195,74.9,7.7,135,65.7,5.3,225,78.4,
Liverpool,3.9,480,76.6,5.6,235,78.7,5.6,245,75.0,5.1,230,82.3,5.5,255,73.2,
Sefton,4.9,300,72.1,8.0,125,69.0,6.5,175,74.3,8.6,105,67.8,6.1,195,74.3,
St. Helens,5.2,220,83.1,9.9,80,78.0,6.1,140,85.8,14.5,50,70.2,5.0,170,87.2,
Wirral,4.2,390,75.5,7.0,150,73.2,5.3,240,76.9,7.9,120,72.9,4.9,265,76.5,
Halton,3.5,440,81.9,5.6,180,82.1,4.8,260,81.8,5.2,170,80.7,4.4,270,82.4,
Warrington,4.9,280,80.1,8.5,100,81.7,6.1,180,79.4,7.6,110,76.7,6.3,170,81.8,
Lancashire,5.1,295,69.2,7.3,125,75.0,7.0,170,64.8,8.1,135,63.2,6.5,160,73.6,
Blackburn with Darwen,3.8,250,82.8,7.8,80,84.7,5.0,170,81.9,5.2,75,90.2,4.8,175,80.3,
Blackpool,4.7,275,75.6,6.2,175,75.5,8.1,100,75.8,9.6,85,67.4,5.4,190,79.2,
Cheshire East,5.2,260,75.8,8.3,95,78.1,6.8,165,74.4,8.1,100,77.3,6.7,160,74.6,
Cheshire West and Chester,4.6,490,74.1,7.2,220,76.9,6.1,270,72.2,6.5,310,72.6,6.3,180,76.0,
Warwickshire,4.4,325,76.6,7.9,120,73.8,5.3,205,78.2,8.5,95,72.4,5.1,230,78.4,
Birmingham,4.3,375,73.5,6.6,155,74.1,5.9,220,73.2,7.0,150,73.8,5.6,225,73.4,
Coventry,5.1,285,74.8,7.3,105,84.7,7.0,180,68.9,8.7,105,75.9,6.3,185,74.1,
Dudley,3.8,455,76.7,6.0,200,76.2,5.2,255,77.1,5.3,210,75.7,5.1,245,77.2,
Sandwell,5.1,265,74.7,8.8,100,74.7,6.5,165,74.7,8.0,110,75.0,6.6,160,74.6,
Solihull,4.2,395,72.4,7.0,160,69.7,5.5,235,74.2,7.0,150,72.6,5.3,245,72.3,
Walsall,2.9,735,74.0,4.8,290,75.8,4.1,445,72.9,4.5,280,73.3,3.8,455,74.4,
Wolverhampton,5.5,230,74.3,8.9,100,71.3,7.3,130,76.6,10.3,80,67.8,6.5,150,77.6,
Staffordshire,6.0,265,68.1,10.1,90,74.5,7.7,170,64.9,10.5,80,66.2,7.3,180,69.4,
Stoke-on-Trent,5.1,270,74.4,8.0,115,74.2,6.8,160,74.5,9.8,95,62.9,5.4,175,82.1,
Herefordshire,5.2,260,73.2,8.6,100,76.0,6.9,160,71.3,9.7,75,72.7,5.9,185,73.5,
Worcestershire,4.7,335,72.5,7.3,150,68.4,6.1,185,75.7,7.9,125,68.7,5.8,210,74.8,
Shropshire,5.8,235,68.4,8.9,95,68.1,7.7,140,68.6,8.4,115,68.3,8.1,125,68.5,
Telford and the Wrekin,4.6,310,76.0,7.2,150,74.3,6.3,160,77.4,6.7,165,70.9,6.3,145,80.3,
Lincolnshire,4.7,315,76.7,7.9,115,77.2,6.0,200,76.4,9.5,90,72.2,5.3,225,78.7,
Northamptonshire,5.1,305,71.5,8.1,120,74.5,6.7,185,69.7,7.2,135,74.2,6.9,170,70.0,
Derbyshire,3.9,515,75.1,5.9,220,76.9,5.3,290,74.0,5.4,260,71.1,5.2,255,77.0,
Derby,5.1,290,70.7,8.6,115,66.4,6.4,175,73.5,8.5,110,69.0,6.3,180,71.8,
Leicestershire,5.6,265,68.0,9.5,105,58.3,6.8,160,74.1,9.8,95,63.2,6.8,175,70.4,
Leicester,4.1,465,70.4,6.1,230,69.4,5.7,235,71.2,5.6,250,69.4,5.8,215,71.1,
Rutland,6.9,90,73.3,14.5,30,82.4,9.5,65,69.0,13.7,30,60.9,7.7,60,80.6,
Nottinghamshire,5.3,250,72.7,9.0,95,71.3,6.8,155,73.6,9.9,85,64.8,6.3,165,77.1,
Nottingham,4.7,375,68.1,7.4,165,67.4,6.4,210,68.6,7.5,160,66.6,6.1,215,69.0,
Hertfordshire,5.0,265,73.2,8.0,100,73.3,6.8,165,73.1,7.2,115,73.7,6.9,150,72.8,
Norfolk,4.4,345,77.8,7.6,130,75.4,5.4,215,79.3,8.9,110,66.7,4.6,235,84.7,
Oxfordshire,4.4,360,74.0,7.1,145,75.5,5.8,215,73.1,6.3,195,67.1,6.2,165,79.3,
Suffolk,4.0,470,77.3,6.4,170,78.7,5.2,295,76.6,6.7,215,67.9,5.0,255,82.8,
Luton,4.3,380,67.8,6.4,180,66.3,6.3,200,69.1,6.5,185,64.4,5.9,195,70.5,
Buckinghamshire,4.9,350,66.0,7.7,145,67.0,6.5,205,65.4,9.5,100,64.8,5.8,250,66.6,
Milton Keynes,4.0,365,77.0,7.1,150,72.6,5.2,215,79.9,7.3,120,73.5,4.8,245,78.9,
Bracknell Forest,2.9,570,76.5,5.1,235,75.9,4.1,335,76.9,4.3,275,73.2,3.8,295,80.1,
West Berkshire,4.4,335,74.0,6.8,135,78.8,6.2,200,70.7,7.2,130,73.1,5.5,210,74.8,
Reading,4.1,315,79.0,6.5,145,79.9,5.8,175,78.3,6.5,130,78.5,5.3,185,79.5,
Slough,5.0,260,74.7,8.7,100,76.8,6.6,160,73.6,6.8,135,80.2,7.2,130,70.1,
Windsor and Maidenhead,5.5,220,72.8,9.4,80,76.6,7.2,145,70.8,9.2,80,72.9,6.8,145,72.8,
Wokingham,5.0,230,78.9,7.7,105,80.4,7.3,130,77.7,7.3,115,78.3,6.7,115,79.7,
Essex,3.6,505,67.5,6.1,210,67.1,5.0,295,67.7,5.5,230,62.2,4.8,275,71.9,
Southend-on-Sea,4.5,280,78.6,8.4,95,77.5,5.4,180,79.2,8.9,90,70.0,5.1,185,82.7,
Thurrock,5.0,245,77.5,9.7,80,75.9,6.2,165,78.3,10.6,60,75.0,5.7,185,78.5,
Cambridgeshire,4.5,375,71.8,7.2,160,68.7,5.8,215,73.9,8.0,130,66.9,5.4,245,74.4,
Peterborough,4.0,405,74.9,7.0,165,71.8,5.2,245,76.9,7.1,140,74.3,4.8,265,75.2,
Bedford,4.0,340,79.1,6.6,145,77.3,5.4,195,80.4,6.6,140,75.0,5.0,200,82.2,
Central Bedfordshire,4.6,320,73.0,7.1,135,75.5,6.4,185,71.2,7.2,115,75.5,6.1,205,71.7,
Camden,4.5,310,77.9,6.3,145,81.9,6.8,155,75.6,6.5,150,77.7,6.2,160,78.1,
Greenwich,4.7,300,75.1,8.0,125,72.4,6.1,180,76.9,6.8,160,71.1,6.6,145,79.0,
Hackney,5.5,255,70.2,8.6,105,72.5,7.4,150,68.7,7.0,150,71.5,8.9,105,68.5,
Hammersmith and Fulham,5.4,255,71.6,7.6,110,80.6,7.8,145,65.0,8.7,90,78.0,7.0,165,67.5,
Islington,2.7,795,72.5,4.4,345,74.8,3.9,450,70.7,4.3,350,67.6,3.4,440,77.1,
Kensington and Chelsea,4.8,285,76.4,7.8,120,76.0,6.4,170,76.6,7.1,130,71.6,6.2,155,78.8,
Lambeth,4.8,350,69.3,7.3,155,71.5,6.6,195,67.6,6.5,190,69.7,7.0,160,68.8,
Lewisham,3.4,605,77.4,5.0,310,77.4,5.0,295,77.3,5.2,325,73.6,4.6,280,80.7,
Southwark,2.5,960,69.8,4.0,420,72.3,3.6,540,68.0,3.8,410,69.1,3.3,555,70.4,
Tower Hamlets,2.5,930,71.1,4.0,425,71.9,3.6,505,70.5,4.1,380,68.5,3.1,550,73.3,
Wandsworth,3.4,535,73.0,5.5,245,70.9,4.8,285,74.7,4.8,285,69.4,4.9,250,76.5,
Westminster,5.0,300,72.1,7.8,130,71.3,6.8,170,72.8,6.9,155,70.7,7.2,140,73.3,
City of London,..,..,..,..,..,..,..,..,..,..,..,..,..,..,..,
Barking and Dagenham,6.2,250,71.2,10.0,105,71.9,8.2,145,70.7,8.4,120,60.1,9.1,130,81.3,
Barnet,4.5,355,72.6,6.8,160,71.3,6.3,190,73.6,7.4,140,71.2,5.7,210,73.6,
Bexley,5.8,255,65.0,9.0,105,69.2,7.9,150,62.1,8.4,125,63.7,7.8,130,66.7,
Brent,4.5,360,62.2,7.1,165,61.6,6.5,195,62.6,7.2,140,61.3,5.8,220,62.7,
Bromley,3.5,560,80.0,5.2,225,84.4,4.8,330,77.5,3.9,290,79.2,4.8,265,80.4,
Croydon,4.9,305,73.1,7.9,115,74.9,6.4,190,72.0,7.9,120,71.9,6.2,180,73.7,
Ealing,5.1,335,71.9,7.5,170,67.7,7.0,165,76.1,8.2,120,72.6,6.4,215,71.5,
Enfield,3.9,450,74.4,6.1,170,79.0,5.2,280,71.6,6.0,195,74.5,5.2,255,74.3,
Haringey,5.0,280,73.7,7.9,115,77.2,6.9,165,71.3,7.0,145,74.3,7.3,135,73.2,
Harrow,4.8,325,70.0,8.3,110,69.2,6.0,215,70.5,8.2,120,66.8,5.9,205,72.0,
Havering,5.3,275,69.6,9.8,85,73.7,6.4,195,67.8,9.0,100,64.9,6.6,175,71.7,
Hillingdon,3.9,445,72.4,6.0,195,75.6,5.6,250,70.1,5.9,185,74.5,5.2,260,71.2,
Hounslow,4.0,460,67.8,6.5,190,69.7,5.5,270,66.5,6.7,180,68.0,4.9,280,67.6,
Kingston upon Thames,5.8,215,70.2,9.8,85,68.7,7.6,130,71.2,8.5,110,69.7,7.7,110,70.8,
Merton,3.7,395,78.6,5.5,165,81.1,5.4,235,76.8,6.2,165,72.7,4.6,230,82.3,
Newham,4.2,445,72.8,6.0,200,78.2,6.0,245,69.1,5.0,275,70.4,6.5,170,74.7,
Redbridge,4.2,300,82.8,7.2,115,80.5,5.3,185,84.2,8.7,85,77.6,4.8,215,84.6,
Richmond upon Thames,4.7,225,81.8,7.5,100,79.8,6.3,125,83.4,7.1,95,83.2,6.3,135,80.7,
Sutton,4.7,315,69.3,7.3,130,76.8,6.6,190,64.3,7.5,125,68.6,6.1,190,69.7,
Waltham Forest,5.5,260,67.8,8.3,115,73.5,7.8,145,63.6,7.5,145,69.9,8.3,115,65.3,
Isle of Wight,4.3,320,76.7,7.1,120,79.6,5.8,200,74.9,7.7,115,72.5,5.1,205,79.0,
Surrey,3.9,430,78.3,6.2,185,76.6,5.1,245,79.6,6.6,165,75.8,4.8,265,79.6,
West Sussex,4.6,315,75.9,7.5,120,76.3,5.8,190,75.7,8.0,120,70.5,5.5,190,79.7,
Dorset,4.7,305,72.6,7.2,135,74.0,6.7,170,71.5,6.6,155,71.9,6.7,150,73.1,
Bournemouth,4.3,365,73.0,6.7,165,72.6,6.0,200,73.2,6.1,170,70.4,5.8,195,74.5,
Poole,4.9,265,76.0,6.5,115,84.0,6.9,155,69.9,11.3,65,65.3,5.1,200,80.8,
Hampshire,3.1,835,74.3,5.2,340,74.0,3.9,495,74.5,4.1,420,72.2,4.3,415,75.6,
Portsmouth,3.3,470,75.9,6.0,180,74.4,4.4,290,76.9,5.1,200,73.5,4.4,270,77.5,
Southampton,5.6,270,72.2,9.5,105,70.7,7.2,165,73.1,9.6,100,66.8,6.7,170,76.6,
East Sussex,4.2,335,81.2,7.1,125,79.7,5.2,210,82.1,9.0,95,73.9,4.4,245,84.9,
Brighton and Hove,5.3,230,74.7,8.9,100,70.4,6.9,135,77.8,8.8,105,64.9,6.4,125,82.7,
Wiltshire,4.9,275,78.0,8.1,100,79.2,6.3,170,77.3,8.0,95,79.7,6.2,180,77.1,
Swindon,5.3,275,68.4,8.6,110,68.9,7.0,165,68.2,7.3,145,66.5,7.6,130,70.3,
Kent,4.3,430,70.2,6.8,165,70.7,5.5,265,70.0,6.8,185,67.1,5.5,245,72.6,
Medway Towns,5.2,270,71.1,8.6,105,71.5,6.7,160,70.9,9.0,95,66.4,6.4,175,73.9,
Cornwall,4.7,310,77.1,8.2,120,74.2,5.9,190,78.8,8.9,100,73.9,5.5,210,78.9,
Gloucestershire,3.9,365,81.7,7.1,150,78.0,4.7,215,84.1,6.6,120,80.2,4.9,250,82.6,
Somerset,3.8,390,79.5,6.0,140,83.1,5.1,245,77.4,7.8,135,70.3,4.3,255,84.0,
Isles of Scilly,..,..,..,..,..,..,..,..,..,..,..,..,..,..,..,
Bath and North East Somerset,3.8,370,78.2,6.9,140,77.3,4.9,235,78.8,6.2,160,74.0,5.0,210,81.1,
Bristol,4.3,350,75.7,6.7,150,77.0,6.0,200,74.7,6.9,140,74.2,5.5,210,76.4,
North Somerset,4.5,285,78.1,7.5,115,78.4,5.9,170,78.0,8.0,95,75.2,5.6,190,79.6,
South Gloucestershire,3.9,370,78.8,6.8,135,79.0,5.1,230,78.6,6.9,145,72.8,4.7,220,82.7,
Devon,5.1,280,74.6,8.0,120,71.8,6.6,160,76.7,7.9,135,68.1,6.5,145,81.3,
Plymouth,5.1,255,76.3,8.2,110,75.3,6.6,150,77.1,8.2,110,72.9,6.6,150,78.4,
Torbay,5.3,255,71.8,8.9,100,69.7,6.8,160,73.0,7.8,135,67.1,7.3,125,76.4,
,,,,,,,,,,,,,,,,
ENGLAND,0.5,52975,74.5,0.7,21940,74.9,0.6,31020,74.3,0.8,21830,71.0,0.6,31140,76.8,
Number of councils the national total is based on,150,150,150,150,150,150,150,150,150,150,150,150,150,150,150,
,,,,,,,,,,,,,,,,
Shire Counties,1.0,9950,74.2,1.5,4000,74.2,1.3,5950,74.3,1.7,3965,69.3,1.2,5985,77.2,
Unitary Authorities,0.8,17720,76.1,1.2,7235,76.0,1.0,10485,76.1,1.3,7105,72.6,1.0,10615,78.3,
Metropolitan Districts,0.9,12610,74.4,1.3,5255,75.2,1.1,7360,73.8,1.4,5000,71.8,1.1,7610,76.0,
Inner London,1.3,5880,73.0,1.9,2630,74.5,1.8,3240,71.9,1.8,2775,71.5,1.7,3105,74.3,
Outer London,1.1,6810,72.7,1.7,2820,74.3,1.5,3990,71.7,1.7,2980,70.8,1.4,3830,74.0,
,,,,,,,,,,,,,,,,
North East,1.4,3920,79.9,2.2,1585,81.3,1.9,2335,79.0,2.7,1500,75.8,1.6,2420,82.4,
North West,1.2,7895,74.8,1.8,3355,76.2,1.6,4540,73.9,2.0,3150,70.8,1.5,4745,77.4,
Yorkshire and the Humber,1.3,5265,74.1,2.1,2160,74.2,1.8,3105,74.0,2.3,2055,71.2,1.6,3210,75.8,
East Midlands,1.8,2880,72.3,2.8,1195,71.1,2.3,1680,73.1,3.0,1220,68.8,2.2,1660,74.2,
West Midlands,1.7,4750,72.5,2.7,1935,73.7,2.3,2815,71.8,2.9,1830,70.0,2.1,2920,74.1,
South West,1.5,4730,76.8,2.5,1905,76.3,2.0,2820,77.1,2.6,1910,72.8,1.9,2820,79.4,
Eastern,1.7,3930,75.3,2.8,1570,73.9,2.2,2355,76.2,3.1,1535,68.5,2.0,2395,79.4,
London,0.8,12690,72.8,1.3,5450,74.4,1.1,7230,71.7,1.2,5755,71.1,1.1,6935,74.1,
South East,1.3,6920,74.4,2.1,2785,74.2,1.7,4135,74.5,2.2,2875,70.6,1.6,4045,76.9,
,,,,,,,,,,,,,,,,
,,,,,,,,,,,,,,,,
Notes:,,,,,,,,,,,,,,,,
..  represents data that are unavailable.,,,,,,,,,,,,,,,,
"-  means constituent values less than six are suppressed. However, for Delayed Transfers of Care data (which are averages of 12 monthly values) the equivalent suppression is achieved by suppressing 
    annual values less than 0.5 (6/12) and for survey data, values of less than three are supressed. Where elements of an indicator are suppressed the indicator itself is also suppressed. 
    Measure 1F and 1H for 2013-14 have outcome data (the annual outcome is based on an average of the monthly outcomes), but not numerators and denominators, which are available for each month 
    with the ASCOF publication on the HSCIC website http://www.hscic.gov.uk/pubs/adusoccareof1314fin . Outcomes for 1F and 1H have been suppressed if the annual average numerator or 
   denominator is less than 0.5 (6/12).",,,,,,,,,,,,,,,,
"1. Numerator and denominator values used to calculate the indicator are rounded to the nearest five. The exception is for Measure 2C, where the numerators are rounded to the nearest one.",,,,,,,,,,,,,,,,
"2. 1A, 1B, 1D, 1I, 3A, 3B, 3C, 3D, 4A and 4B are based on survey data. The base for 1A, 1B, 1I, 3A, 3D, 4A and 4B (i.e. the number of responses on which the outcome is based) should be taken into 
    account when assessing the reliability of the outcome values. Outcomes based on a small base should be treated with caution.",,,,,,,,,,,,,,,,
"3. 1A, 1B, 1I(1), 3A, 3D(1), 4A and 4B have been weighted to reflect that a stratified sample was taken and to account for non-response bias.",,,,,,,,,,,,,,,,
"4. 1D, 1I(2), 3B, 3C and 3D(2) are based solely on the Carers' survey. This is a biennial survey which took place for the first time in 2012-13, therefore no data are available for 2013-14.",,,,,,,,,,,,,,,,
,,,,,,,,,,,,,,,,
,,,,,,,,,,,,,,,,
,,,,,,,,,,,,,,,,
,,,,,,,,,,,,,,,,
,,,,,,,,,,,,,,,,
,,,,,,,,,,,,,,,,
,,,,,,,,,,,,,,,,
,,,,,,,,,,,,,,,,
,,,,,,,,,,,,,,,,
,,,,,,,,,,,,,,,,
,,,,,,,,,,,,,,,,
,,,,,,,,,,,,,,,,
,,,,,,,,,,,,,,,,
,,,,,,,,,,,,,,,,
,,,,,,,,,,,,,,,,
,,,,,,,,,,,,,,,,
,,,,,,,,,,,,,,,,
,,,,,,,,,,,,,,,,
,,,,,,,,,,,,,,,,
,,,,,,,,,,,,,,,,
,,,,,,,,,,,,,,,,
,,,,,,,,,,,,,,,,
,,,,,,,,,,,,,,,,
,,,,,,,,,,,,,,,,
,,,,,,,,,,,,,,,,
,,,,,,,,,,,,,,,,
,,,,,,,,,,,,,,,,
,,,,,,,,,,,,,,,,
,,,,,,,,,,,,,,,,
,,,,,,,,,,,,,,,,
,,,,,,,,,,,,,,,,
,,,,,,,,,,,,,,,,
,,,,,,,,,,,,,,,,
,,,,,,,,,,,,,,,,
,,,,,,,,,,,,,,,,
,,,,,,,,,,,,,,,,
,,,,,,,,,,,,,,,,
,,,,,,,,,,,,,,,,
,,,,,,,,,,,,,,,,
,,,,,,,,,,,,,,,,
,,,,,,,,,,,,,,,,
,,,,,,,,,,,,,,,,
,,,,,,,,,,,,,,,,
,,,,,,,,,,,,,,,,
,,,,,,,,,,,,,,,,
,,,,,,,,,,,,,,,,
,,,,,,,,,,,,,,,,
,,,,,,,,,,,,,,,,
,,,,,,,,,,,,,,,,
,,,,,,,,,,,,,,,,
,,,,,,,,,,,,,,,,
,,,,,,,,,,,,,,,,
,,,,,,,,,,,,,,,,
,,,,,,,,,,,,,,,,
,,,,,,,,,,,,,,,,
,,,,,,,,,,,,,,,,
,,,,,,,,,,,,,,,,
,,,,,,,,,,,,,,,,
,,,,,,,,,,,,,,,,
,,,,,,,,,,,,,,,,
,,,,,,,,,,,,,,,,
,,,,,,,,,,,,,,,,
,,,,,,,,,,,,,,,,
,,,,,,,,,,,,,,,,
,,,,,,,,,,,,,,,,
,,,,,,,,,,,,,,,,
,,,,,,,,,,,,,,,,
,,,,,,,,,,,,,,,,
,,,,,,,,,,,,,,,,
,,,,,,,,,,,,,,,,
,,,,,,,,,,,,,,,,
,,,,,,,,,,,,,,,,
,,,,,,,,,,,,,,,,
,,,,,,,,,,,,,,,,
,,,,,,,,,,,,,,,,
,,,,,,,,,,,,,,,,
,,,,,,,,,,,,,,,,
,,,,,,,,,,,,,,,,
,,,,,,,,,,,,,,,,
,,,,,,,,,,,,,,,,
,,,,,,,,,,,,,,,,
,,,,,,,,,,,,,,,,
,,,,,,,,,,,,,,,,
,,,,,,,,,,,,,,,,
,,,,,,,,,,,,,,,,
,,,,,,,,,,,,,,,,
,,,,,,,,,,,,,,,,
,,,,,,,,,,,,,,,,
,,,,,,,,,,,,,,,,
,,,,,,,,,,,,,,,,
,,,,,,,,,,,,,,,,
,,,,,,,,,,,,,,,,
,,,,,,,,,,,,,,,,
,,,,,,,,,,,,,,,,
,,,,,,,,,,,,,,,,
,,,,,,,,,,,,,,,,
,,,,,,,,,,,,,,,,
,,,,,,,,,,,,,,,,
,,,,,,,,,,,,,,,,
,,,,,,,,,,,,,,,,
,,,,,,,,,,,,,,,,
,,,,,,,,,,,,,,,,
,,,,,,,,,,,,,,,,
,,,,,,,,,,,,,,,,
,,,,,,,,,,,,,,,,
,,,,,,,,,,,,,,,,
,,,,,,,,,,,,,,,,
,,,,,,,,,,,,,,,,
,,,,,,,,,,,,,,,,
,,,,,,,,,,,,,,,,
,,,,,,,,,,,,,,,,
,,,,,,,,,,,,,,,,
,,,,,,,,,,,,,,,,
,,,,,,,,,,,,,,,,
,,,,,,,,,,,,,,,,
,,,,,,,,,,,,,,,,
,,,,,,,,,,,,,,,,
,,,,,,,,,,,,,,,,
,,,,,,,,,,,,,,,,
,,,,,,,,,,,,,,,,
,,,,,,,,,,,,,,,,
,,,,,,,,,,,,,,,,
,,,,,,,,,,,,,,,,
,,,,,,,,,,,,,,,,
,,,,,,,,,,,,,,,,
,,,,,,,,,,,,,,,,
,,,,,,,,,,,,,,,,
,,,,,,,,,,,,,,,,
,,,,,,,,,,,,,,,,
,,,,,,,,,,,,,,,,
,,,,,,,,,,,,,,,,
,,,,,,,,,,,,,,,,
,,,,,,,,,,,,,,,,
,,,,,,,,,,,,,,,,
,,,,,,,,,,,,,,,,
,,,,,,,,,,,,,,,,
,,,,,,,,,,,,,,,,
,,,,,,,,,,,,,,,,
,,,,,,,,,,,,,,,,
,,,,,,,,,,,,,,,,
,,,,,,,,,,,,,,,,
,,,,,,,,,,,,,,,,
,,,,,,,,,,,,,,,,
,,,,,,,,,,,,,,,,
,,,,,,,,,,,,,,,,
,,,,,,,,,,,,,,,,
,,,,,,,,,,,,,,,,
,,,,,,,,,,,,,,,,
,,,,,,,,,,,,,,,,
,,,,,,,,,,,,,,,,
,,,,,,,,,,,,,,,,
,,,,,,,,,,,,,,,,
,,,,,,,,,,,,,,,,
,,,,,,,,,,,,,,,,
,,,,,,,,,,,,,,,,
,,,,,,,,,,,,,,,,
,,,,,,,,,,,,,,,,
,,,,,,,,,,,,,,,,
,,,,,,,,,,,,,,,,
,,,,,,,,,,,,,,,,
,,,,,,,,,,,,,,,,
,,,,,,,,,,,,,,,,
,,,,,,,,,,,,,,,,
,,,,,,,,,,,,,,,,
,,,,,,,,,,,,,,,,
,,,,,,,,,,,,,,,,
,,,,,,,,,,,,,,,,
,,,,,,,,,,,,,,,,
,,,,,,,,,,,,,,,,
,,,,,,,,,,,,,,,,
,,,,,,,,,,,,,,,,
,,,,,,,,,,,,,,,,
,,,,,,,,,,,,,,,,
,,,,,,,,,,,,,,,,
,,,,,,,,,,,,,,,,
,,,,,,,,,,,,,,,,
,,,,,,,,,,,,,,,,
,,,,,,,,,,,,,,,,
,,,,,,,,,,,,,,,,
,,,,,,,,,,,,,,,,
,,,,,,,,,,,,,,,,
,,,,,,,,,,,,,,,,
,,,,,,,,,,,,,,,,
,,,,,,,,,,,,,,,,
,,,,,,,,,,,,,,,,
,,,,,,,,,,,,,,,,
,,,,,,,,,,,,,,,,
,,,,,,,,,,,,,,,,
,,,,,,,,,,,,,,,,
,,,,,,,,,,,,,,,,
,,,,,,,,,,,,,,,,
,,,,,,,,,,,,,,,,
,,,,,,,,,,,,,,,,
,,,,,,,,,,,,,,,,
,,,,,,,,,,,,,,,,
,,,,,,,,,,,,,,,,
,,,,,,,,,,,,,,,,
,,,,,,,,,,,,,,,,
,,,,,,,,,,,,,,,,
,,,,,,,,,,,,,,,,
