ASCOF Outcomes 2013-14,Proportion of adults with learning disabilities who live in their own home or with their family,,,Proportion of adults with learning disabilities who live in their own home or with their family,,,Proportion of adults with learning disabilities who live in their own home or with their family,,,,,,
,TOTAL,,,MALE,,,FEMALE,,,,,,
,1G,1G,1G,1G,1G,1G,1G,1G,1G,,,,
,Numerator,Denominator,Outcome,Numerator,Denominator,Outcome,Numerator,Denominator,Outcome,,,,
,,,,,,,,,,,,,
,All clients within the denominator who are living in their own home or with their family,Number of working-age learning disabled clients known to councils (aged 18 to 64),Working-age learning disabled clients who are living in their own home or with their family as a percentage of working-age learning disabled clients (aged 18 to 64),All clients within the denominator who are living in their own home or with their family,Number of working-age male learning disabled clients known to councils (aged 18 to 64),Working-age male learning disabled clients who are living in their own home or with their family as a percentage of working-age learning disabled clients (aged 18 to 64),All clients within the denominator who are living in their own home or with their family,Number of working-age female learning disabled clients known to councils (aged 18 to 64),Working-age female learning disabled clients who are living in their own home or with their family as a percentage of working-age learning disabled clients (aged 18 to 64),,,,
,ASC-CAR - Table L2 rows 12 to 20 col 3,ASC-CAR - Table L2 row 22 col 3,,ASC-CAR - Table L2 rows 12 to 20 col 1,ASC-CAR - Table L2 row 22 col 1,,ASC-CAR - Table L2 rows 12 to 20 col 2,ASC-CAR - Table L2 row 22 col 2,,,,,
,,,,,,,,,,,,,
Cumbria,"1,130","1,365",82.7,685,805,85.2,445,565,79.3,,,,
Northumberland,"1,060","1,325",80.2,620,775,79.9,445,550,80.6,,,,
Gateshead,390,550,70.5,230,335,68.2,160,215,74.2,,,,
Newcastle upon Tyne,715,840,85.1,405,485,82.9,310,355,88.1,,,,
North Tyneside,595,670,88.4,315,370,85.9,275,305,91.4,,,,
South Tyneside,390,500,78.4,230,295,77.3,165,205,79.9,,,,
Sunderland,650,825,79.0,375,470,80.1,275,355,77.5,,,,
Hartlepool,300,410,72.7,175,230,75.9,120,180,68.5,,,,
Middlesbrough,560,750,75.0,300,425,70.8,260,325,80.6,,,,
Redcar and Cleveland,375,510,73.7,215,300,71.5,160,210,76.9,,,,
Stockton-on-Tees,465,605,76.7,250,330,76.4,215,275,77.2,,,,
Durham,"1,485","1,725",86.1,860,"1,015",84.7,625,710,88.0,,,,
Darlington,360,400,89.8,200,220,90.0,160,180,89.4,,,,
Barnsley,560,650,86.7,315,370,84.4,250,275,89.9,,,,
Doncaster,615,755,81.2,345,415,84.0,265,345,77.8,,,,
Rotherham,600,750,79.6,355,455,78.8,240,300,80.9,,,,
Sheffield,"1,355","1,600",84.7,810,960,84.2,545,635,85.4,,,,
Bradford,"1,060","1,275",83.0,590,670,87.9,470,605,77.6,,,,
Calderdale,610,715,85.4,365,430,84.8,245,285,86.3,,,,
Kirklees,905,"1,145",79.4,530,670,78.9,375,470,80.0,,,,
Leeds,"1,550","1,880",82.4,910,"1,100",82.6,640,780,82.2,,,,
Wakefield,875,"1,165",75.2,465,645,72.2,410,520,78.8,,,,
East Riding of Yorkshire,570,875,65.1,330,505,65.3,240,375,64.9,,,,
Kingston upon Hull,475,670,70.4,280,390,71.6,195,285,68.7,,,,
North East Lincolnshire,275,365,75.8,160,210,75.9,115,150,75.7,,,,
North Lincolnshire,265,360,73.7,160,210,76.7,105,150,69.6,,,,
North Yorkshire,"1,385","1,830",75.7,570,740,76.7,815,"1,090",75.1,,,,
York,395,480,82.6,240,300,80.3,155,180,86.6,,,,
Bolton,670,710,94.5,405,430,94.9,265,280,94.0,,,,
Bury,370,430,85.9,215,255,83.5,160,175,89.3,,,,
Manchester,"1,155","1,305",88.6,700,790,88.7,455,515,88.3,,,,
Oldham,555,590,94.2,350,370,94.6,205,220,93.6,,,,
Rochdale,570,730,77.9,330,430,77.0,240,300,79.1,,,,
Salford,590,640,92.3,335,365,91.8,255,275,93.1,,,,
Stockport,660,740,89.2,410,455,90.1,250,285,87.7,,,,
Tameside,655,700,93.7,405,430,94.0,250,265,93.3,,,,
Trafford,510,595,85.9,220,255,87.1,290,340,85.0,,,,
Wigan,705,765,92.4,405,435,92.6,300,330,92.1,,,,
Knowsley,630,680,92.6,355,385,92.2,275,295,93.2,,,,
Liverpool,"1,265","1,425",89.0,750,840,89.3,515,580,88.5,,,,
Sefton,670,805,83.5,440,500,88.0,235,305,76.1,,,,
St. Helens,615,700,88.3,325,380,86.3,290,320,90.6,,,,
Wirral,950,"1,110",85.4,580,670,86.3,370,440,84.2,,,,
Halton,375,465,80.4,210,260,80.6,165,205,80.1,,,,
Warrington,415,525,79.3,235,305,78.0,180,220,81.3,,,,
Lancashire,"2,700","2,960",91.2,"1,610","1,755",91.9,"1,085","1,205",90.4,,,,
Blackburn with Darwen,360,415,86.3,210,250,84.8,150,165,88.6,,,,
Blackpool,355,410,86.2,195,225,86.7,160,185,85.6,,,,
Cheshire East,860,"1,005",85.7,490,590,83.7,370,415,88.7,,,,
Cheshire West and Chester,910,"1,060",86.0,505,600,84.4,405,460,88.0,,,,
Warwickshire,880,"1,280",68.5,505,735,68.5,375,545,68.4,,,,
Birmingham,"1,585","3,000",52.8,920,"1,780",51.7,665,"1,220",54.5,,,,
Coventry,655,830,78.7,385,490,78.8,270,340,78.6,,,,
Dudley,595,795,74.8,360,480,75.4,235,315,74.0,,,,
Sandwell,585,760,77.1,340,455,74.2,245,305,81.5,,,,
Solihull,365,620,59.4,215,360,60.0,150,260,58.5,,,,
Walsall,530,660,80.3,285,360,79.7,245,300,81.0,,,,
Wolverhampton,430,625,69.0,270,385,69.6,165,240,67.9,,,,
Staffordshire,"1,525","2,095",72.7,875,"1,225",71.4,650,870,74.5,,,,
Stoke-on-Trent,600,820,73.2,340,465,73.7,260,360,72.6,,,,
Herefordshire,415,540,77.0,225,305,74.0,190,235,80.8,,,,
Worcestershire,970,"1,320",73.3,555,775,71.8,410,545,75.4,,,,
Shropshire,550,685,80.0,335,420,79.7,215,265,80.5,,,,
Telford and the Wrekin,270,415,65.1,150,240,62.5,120,175,68.8,,,,
Lincolnshire,"1,310","1,740",75.4,750,990,75.5,565,750,75.2,,,,
Northamptonshire,"1,350","1,835",73.5,770,"1,055",73.3,575,785,73.7,,,,
Derbyshire,"1,475","1,895",77.8,880,"1,130",77.7,595,765,78.0,,,,
Derby,455,600,76.4,275,350,78.8,180,250,73.1,,,,
Leicestershire,655,"1,070",61.1,395,660,60.0,260,410,62.9,,,,
Leicester,815,"1,210",67.4,470,705,66.4,345,505,68.7,,,,
Rutland,35,60,63.8,20,35,61.1,15,20,68.2,,,,
Nottinghamshire,"1,870","2,560",73.1,"1,115","1,545",72.3,755,"1,015",74.3,,,,
Nottingham,590,910,64.7,355,535,66.5,235,375,62.1,,,,
Hertfordshire,"2,455","3,305",74.2,"1,375","1,895",72.7,"1,075","1,410",76.4,,,,
Norfolk,"1,800","2,450",73.4,"1,040","1,400",74.3,760,"1,050",72.2,,,,
Oxfordshire,"1,315","1,595",82.5,745,910,81.9,570,685,83.2,,,,
Suffolk,"1,325","1,670",79.4,765,965,79.2,560,705,79.6,,,,
Luton,435,630,69.2,270,395,68.4,165,235,70.5,,,,
Buckinghamshire,845,"1,125",75.1,445,620,71.6,400,505,79.3,,,,
Milton Keynes,470,585,80.4,255,330,77.8,215,255,83.9,,,,
Bracknell Forest,270,310,87.4,175,205,85.5,95,105,91.3,,,,
West Berkshire,300,390,76.3,170,220,76.6,130,170,75.9,,,,
Reading,330,475,69.1,185,275,66.3,145,200,73.0,,,,
Slough,220,280,79.3,130,165,79.1,95,115,79.5,,,,
Windsor and Maidenhead,215,310,68.5,120,165,72.4,95,150,64.2,,,,
Wokingham,350,470,74.1,220,295,74.9,130,175,72.7,,,,
Essex,"2,525","3,490",72.4,"1,445","2,035",71.1,"1,075","1,455",74.1,,,,
Southend-on-Sea,420,515,81.9,235,280,84.3,185,235,79.0,,,,
Thurrock,255,360,71.2,165,225,74.6,90,135,65.7,,,,
Cambridgeshire,"1,215","1,590",76.3,685,915,74.6,530,675,78.6,,,,
Peterborough,475,655,72.3,270,360,74.4,205,295,69.6,,,,
Bedford,345,545,63.5,195,325,60.3,150,220,68.3,,,,
Central Bedfordshire,430,590,72.3,255,350,72.6,175,240,71.8,,,,
Camden,360,460,78.1,215,275,78.0,145,190,78.2,,,,
Greenwich,435,590,74.0,245,335,73.4,190,255,74.8,,,,
Hackney,365,490,74.1,225,305,72.9,140,185,76.1,,,,
Hammersmith and Fulham,200,345,58.2,120,205,58.1,85,145,58.3,,,,
Islington,345,455,75.6,190,260,72.8,155,195,79.4,,,,
Kensington and Chelsea,130,220,60.1,80,130,60.9,55,90,58.9,,,,
Lambeth,400,635,62.9,205,340,60.3,195,295,66.0,,,,
Lewisham,620,780,79.4,360,460,77.8,260,320,81.6,,,,
Southwark,485,670,72.3,295,415,70.8,190,255,74.9,,,,
Tower Hamlets,410,645,63.7,230,370,62.4,180,275,65.5,,,,
Wandsworth,510,745,68.5,290,445,64.4,225,300,74.7,,,,
Westminster,335,450,74.4,180,240,74.3,155,210,74.5,,,,
City of London,10,15,76.9,-,-,-,-,-,-,,,,
Barking and Dagenham,405,475,85.3,240,285,83.5,170,190,88.0,,,,
Barnet,450,780,58.1,255,440,57.5,200,340,58.9,,,,
Bexley,225,400,56.8,155,250,60.7,75,145,50.0,,,,
Brent,390,635,61.6,235,380,61.8,155,255,61.3,,,,
Bromley,600,"1,260",47.7,360,780,46.2,240,475,50.1,,,,
Croydon,555,840,66.2,320,480,66.5,235,360,65.8,,,,
Ealing,590,860,68.4,370,530,69.9,220,330,66.0,,,,
Enfield,690,865,80.0,420,535,78.9,270,330,81.8,,,,
Haringey,505,725,69.3,285,435,65.7,215,290,74.8,,,,
Harrow,320,455,70.5,170,245,68.0,155,210,73.6,,,,
Havering,330,545,60.5,195,320,60.9,135,220,59.9,,,,
Hillingdon,350,650,53.8,210,400,53.3,140,255,54.7,,,,
Hounslow,525,690,76.0,310,405,76.8,210,285,74.9,,,,
Kingston upon Thames,345,440,77.6,200,255,78.8,140,185,75.9,,,,
Merton,380,540,70.4,235,330,72.0,145,215,68.1,,,,
Newham,500,630,79.0,295,380,78.3,200,250,80.2,,,,
Redbridge,510,655,77.4,270,360,75.1,240,300,80.2,,,,
Richmond upon Thames,250,375,66.3,145,220,64.9,105,150,68.4,,,,
Sutton,310,475,65.7,185,280,66.4,125,195,64.6,,,,
Waltham Forest,480,625,76.9,280,365,77.2,200,260,76.5,,,,
Isle of Wight,410,565,72.6,270,360,74.4,145,205,69.4,,,,
Surrey,"2,275","3,360",67.7,"1,355","1,995",67.8,920,"1,360",67.6,,,,
West Sussex,915,"1,720",53.1,510,"1,000",51.1,405,725,55.7,,,,
Dorset,825,"1,060",77.5,480,610,78.8,340,450,75.8,,,,
Bournemouth,440,570,76.7,240,310,77.6,195,260,75.7,,,,
Poole,370,445,83.2,215,260,83.4,155,185,82.9,,,,
Hampshire,"2,230","3,125",71.4,"1,305","1,825",71.4,925,"1,295",71.5,,,,
Portsmouth,365,515,71.0,215,300,72.8,145,215,68.4,,,,
Southampton,475,605,78.3,260,345,76.2,210,260,81.2,,,,
East Sussex,830,"1,315",63.3,470,755,62.3,360,560,64.6,,,,
Brighton and Hove,595,745,80.1,365,440,82.1,230,300,77.1,,,,
Wiltshire,805,"1,110",72.6,465,635,73.1,345,480,72.0,,,,
Swindon,375,570,66.0,210,320,64.8,170,250,67.5,,,,
Kent,"2,350","3,355",70.0,"1,350","1,980",68.2,"1,000","1,375",72.7,,,,
Medway Towns,420,635,66.4,250,375,67.3,170,260,65.1,,,,
Cornwall,"1,350","1,825",73.9,780,"1,045",74.6,570,780,73.0,,,,
Gloucestershire,"1,325","1,750",75.7,795,995,79.7,530,755,70.3,,,,
Somerset,"1,185","1,530",77.3,665,870,76.6,515,660,78.3,,,,
Isles of Scilly,-,-,-,-,-,-,-,-,-,,,,
Bath and North East Somerset,275,430,64.4,155,250,61.8,120,180,68.2,,,,
Bristol,670,"1,090",61.8,405,655,61.8,265,430,61.7,,,,
North Somerset,320,450,71.4,190,265,70.8,135,185,72.3,,,,
South Gloucestershire,540,760,71.0,310,440,70.1,230,320,72.1,,,,
Devon,"1,610","2,175",74.0,925,"1,230",75.1,685,940,72.6,,,,
Plymouth,770,"1,045",73.8,435,580,75.1,335,465,72.2,,,,
Torbay,285,415,68.4,155,220,70.2,130,195,66.5,,,,
,,,,,,,,,,,,,
ENGLAND,"106,335","141,980",74.9,"61,440","82,420",74.5,"44,895","59,560",75.4,,,,
Number of councils the national total is based on,152,152,152,152,152,152,152,152,152,,,,
,,,,,,,,,,,,,
Shire Counties,"40,255","54,565",73.8,"23,060","31,415",73.4,"17,190","23,145",74.3,,,,
Unitary Authorities,"26,575","35,480",74.9,"15,370","20,575",74.7,"11,205","14,905",75.2,,,,
Metropolitan Districts,"26,195","32,525",80.5,"15,245","18,970",80.3,"10,950","13,555",80.8,,,,
Inner London,"4,605","6,500",70.9,"2,625","3,785",69.4,"1,980","2,715",72.9,,,,
Outer London,"8,705","12,915",67.4,"5,135","7,675",66.9,"3,570","5,240",68.1,,,,
,,,,,,,,,,,,,
North East,"7,340","9,105",80.6,"4,170","5,250",79.5,"3,170","3,855",82.2,,,,
North West,"17,685","20,130",87.9,"10,375","11,775",88.1,"7,310","8,355",87.5,,,,
Yorkshire and the Humber,"11,495","14,510",79.2,"6,425","8,070",79.6,"5,070","6,440",78.7,,,,
East Midlands,"8,560","11,880",72.0,"5,030","7,005",71.8,"3,530","4,875",72.3,,,,
West Midlands,"9,950","14,445",68.9,"5,765","8,475",68.0,"4,185","5,970",70.1,,,,
South West,"11,145","15,230",73.2,"6,420","8,690",73.9,"4,725","6,535",72.3,,,,
Eastern,"11,675","15,795",73.9,"6,700","9,140",73.3,"4,975","6,655",74.7,,,,
London,"13,315","19,415",68.6,"7,760","11,455",67.7,"5,550","7,955",69.8,,,,
South East,"15,170","21,475",70.7,"8,790","12,555",70.0,"6,385","8,915",71.6,,,,
,,,,,,,,,,,,,
,,,,,,,,,,,,,
Notes:,,,,,,,,,,,,,
..  represents data that are unavailable.,,,,,,,,,,,,,
"-  means constituent values less than six are suppressed. However, for Delayed Transfers of Care data (which are averages of 12 monthly values) the equivalent suppression is achieved by suppressing 
    annual values less than 0.5 (6/12) and for survey data, values of less than three are supressed. Where elements of an indicator are suppressed the indicator itself is also suppressed. 
    Measure 1F and 1H for 2013-14 have outcome data (the annual outcome is based on an average of the monthly outcomes), but not numerators and denominators, which are available for each month 
    with the ASCOF publication on the HSCIC website http://www.hscic.gov.uk/pubs/adusoccareof1314fin . Outcomes for 1F and 1H have been suppressed if the annual average numerator or 
   denominator is less than 0.5 (6/12).",,,,,,,,,,,,,
"1. Numerator and denominator values used to calculate the indicator are rounded to the nearest five. The exception is for Measure 2C, where the numerators are rounded to the nearest one.",,,,,,,,,,,,,
"2. 1A, 1B, 1D, 1I, 3A, 3B, 3C, 3D, 4A and 4B are based on survey data. The base for 1A, 1B, 1I, 3A, 3D, 4A and 4B (i.e. the number of responses on which the outcome is based) should be taken into 
    account when assessing the reliability of the outcome values. Outcomes based on a small base should be treated with caution.",,,,,,,,,,,,,
"3. 1A, 1B, 1I(1), 3A, 3D(1), 4A and 4B have been weighted to reflect that a stratified sample was taken and to account for non-response bias.",,,,,,,,,,,,,
"4. 1D, 1I(2), 3B, 3C and 3D(2) are based solely on the Carers' survey. This is a biennial survey which took place for the first time in 2012-13, therefore no data are available for 2013-14.",,,,,,,,,,,,,
,,,,,,,,,,,,,
,,,,,,,,,,,,,
,,,,,,,,,,,,,
,,,,,,,,,,,,,
,,,,,,,,,,,,,
,,,,,,,,,,,,,
,,,,,,,,,,,,,
,,,,,,,,,,,,,
,,,,,,,,,,,,,
,,,,,,,,,,,,,
,,,,,,,,,,,,,
,,,,,,,,,,,,,
,,,,,,,,,,,,,
,,,,,,,,,,,,,
,,,,,,,,,,,,,
,,,,,,,,,,,,,
,,,,,,,,,,,,,
,,,,,,,,,,,,,
,,,,,,,,,,,,,
,,,,,,,,,,,,,
,,,,,,,,,,,,,
,,,,,,,,,,,,,
,,,,,,,,,,,,,
,,,,,,,,,,,,,
,,,,,,,,,,,,,
,,,,,,,,,,,,,
,,,,,,,,,,,,,
,,,,,,,,,,,,,
,,,,,,,,,,,,,
,,,,,,,,,,,,,
,,,,,,,,,,,,,
,,,,,,,,,,,,,
,,,,,,,,,,,,,
,,,,,,,,,,,,,
,,,,,,,,,,,,,
,,,,,,,,,,,,,
,,,,,,,,,,,,,
,,,,,,,,,,,,,
,,,,,,,,,,,,,
,,,,,,,,,,,,,
,,,,,,,,,,,,,
,,,,,,,,,,,,,
,,,,,,,,,,,,,
,,,,,,,,,,,,,
,,,,,,,,,,,,,
,,,,,,,,,,,,,
,,,,,,,,,,,,,
,,,,,,,,,,,,,
,,,,,,,,,,,,,
,,,,,,,,,,,,,
,,,,,,,,,,,,,
,,,,,,,,,,,,,
,,,,,,,,,,,,,
,,,,,,,,,,,,,
,,,,,,,,,,,,,
,,,,,,,,,,,,,
,,,,,,,,,,,,,
,,,,,,,,,,,,,
,,,,,,,,,,,,,
,,,,,,,,,,,,,
,,,,,,,,,,,,,
,,,,,,,,,,,,,
,,,,,,,,,,,,,
,,,,,,,,,,,,,
,,,,,,,,,,,,,
,,,,,,,,,,,,,
,,,,,,,,,,,,,
,,,,,,,,,,,,,
,,,,,,,,,,,,,
,,,,,,,,,,,,,
,,,,,,,,,,,,,
,,,,,,,,,,,,,
,,,,,,,,,,,,,
,,,,,,,,,,,,,
,,,,,,,,,,,,,
,,,,,,,,,,,,,
,,,,,,,,,,,,,
,,,,,,,,,,,,,
,,,,,,,,,,,,,
,,,,,,,,,,,,,
,,,,,,,,,,,,,
,,,,,,,,,,,,,
,,,,,,,,,,,,,
,,,,,,,,,,,,,
,,,,,,,,,,,,,
,,,,,,,,,,,,,
,,,,,,,,,,,,,
,,,,,,,,,,,,,
,,,,,,,,,,,,,
,,,,,,,,,,,,,
,,,,,,,,,,,,,
,,,,,,,,,,,,,
,,,,,,,,,,,,,
,,,,,,,,,,,,,
,,,,,,,,,,,,,
,,,,,,,,,,,,,
,,,,,,,,,,,,,
,,,,,,,,,,,,,
,,,,,,,,,,,,,
,,,,,,,,,,,,,
,,,,,,,,,,,,,
,,,,,,,,,,,,,
,,,,,,,,,,,,,
,,,,,,,,,,,,,
,,,,,,,,,,,,,
,,,,,,,,,,,,,
,,,,,,,,,,,,,
,,,,,,,,,,,,,
,,,,,,,,,,,,,
,,,,,,,,,,,,,
,,,,,,,,,,,,,
,,,,,,,,,,,,,
,,,,,,,,,,,,,
,,,,,,,,,,,,,
,,,,,,,,,,,,,
,,,,,,,,,,,,,
,,,,,,,,,,,,,
,,,,,,,,,,,,,
,,,,,,,,,,,,,
,,,,,,,,,,,,,
,,,,,,,,,,,,,
,,,,,,,,,,,,,
,,,,,,,,,,,,,
,,,,,,,,,,,,,
,,,,,,,,,,,,,
,,,,,,,,,,,,,
,,,,,,,,,,,,,
,,,,,,,,,,,,,
,,,,,,,,,,,,,
,,,,,,,,,,,,,
,,,,,,,,,,,,,
,,,,,,,,,,,,,
,,,,,,,,,,,,,
,,,,,,,,,,,,,
,,,,,,,,,,,,,
,,,,,,,,,,,,,
,,,,,,,,,,,,,
,,,,,,,,,,,,,
,,,,,,,,,,,,,
,,,,,,,,,,,,,
,,,,,,,,,,,,,
,,,,,,,,,,,,,
,,,,,,,,,,,,,
,,,,,,,,,,,,,
,,,,,,,,,,,,,
,,,,,,,,,,,,,
,,,,,,,,,,,,,
,,,,,,,,,,,,,
,,,,,,,,,,,,,
,,,,,,,,,,,,,
,,,,,,,,,,,,,
,,,,,,,,,,,,,
,,,,,,,,,,,,,
,,,,,,,,,,,,,
,,,,,,,,,,,,,
,,,,,,,,,,,,,
,,,,,,,,,,,,,
,,,,,,,,,,,,,
,,,,,,,,,,,,,
,,,,,,,,,,,,,
,,,,,,,,,,,,,
,,,,,,,,,,,,,
,,,,,,,,,,,,,
,,,,,,,,,,,,,
,,,,,,,,,,,,,
,,,,,,,,,,,,,
,,,,,,,,,,,,,
,,,,,,,,,,,,,
,,,,,,,,,,,,,
,,,,,,,,,,,,,
,,,,,,,,,,,,,
,,,,,,,,,,,,,
,,,,,,,,,,,,,
,,,,,,,,,,,,,
,,,,,,,,,,,,,
,,,,,,,,,,,,,
,,,,,,,,,,,,,
,,,,,,,,,,,,,
,,,,,,,,,,,,,
,,,,,,,,,,,,,
,,,,,,,,,,,,,
,,,,,,,,,,,,,
,,,,,,,,,,,,,
,,,,,,,,,,,,,
,,,,,,,,,,,,,
,,,,,,,,,,,,,
,,,,,,,,,,,,,
,,,,,,,,,,,,,
,,,,,,,,,,,,,
,,,,,,,,,,,,,
,,,,,,,,,,,,,
,,,,,,,,,,,,,
,,,,,,,,,,,,,
,,,,,,,,,,,,,
,,,,,,,,,,,,,
,,,,,,,,,,,,,
,,,,,,,,,,,,,
,,,,,,,,,,,,,
,,,,,,,,,,,,,
,,,,,,,,,,,,,
