ASCOF Outcomes 2013-14,Proportion of people who use services who have control over their daily life,,,Proportion of people who use services who have control over their daily life,,,Proportion of people who use services who have control over their daily life,,,Proportion of people who use services who have control over their daily life,,,Proportion of people who use services who have control over their daily life,,,
,TOTAL,,,MALE,,,FEMALE,,,18 to 64,,,65 and over,,,
,1B,1B,1B,1B,1B,1B,1B,1B,1B,1B,1B,1B,1B,1B,1B,
,Confidence Interval,Base,Outcome,Confidence Interval,Base,Outcome,Confidence Interval,Base,Outcome,Confidence Interval,Base,Outcome,Confidence Interval,Base,Outcome,
,,,,,,,,,,,,,,,,
,,Number of respondents that have answered question 3a,Proportion of respondents who felt they had control over their daily life,,Number of male respondents that have answered question 3a,Proportion of male respondents who felt they had control over their daily life,,Number of female respondents that have answered question 3a,Proportion of female respondents who felt they had control over their daily life,,Number of respondents (aged 18 to 64) that have answered question 3a,Proportion of respondents (aged 18 to 64) who felt they had control over their daily life,,Number of respondents (aged 65 and over) that have answered question 3a,Proportion of respondents (aged 65 and over) who felt they had control over their daily life,
,,ASCS - question 3a,"* Outcome is a
  weighted value",,ASCS - question 3a,"* Outcome is a
  weighted value",,ASCS - question 3a,"* Outcome is a
  weighted value",,ASCS - question 3a,"* Outcome is a
  weighted value",,ASCS - question 3a,"* Outcome is a
  weighted value",
,Confidence Interval,Base,Outcome,MALE Confidence Interval,MALE Base,MALE Outcome,FEMALE Confidence Interval,FEMALE Base,FEMALE Outcome,18 to 64 Confidence Interval,18 to 64 Base,18 to 64 Outcome,65 and over Confidence Interval,65 and over Base,65 and over Outcome,
Cumbria,3.4,500,81.2,5.3,205,82.4,4.4,295,80.4,5.8,175,80.1,4.1,325,81.7,
Northumberland,3.4,475,80.6,5.2,195,83.6,4.6,285,78.7,4.6,170,82.4,4.4,305,79.9,
Gateshead,3.6,455,78.1,6.0,175,78.9,4.8,280,77.6,5.6,145,83.0,4.6,315,76.1,
Newcastle upon Tyne,3.8,410,76.7,6.1,170,77.0,5.2,240,76.4,5.3,150,83.9,5.2,265,72.6,
North Tyneside,3.6,490,77.7,5.9,195,81.0,4.9,300,75.9,4.0,235,86.0,5.2,255,73.2,
South Tyneside,4.2,340,77.7,7.4,120,77.0,5.3,220,78.1,7.8,90,79.5,5.0,250,77.1,
Sunderland,3.4,525,76.3,5.9,205,74.3,4.3,325,77.5,4.7,200,82.0,4.5,330,73.4,
Hartlepool,3.3,555,76.3,5.6,200,77.1,4.3,355,75.8,6.6,140,68.2,3.7,420,80.0,
Middlesbrough,3.2,470,81.7,5.4,200,80.8,4.3,270,82.4,4.6,200,85.2,4.4,275,79.4,
Redcar and Cleveland,4.0,410,75.2,7.3,125,75.9,4.9,285,74.9,6.8,120,79.7,4.9,290,73.2,
Stockton-on-Tees,3.5,485,80.2,5.9,170,82.3,4.5,315,79.1,5.7,185,81.1,4.4,300,79.8,
Durham,3.5,465,81.2,5.7,180,81.0,4.6,285,81.3,6.4,130,81.5,4.2,335,81.0,
Darlington,4.6,325,74.8,7.1,135,74.0,6.2,190,75.3,8.6,110,67.8,5.3,220,78.5,
Barnsley,5.1,365,76.1,8.2,130,81.0,6.7,235,73.1,9.8,110,78.6,5.3,255,74.3,
Doncaster,4.3,400,75.9,6.7,165,75.5,5.8,235,76.1,5.4,190,80.4,6.4,210,72.6,
Rotherham,3.3,405,84.0,5.3,145,83.9,4.3,265,84.0,4.2,180,90.2,4.8,225,79.3,
Sheffield,4.5,380,74.2,7.9,115,76.8,5.6,265,73.0,7.5,120,75.7,5.6,255,73.4,
Bradford,3.5,870,78.1,5.2,385,80.6,4.9,485,76.1,5.7,350,82.3,4.3,520,74.4,
Calderdale,3.6,475,78.6,6.0,205,78.4,4.8,270,78.8,5.5,210,80.5,4.7,265,77.7,
Kirklees,3.1,695,78.2,5.0,260,81.3,4.0,435,76.5,5.9,215,78.9,3.6,480,78.0,
Leeds,3.3,465,80.4,5.1,165,83.5,4.6,300,78.5,5.2,140,85.5,4.3,330,77.5,
Wakefield,3.9,400,79.2,6.4,140,80.0,5.0,255,78.7,5.6,140,86.5,5.2,255,75.0,
East Riding of Yorkshire,2.7,845,79.5,4.4,345,80.9,3.6,500,78.6,3.5,380,82.5,3.6,465,78.1,
Kingston upon Hull,3.8,410,79.6,6.3,155,79.3,4.9,250,79.8,6.6,125,83.6,4.7,280,77.6,
North East Lincolnshire,4.0,380,77.6,7.1,145,76.6,5.0,235,78.3,5.8,125,80.8,5.1,255,76.4,
North Lincolnshire,3.9,325,81.4,7.1,105,82.0,4.9,220,81.1,5.9,130,84.6,5.2,195,79.0,
North Yorkshire,3.7,505,75.0,6.2,205,70.4,4.7,300,78.2,6.3,145,81.4,4.6,365,72.2,
York,3.0,595,80.3,5.3,215,80.4,3.9,380,80.2,6.2,140,83.5,3.5,455,79.4,
Bolton,3.6,630,75.8,5.7,250,74.0,4.8,380,77.1,5.9,180,74.3,4.3,450,77.1,
Bury,4.5,350,69.2,7.4,140,66.7,6.0,205,71.0,6.3,160,74.9,6.4,185,64.4,
Manchester,4.6,360,73.5,7.2,145,75.1,6.2,215,72.3,6.8,150,71.1,6.3,205,75.8,
Oldham,4.7,340,74.1,7.4,140,76.0,6.3,200,72.6,7.2,110,78.6,6.1,230,71.5,
Rochdale,3.4,510,77.1,5.6,195,77.5,4.5,315,76.9,5.5,180,79.9,4.4,330,75.4,
Salford,2.4,"1,185",72.7,3.9,490,72.8,3.2,700,72.6,3.3,535,70.5,3.2,655,73.8,
Stockport,3.9,430,77.6,5.8,195,79.2,5.5,235,76.3,6.1,155,83.7,5.1,270,73.8,
Tameside,3.9,410,74.2,6.6,155,75.1,5.1,255,73.7,7.4,120,75.3,4.7,295,73.8,
Trafford,4.4,365,76.0,6.5,130,82.7,5.9,235,72.0,7.6,100,83.8,5.4,265,71.3,
Wigan,4.0,405,75.0,6.5,150,75.8,5.2,255,74.5,7.1,125,74.9,4.8,285,75.1,
Knowsley,3.6,470,75.5,6.1,205,72.4,4.8,265,77.8,5.4,180,80.8,4.9,295,72.3,
Liverpool,3.5,640,72.1,5.3,300,71.8,4.8,345,72.4,4.8,270,80.9,4.7,370,67.9,
Sefton,4.0,395,76.6,6.4,160,78.3,5.4,240,75.5,6.4,140,79.5,5.1,255,75.2,
St. Helens,4.4,315,81.5,7.9,110,80.6,5.5,205,82.0,9.5,75,86.4,5.0,240,79.9,
Wirral,3.3,545,79.9,5.4,200,80.3,4.2,345,79.7,6.2,175,75.8,3.9,370,81.5,
Halton,2.9,590,81.2,5.1,235,80.8,4.0,355,81.5,4.8,195,78.3,3.6,390,82.1,
Warrington,4.3,370,79.1,7.6,135,79.4,5.5,235,79.0,5.9,130,84.9,5.6,240,76.7,
Lancashire,3.8,430,76.3,6.1,170,78.5,5.0,265,75.0,6.0,175,73.7,5.0,260,77.9,
Blackburn with Darwen,2.6,365,86.2,4.4,120,92.9,3.8,245,83.2,3.6,105,91.9,3.2,260,84.5,
Blackpool,3.9,390,77.5,5.2,245,76.3,6.5,145,79.5,6.7,110,82.5,4.7,280,75.7,
Cheshire East,4.2,350,78.4,6.8,135,80.6,5.6,215,76.9,6.5,130,81.7,5.6,215,75.9,
Cheshire West and Chester,3.4,680,82.1,6.1,285,80.5,4.2,395,83.1,4.9,415,83.7,4.7,270,80.5,
Warwickshire,3.8,480,72.4,6.3,180,73.1,4.9,305,71.9,6.1,140,81.9,4.8,340,68.3,
Birmingham,3.9,505,69.7,5.9,210,72.9,5.3,290,67.4,5.5,185,78.5,5.1,320,65.6,
Coventry,4.1,390,78.5,7.2,140,77.6,5.1,250,79.0,6.7,135,83.0,5.2,255,75.9,
Dudley,3.2,625,77.5,4.9,270,80.0,4.4,355,75.9,3.5,275,84.5,4.3,345,74.4,
Sandwell,3.9,415,76.7,7.1,145,75.6,4.9,265,77.3,5.5,155,83.6,5.1,260,73.8,
Solihull,3.4,545,74.8,5.5,215,75.5,4.5,330,74.4,5.5,185,78.8,4.3,360,72.5,
Walsall,2.2,"1,090",73.2,4.2,415,72.6,3.1,675,73.5,3.2,375,79.9,2.9,715,70.1,
Wolverhampton,4.3,325,77.6,6.9,145,74.8,5.6,180,79.9,6.7,110,83.2,5.5,215,74.8,
Staffordshire,4.6,365,73.9,7.4,120,75.3,5.9,245,73.2,8.5,105,73.7,5.6,260,73.9,
Stoke-on-Trent,4.2,370,77.5,7.1,145,76.2,5.4,225,78.3,7.6,120,76.1,5.0,250,78.3,
Herefordshire,3.8,370,77.3,6.4,125,80.4,4.9,245,75.5,5.7,95,88.0,4.9,275,71.6,
Worcestershire,3.8,435,77.5,5.4,185,81.9,5.3,250,74.3,5.6,150,83.8,5.0,280,74.1,
Shropshire,4.6,335,71.8,7.6,135,65.2,5.8,200,76.2,6.8,150,71.5,6.2,190,72.0,
Telford and the Wrekin,3.6,435,79.8,6.0,185,79.5,4.8,250,80.0,5.4,205,77.4,4.8,230,81.4,
Lincolnshire,3.9,430,77.3,6.7,150,77.3,4.7,280,77.3,8.3,105,72.9,4.4,325,79.0,
Northamptonshire,3.9,440,75.9,5.9,160,82.3,5.2,280,72.6,4.5,170,86.4,5.3,270,71.1,
Derbyshire,3.4,695,75.5,5.5,295,73.3,4.3,400,76.9,4.2,320,78.8,4.4,370,74.2,
Derby,3.5,435,80.2,5.9,160,80.8,4.5,275,79.9,5.7,140,85.7,4.5,290,77.2,
Leicestershire,4.3,385,75.0,6.9,150,76.1,5.6,235,74.2,7.0,125,79.9,5.4,260,72.8,
Leicester,3.5,605,71.5,5.2,285,73.9,4.9,320,69.6,4.6,315,75.3,5.0,295,68.7,
Rutland,5.0,135,75.1,10.7,40,81.1,6.8,95,72.7,8.7,35,80.0,6.2,100,73.0,
Nottinghamshire,4.3,370,74.4,7.2,135,74.1,5.4,240,74.6,6.7,130,77.0,5.5,240,72.9,
Nottingham,3.5,535,78.6,5.6,225,78.6,4.6,310,78.7,5.7,205,80.0,4.4,335,78.0,
Hertfordshire,4.1,350,75.7,7.6,130,70.3,5.4,215,78.7,5.8,135,76.4,5.6,215,75.3,
Norfolk,3.1,460,85.2,4.7,170,87.9,4.2,290,83.6,4.9,135,89.9,4.0,325,82.7,
Oxfordshire,3.4,485,81.5,5.4,185,83.6,4.6,300,80.2,4.1,240,85.3,5.0,245,79.0,
Suffolk,3.5,680,76.2,6.1,240,76.6,4.4,440,76.1,5.3,265,80.3,4.5,420,74.5,
Luton,3.6,515,70.7,5.4,235,74.0,5.2,280,68.1,5.4,235,69.2,4.8,280,71.8,
Buckinghamshire,3.9,505,70.0,6.5,185,69.7,4.9,320,70.2,7.1,130,78.2,4.6,380,66.9,
Milton Keynes,3.6,465,76.1,5.7,180,76.4,4.9,285,75.9,5.6,145,81.2,4.7,320,73.6,
Bracknell Forest,2.4,720,75.9,4.4,280,79.2,3.5,435,73.8,3.6,320,79.3,3.3,400,72.9,
West Berkshire,3.4,455,77.4,5.5,180,80.3,4.7,275,75.5,5.4,160,81.2,4.3,300,74.8,
Reading,3.5,420,78.0,5.5,180,81.8,5.0,240,75.0,5.4,165,80.4,4.7,260,76.1,
Slough,4.4,340,72.3,7.2,130,77.5,5.9,210,69.5,5.8,170,81.0,6.4,170,65.6,
Windsor and Maidenhead,4.4,315,71.6,7.7,105,74.2,5.7,210,70.2,6.9,110,78.4,5.6,205,67.6,
Wokingham,4.2,320,76.9,6.0,140,82.6,6.3,180,72.5,6.0,150,80.3,5.9,165,73.0,
Essex,2.7,695,74.5,4.6,275,77.1,3.8,425,72.9,4.1,280,76.5,3.5,420,73.3,
Southend-on-Sea,4.0,395,73.8,7.3,125,77.1,5.1,265,72.2,6.5,115,77.3,5.0,275,72.3,
Thurrock,4.2,370,72.7,7.9,110,74.5,5.1,260,72.0,8.7,75,72.4,4.8,295,72.8,
Cambridgeshire,3.4,540,79.0,5.7,210,76.5,4.2,325,80.6,5.3,195,82.0,4.3,345,77.4,
Peterborough,3.1,580,76.0,5.4,220,76.5,4.2,360,75.7,5.5,190,78.4,3.8,390,74.6,
Bedford,3.5,435,77.6,5.9,170,78.8,4.7,265,76.8,5.7,150,78.7,4.4,285,76.9,
Central Bedfordshire,3.5,450,78.9,6.3,175,75.1,4.5,275,81.3,5.3,145,84.6,4.6,305,76.3,
Camden,4.3,380,71.8,6.6,165,73.7,6.1,200,72.3,6.6,160,73.6,5.7,220,70.0,
Greenwich,4.1,395,73.0,6.7,160,71.6,5.4,235,74.0,5.6,195,73.6,5.9,200,72.5,
Hackney,4.5,370,67.8,7.5,140,70.7,6.0,230,66.1,6.3,195,68.6,6.7,175,67.0,
Hammersmith and Fulham,4.6,340,72.5,7.0,145,77.1,6.4,195,69.1,7.8,110,77.7,5.7,230,69.6,
Islington,2.3,990,73.7,3.7,420,76.1,3.3,570,71.9,3.7,395,71.6,2.8,595,75.4,
Kensington and Chelsea,4.4,335,73.1,7.2,135,75.4,6.1,205,71.6,6.0,150,69.6,5.9,190,74.7,
Lambeth,4.3,430,68.8,6.2,180,77.8,6.0,250,62.3,5.9,225,70.3,6.2,210,67.3,
Lewisham,3.2,765,74.1,4.7,360,76.2,4.5,405,72.4,4.5,390,78.8,4.4,380,70.5,
Southwark,2.2,"1,265",68.1,3.7,510,71.2,3.1,755,66.0,3.2,465,70.7,2.9,800,66.6,
Tower Hamlets,2.2,"1,110",69.9,3.6,490,71.6,3.3,620,68.5,3.7,445,70.1,2.8,665,69.7,
Wandsworth,2.9,700,73.9,4.5,315,75.8,4.1,385,72.5,4.0,340,75.9,4.1,355,72.4,
Westminster,4.2,370,76.2,6.7,155,76.2,5.6,220,76.2,6.2,185,71.8,5.7,185,79.4,
City of London,..,..,..,..,..,..,..,..,..,..,..,..,..,..,..,
Barking and Dagenham,5.8,350,72.3,9.4,135,72.6,7.7,215,72.1,6.6,155,73.0,9.1,190,71.8,
Barnet,3.8,475,73.3,6.1,190,72.6,5.0,285,73.9,6.6,165,73.6,4.6,310,73.1,
Bexley,4.4,340,76.5,6.4,140,82.7,6.1,205,72.4,6.5,160,76.0,5.8,180,77.1,
Brent,3.7,495,61.2,5.9,230,58.4,5.4,270,63.5,5.6,205,65.8,5.0,295,58.2,
Bromley,3.4,725,72.7,5.6,280,75.2,4.4,445,71.4,3.1,345,83.3,4.6,380,68.3,
Croydon,4.0,420,74.9,6.9,150,76.3,5.1,270,74.2,6.2,160,76.7,5.2,260,74.0,
Ealing,4.4,430,72.8,6.3,210,74.3,6.3,220,71.4,7.5,145,72.7,5.4,285,72.8,
Enfield,3.6,575,69.2,6.3,210,68.9,4.6,370,69.4,5.6,225,73.3,4.7,355,66.7,
Haringey,4.5,350,71.0,7.8,135,70.4,5.9,215,71.5,6.3,160,75.8,6.4,190,67.7,
Harrow,4.2,425,66.9,7.6,150,62.8,5.2,270,69.2,7.0,150,66.7,5.2,275,67.0,
Havering,4.2,390,72.4,7.9,115,73.2,5.1,280,72.0,6.6,125,80.0,5.3,270,69.5,
Hillingdon,3.4,570,72.3,5.4,240,75.2,4.8,330,70.3,4.5,220,82.7,4.6,350,67.0,
Hounslow,3.4,610,66.2,5.7,250,67.8,4.7,360,65.1,5.7,230,69.6,4.2,375,63.5,
Kingston upon Thames,4.4,290,78.3,7.4,115,78.8,5.8,175,78.0,5.8,140,85.7,6.7,150,70.9,
Merton,3.5,515,73.7,5.4,210,78.0,5.0,310,70.7,5.0,195,76.3,4.7,320,72.3,
Newham,3.8,575,71.3,5.9,235,76.5,5.1,340,68.4,4.0,340,77.0,5.8,235,67.1,
Redbridge,3.4,365,87.0,5.3,140,88.7,4.6,225,86.0,5.9,100,89.2,4.1,265,86.2,
Richmond upon Thames,4.4,295,75.2,6.3,130,80.4,6.6,165,71.1,7.0,100,82.2,5.7,195,71.4,
Sutton,3.9,395,73.8,6.1,155,78.3,5.5,240,70.9,5.1,155,82.0,5.4,245,69.0,
Waltham Forest,5.0,315,66.4,7.9,135,70.2,6.9,180,63.8,6.7,165,72.0,7.6,150,60.7,
Isle of Wight,3.3,460,79.5,5.6,170,82.0,4.4,290,78.1,4.9,155,85.9,4.3,305,76.3,
Surrey,2.7,580,86.2,4.3,235,85.6,3.4,345,86.6,3.6,200,88.3,3.5,380,85.3,
West Sussex,3.6,450,79.0,6.0,160,79.2,4.6,295,78.8,5.4,160,85.5,4.8,295,75.2,
Dorset,3.7,395,77.7,5.6,170,80.1,5.3,225,76.0,5.4,200,74.8,5.1,195,80.0,
Bournemouth,3.3,495,78.8,5.3,215,79.2,4.6,285,78.5,4.3,205,82.0,4.4,295,77.3,
Poole,3.6,365,80.7,5.7,140,83.5,5.0,225,78.9,6.1,95,89.2,4.5,275,77.0,
Hampshire,2.4,"1,135",80.9,3.9,445,82.2,3.1,690,80.3,2.6,535,87.7,3.3,600,77.7,
Portsmouth,2.5,615,80.6,4.5,230,84.1,3.6,385,78.5,3.4,250,86.0,3.5,365,77.3,
Southampton,4.6,370,76.6,8.4,135,70.4,5.5,235,80.3,8.5,115,70.3,5.1,255,81.0,
East Sussex,3.6,460,81.3,6.3,165,80.0,4.4,295,81.9,7.0,120,81.2,4.1,340,81.3,
Brighton and Hove,4.0,320,81.6,6.7,135,80.6,5.1,190,82.3,6.4,125,81.4,5.1,195,81.8,
Wiltshire,3.9,385,80.4,6.8,140,76.5,4.7,245,82.6,5.4,115,89.8,5.0,270,76.4,
Swindon,4.1,365,76.5,5.9,140,85.2,5.6,225,71.4,5.5,175,77.5,5.9,190,75.6,
Kent,3.3,595,77.6,5.0,215,82.3,4.3,375,74.9,5.1,230,78.3,4.3,365,77.2,
Medway Towns,4.0,385,76.6,6.7,150,75.7,5.2,230,77.2,7.0,120,77.4,4.9,260,76.2,
Cornwall,3.8,435,79.2,6.4,160,78.2,4.8,275,79.7,6.4,125,84.6,4.6,310,76.7,
Gloucestershire,3.4,490,80.7,5.2,190,80.1,4.5,300,81.0,4.9,155,83.9,4.5,335,79.1,
Somerset,3.3,535,79.9,5.4,190,80.8,4.2,340,79.4,5.0,160,83.5,4.1,370,78.5,
Isles of Scilly,..,..,..,..,..,..,..,..,..,..,..,..,..,..,..,
Bath and North East Somerset,3.2,485,79.6,5.8,175,80.0,4.2,310,79.4,4.6,190,83.2,4.3,295,77.5,
Bristol,3.6,470,74.1,6.3,185,71.4,4.7,285,75.8,5.1,185,75.6,4.8,285,73.3,
North Somerset,3.7,385,79.1,6.2,145,78.6,4.9,240,79.5,6.3,120,79.4,4.6,265,79.0,
South Gloucestershire,3.1,530,80.2,4.8,195,85.4,4.2,335,77.1,4.3,195,85.9,4.2,335,77.0,
Devon,4.2,405,75.5,6.8,160,73.6,5.4,245,76.7,6.1,170,79.0,5.8,235,72.7,
Plymouth,4.0,365,78.1,6.5,155,76.2,5.3,210,79.4,5.4,145,85.4,5.5,225,74.1,
Torbay,4.1,375,76.7,6.5,155,78.1,5.5,220,75.7,5.9,180,76.7,5.7,195,76.6,
,,,,,,,,,,,,,,,,
ENGLAND,0.4,"72,390",76.8,0.6,"28,565",77.5,0.5,"43,800",76.3,0.6,"27,405",79.5,0.5,"44,980",75.3,
Number of councils the national total is based on,150,150,150,150,150,150,150,150,150,150,150,150,150,150,150,
,,,,,,,,,,,,,,,,
Shire Counties,0.8,"13,800",77.8,1.2,"5,275",78.6,1.0,"8,520",77.4,1.3,"5,045",80.5,1.0,"8,755",76.5,
Unitary Authorities,0.6,"24,295",78.2,1.0,"9,485",78.2,0.8,"14,810",78.2,1.0,"8,930",80.6,0.8,"15,365",76.9,
Metropolitan Districts,0.7,"17,920",76.2,1.1,"7,090",77.2,0.9,"10,830",75.6,1.1,"6,545",79.9,0.9,"11,375",74.2,
Inner London,1.1,"7,460",71.8,1.7,"3,175",74.5,1.5,"4,265",70.1,1.6,"3,250",72.6,1.5,"4,210",71.2,
Outer London,0.9,"8,910",72.7,1.5,"3,540",74.1,1.3,"5,370",71.8,1.4,"3,640",76.2,1.3,"5,270",70.6,
,,,,,,,,,,,,,,,,
North East,1.2,"5,420",78.6,2.0,"2,070",79.2,1.6,"3,350",78.3,2.1,"1,870",80.5,1.5,"3,550",77.7,
North West,1.0,"11,020",76.8,1.5,"4,495",77.6,1.3,"6,525",76.3,1.6,"4,085",77.8,1.2,"6,935",76.2,
Yorkshire and the Humber,1.0,"7,515",78.0,1.7,"2,890",78.8,1.4,"4,625",77.5,1.7,"2,695",82.1,1.3,"4,820",75.9,
East Midlands,1.4,"4,030",75.9,2.3,"1,590",76.5,1.8,"2,440",75.6,2.3,"1,550",78.7,1.8,"2,480",74.6,
West Midlands,1.4,"6,685",74.6,2.1,"2,610",75.1,1.8,"4,070",74.3,2.3,"2,390",78.5,1.7,"4,290",72.5,
South West,1.3,"6,485",78.6,2.1,"2,520",78.0,1.6,"3,960",79.0,1.9,"2,420",82.6,1.6,"4,065",76.5,
Eastern,1.3,"5,465",78.4,2.1,"2,060",79.1,1.7,"3,410",78.0,2.0,"1,920",81.6,1.7,"3,545",76.7,
London,0.7,"16,370",72.4,1.1,"6,715",74.3,1.0,"9,635",71.2,1.1,"6,890",74.6,1.0,"9,480",70.8,
South East,1.0,"9,395",79.1,1.6,"3,610",80.2,1.3,"5,785",78.4,1.6,"3,590",82.0,1.3,"5,805",77.5,
,,,,,,,,,,,,,,,,
,,,,,,,,,,,,,,,,
Notes:,,,,,,,,,,,,,,,,
..  represents data that are unavailable.,,,,,,,,,,,,,,,,
"-  means constituent values less than six are suppressed. However, for Delayed Transfers of Care data (which are averages of 12 monthly values) the equivalent suppression is achieved by suppressing 
    annual values less than 0.5 (6/12) and for survey data, values of less than three are supressed. Where elements of an indicator are suppressed the indicator itself is also suppressed. 
    Measure 1F and 1H for 2013-14 have outcome data (the annual outcome is based on an average of the monthly outcomes), but not numerators and denominators, which are available for each month 
    with the ASCOF publication on the HSCIC website http://www.hscic.gov.uk/pubs/adusoccareof1314fin . Outcomes for 1F and 1H have been suppressed if the annual average numerator or 
   denominator is less than 0.5 (6/12).",,,,,,,,,,,,,,,,
"1. Numerator and denominator values used to calculate the indicator are rounded to the nearest five. The exception is for Measure 2C, where the numerators are rounded to the nearest one.",,,,,,,,,,,,,,,,
"2. 1A, 1B, 1D, 1I, 3A, 3B, 3C, 3D, 4A and 4B are based on survey data. The base for 1A, 1B, 1I, 3A, 3D, 4A and 4B (i.e. the number of responses on which the outcome is based) should be taken into 
    account when assessing the reliability of the outcome values. Outcomes based on a small base should be treated with caution.",,,,,,,,,,,,,,,,
"3. 1A, 1B, 1I(1), 3A, 3D(1), 4A and 4B have been weighted to reflect that a stratified sample was taken and to account for non-response bias.",,,,,,,,,,,,,,,,
"4. 1D, 1I(2), 3B, 3C and 3D(2) are based solely on the Carers' survey. This is a biennial survey which took place for the first time in 2012-13, therefore no data are available for 2013-14.",,,,,,,,,,,,,,,,
,,,,,,,,,,,,,,,,
,,,,,,,,,,,,,,,,
,,,,,,,,,,,,,,,,
,,,,,,,,,,,,,,,,
,,,,,,,,,,,,,,,,
,,,,,,,,,,,,,,,,
,,,,,,,,,,,,,,,,
,,,,,,,,,,,,,,,,
,,,,,,,,,,,,,,,,
,,,,,,,,,,,,,,,,
,,,,,,,,,,,,,,,,
,,,,,,,,,,,,,,,,
,,,,,,,,,,,,,,,,
,,,,,,,,,,,,,,,,
,,,,,,,,,,,,,,,,
,,,,,,,,,,,,,,,,
,,,,,,,,,,,,,,,,
,,,,,,,,,,,,,,,,
,,,,,,,,,,,,,,,,
,,,,,,,,,,,,,,,,
,,,,,,,,,,,,,,,,
,,,,,,,,,,,,,,,,
,,,,,,,,,,,,,,,,
,,,,,,,,,,,,,,,,
,,,,,,,,,,,,,,,,
,,,,,,,,,,,,,,,,
,,,,,,,,,,,,,,,,
,,,,,,,,,,,,,,,,
,,,,,,,,,,,,,,,,
,,,,,,,,,,,,,,,,
,,,,,,,,,,,,,,,,
,,,,,,,,,,,,,,,,
,,,,,,,,,,,,,,,,
,,,,,,,,,,,,,,,,
,,,,,,,,,,,,,,,,
,,,,,,,,,,,,,,,,
,,,,,,,,,,,,,,,,
,,,,,,,,,,,,,,,,
,,,,,,,,,,,,,,,,
,,,,,,,,,,,,,,,,
,,,,,,,,,,,,,,,,
,,,,,,,,,,,,,,,,
,,,,,,,,,,,,,,,,
,,,,,,,,,,,,,,,,
,,,,,,,,,,,,,,,,
,,,,,,,,,,,,,,,,
,,,,,,,,,,,,,,,,
,,,,,,,,,,,,,,,,
,,,,,,,,,,,,,,,,
,,,,,,,,,,,,,,,,
,,,,,,,,,,,,,,,,
,,,,,,,,,,,,,,,,
,,,,,,,,,,,,,,,,
,,,,,,,,,,,,,,,,
,,,,,,,,,,,,,,,,
,,,,,,,,,,,,,,,,
,,,,,,,,,,,,,,,,
,,,,,,,,,,,,,,,,
,,,,,,,,,,,,,,,,
,,,,,,,,,,,,,,,,
,,,,,,,,,,,,,,,,
,,,,,,,,,,,,,,,,
,,,,,,,,,,,,,,,,
,,,,,,,,,,,,,,,,
,,,,,,,,,,,,,,,,
,,,,,,,,,,,,,,,,
,,,,,,,,,,,,,,,,
,,,,,,,,,,,,,,,,
,,,,,,,,,,,,,,,,
,,,,,,,,,,,,,,,,
,,,,,,,,,,,,,,,,
,,,,,,,,,,,,,,,,
,,,,,,,,,,,,,,,,
,,,,,,,,,,,,,,,,
,,,,,,,,,,,,,,,,
,,,,,,,,,,,,,,,,
,,,,,,,,,,,,,,,,
,,,,,,,,,,,,,,,,
,,,,,,,,,,,,,,,,
,,,,,,,,,,,,,,,,
,,,,,,,,,,,,,,,,
,,,,,,,,,,,,,,,,
,,,,,,,,,,,,,,,,
,,,,,,,,,,,,,,,,
,,,,,,,,,,,,,,,,
,,,,,,,,,,,,,,,,
,,,,,,,,,,,,,,,,
,,,,,,,,,,,,,,,,
,,,,,,,,,,,,,,,,
,,,,,,,,,,,,,,,,
,,,,,,,,,,,,,,,,
,,,,,,,,,,,,,,,,
,,,,,,,,,,,,,,,,
,,,,,,,,,,,,,,,,
,,,,,,,,,,,,,,,,
,,,,,,,,,,,,,,,,
,,,,,,,,,,,,,,,,
,,,,,,,,,,,,,,,,
,,,,,,,,,,,,,,,,
,,,,,,,,,,,,,,,,
,,,,,,,,,,,,,,,,
,,,,,,,,,,,,,,,,
,,,,,,,,,,,,,,,,
,,,,,,,,,,,,,,,,
,,,,,,,,,,,,,,,,
,,,,,,,,,,,,,,,,
,,,,,,,,,,,,,,,,
,,,,,,,,,,,,,,,,
,,,,,,,,,,,,,,,,
,,,,,,,,,,,,,,,,
,,,,,,,,,,,,,,,,
,,,,,,,,,,,,,,,,
,,,,,,,,,,,,,,,,
,,,,,,,,,,,,,,,,
,,,,,,,,,,,,,,,,
,,,,,,,,,,,,,,,,
,,,,,,,,,,,,,,,,
,,,,,,,,,,,,,,,,
,,,,,,,,,,,,,,,,
,,,,,,,,,,,,,,,,
,,,,,,,,,,,,,,,,
,,,,,,,,,,,,,,,,
,,,,,,,,,,,,,,,,
,,,,,,,,,,,,,,,,
,,,,,,,,,,,,,,,,
,,,,,,,,,,,,,,,,
,,,,,,,,,,,,,,,,
,,,,,,,,,,,,,,,,
,,,,,,,,,,,,,,,,
,,,,,,,,,,,,,,,,
,,,,,,,,,,,,,,,,
,,,,,,,,,,,,,,,,
,,,,,,,,,,,,,,,,
,,,,,,,,,,,,,,,,
,,,,,,,,,,,,,,,,
,,,,,,,,,,,,,,,,
,,,,,,,,,,,,,,,,
,,,,,,,,,,,,,,,,
,,,,,,,,,,,,,,,,
,,,,,,,,,,,,,,,,
,,,,,,,,,,,,,,,,
,,,,,,,,,,,,,,,,
,,,,,,,,,,,,,,,,
,,,,,,,,,,,,,,,,
,,,,,,,,,,,,,,,,
,,,,,,,,,,,,,,,,
,,,,,,,,,,,,,,,,
,,,,,,,,,,,,,,,,
,,,,,,,,,,,,,,,,
,,,,,,,,,,,,,,,,
,,,,,,,,,,,,,,,,
,,,,,,,,,,,,,,,,
,,,,,,,,,,,,,,,,
,,,,,,,,,,,,,,,,
,,,,,,,,,,,,,,,,
,,,,,,,,,,,,,,,,
,,,,,,,,,,,,,,,,
,,,,,,,,,,,,,,,,
,,,,,,,,,,,,,,,,
,,,,,,,,,,,,,,,,
,,,,,,,,,,,,,,,,
,,,,,,,,,,,,,,,,
,,,,,,,,,,,,,,,,
,,,,,,,,,,,,,,,,
,,,,,,,,,,,,,,,,
,,,,,,,,,,,,,,,,
,,,,,,,,,,,,,,,,
,,,,,,,,,,,,,,,,
,,,,,,,,,,,,,,,,
,,,,,,,,,,,,,,,,
,,,,,,,,,,,,,,,,
,,,,,,,,,,,,,,,,
,,,,,,,,,,,,,,,,
,,,,,,,,,,,,,,,,
,,,,,,,,,,,,,,,,
,,,,,,,,,,,,,,,,
,,,,,,,,,,,,,,,,
,,,,,,,,,,,,,,,,
,,,,,,,,,,,,,,,,
,,,,,,,,,,,,,,,,
,,,,,,,,,,,,,,,,
,,,,,,,,,,,,,,,,
,,,,,,,,,,,,,,,,
,,,,,,,,,,,,,,,,
,,,,,,,,,,,,,,,,
,,,,,,,,,,,,,,,,
,,,,,,,,,,,,,,,,
,,,,,,,,,,,,,,,,
,,,,,,,,,,,,,,,,
,,,,,,,,,,,,,,,,
,,,,,,,,,,,,,,,,
,,,,,,,,,,,,,,,,
,,,,,,,,,,,,,,,,
,,,,,,,,,,,,,,,,
,,,,,,,,,,,,,,,,
,,,,,,,,,,,,,,,,
,,,,,,,,,,,,,,,,
,,,,,,,,,,,,,,,,
,,,,,,,,,,,,,,,,
,,,,,,,,,,,,,,,,
