ASCOF Outcomes 2013-14,Proportion of people using social care who receive direct payments,,,Proportion of people using social care who receive direct payments,,,Proportion of people using social care who receive direct payments,,,Proportion of people using social care who receive direct payments,,,Proportion of people using social care who receive direct payments,,,Proportion of people using social care who receive direct payments,,,Proportion of people using social care who receive direct payments,,,Proportion of people using social care who receive direct payments,,,Proportion of people using social care who receive direct payments,,,Proportion of people using social care who receive self-directed support,,,
,TOTAL,,,Adults aged 18 to 64 with a Physical Disability,,,Adults aged 18 to 64 with a Mental Health problem,,,Adults aged 18 to 64 with a Learning Disability,,,Adults aged 18 to 64,,,Adults aged 65 and over,,,CARERS aged under 65,,,CARERS aged 65 to 74,,,CARERS aged 75 and over,,,CARERS all ages,,,
,1C(2),1C(2),1C(2),1C(2),1C(2),1C(2),1C(2),1C(2),1C(2),1C(2),1C(2),1C(2),1C(2),1C(2),1C(2),1C(2),1C(2),1C(2),1C(2),1C(2),1C(2),1C(2),1C(2),1C(2),1C(2),1C(2),1C(2),1C(2),1C(2),1C(2),
,Numerator,Denominator,Outcome,Numerator,Denominator,Outcome,Numerator,Denominator,Outcome,Numerator,Denominator,Outcome,Numerator,Denominator,Outcome,Numerator,Denominator,Outcome,Numerator,Denominator,Outcome,Numerator,Denominator,Outcome,Numerator,Denominator,Outcome,Numerator,Denominator,Outcome,
,,,,,,,,,,,,,,,,,,,,,,,,,,,,,,,
,Number of clients and carers receiving direct payments in the year to 31 March,Number of clients receiving community-based services and carers receiving carer specific services in the year to 31 March (aged 18 and over),Users and carers receiving direct payments in the year to 31 March as a percentage of clients receiving community-based services and carers receiving carer specific services (aged 18 and over),Number of clients (aged 18 to 64 with a Physical Disability) receiving direct payments in the year to 31 March,Number of clients (aged 18 to 64 with a Physical Disability) receiving community-based services in the year to 31 March,Number of clients (aged 18 to 64 with a Physical Disability) receiving direct payments as a percentage of the total number of clients (aged 18 to 64 with a Physical Disability) receiving community-based services in the year to 31 March,Number of clients (aged 18 to 64 with a Mental Health problem) receiving direct payments in the year to 31 March,Number of clients (aged 18 to 64 with a Mental Health problem) receiving community-based services in the year to 31 March,Number of clients (aged 18 to 64 with a Mental Health problem) receiving direct payments as a percentage of the total number of clients (aged 18 to 64 with a Mental Health problem) receiving community-based services in the year to 31 March,Number of clients (aged 18 to 64 with a Learning Disability) receiving direct payments in the year to 31 March,Number of clients (aged 18 to 64 with a Learning Disability) receiving community-based services in the year to 31 March,Number of clients (aged 18 to 64 with a Learning Disability) receiving direct payments as a percentage of the total number of clients (aged 18 to 64 with a Learning Disability) receiving community-based services in the year to 31 March,Number of clients (aged 18 to 64) receiving direct payments in the year to 31 March,Number of clients (aged 18 to 64) receiving community-based services in the year to 31 March,Number of clients (aged 18 to 64) receiving direct payments as a percentage of the total number of clients (aged 18 to 64) receiving community-based services in the year to 31 March,Number of clients (aged 65 and over) receiving direct payments in the year to 31 March,Number of clients (aged 65 and over) receiving community-based services in the year to 31 March,Number of clients (aged 65 and over) receiving direct payments as a percentage of the total number of clients (aged 65 and over) receiving community-based services in the year to 31 March,Number of carers (aged under 65) receiving direct payments in the year to 31 March,Number of carers receiving carer specific services in the year to 31 March (aged under 65),Number of carers (aged under 65) receiving direct payments as a percentage of carers (aged under 65) receiving carer specific services in the year to 31 March,Number of carers (aged 65 to 74) receiving direct payments in the year to 31 March,Number of carers receiving carer specific services in the year to 31 March (aged 65 to 74),Number of carers (aged 65 to 74) receiving direct payments as a percentage of carers (aged 65 to 74) receiving carer specific services in the year to 31 March,Number of carers (aged 75 and over) receiving direct payments in the year to 31 March,Number of carers receiving carer specific services in the year to 31 March (aged 75 and over),Number of carers (aged 75 and over) receiving direct payments as a percentage of carers (aged 75 and over) receiving carer specific services in the year to 31 March,Number of carers receiving direct payments in the year to 31 March,Number of carers receiving carer specific services in the year to 31 March,Number of carers receiving direct payments as a percentage of carers receiving carer specific services in the year to 31 March,
,RAP - Table SD1 row 10 col 1 + col 2 + col 4 (18 and over) and Table SD3 row 6 col 1 + col 2 + col 4 (all ages),RAP - Table P2f pg1 row 11 col1 + pg3 row 11 col1 + Table C2 pg1 row 5 col1,,RAP - Table SD1 pg1 row 1 (aged 18 to 64 with a Physical Disability ) col 1 + col 2 + col 4 (Total) ,RAP - Table P2f pg1 row 1 (aged 18 to 64 with a Physical Disability) col 1 (Total of clients) ,,RAP - Table SD1 pg1 row 2 (aged 18 to 64 with a Mental Health problem )col 1 + col 2 + col 4 (Total) ,RAP - Table P2f pg1 row 6 (aged 18 to 64 with a Mental Health problem) col 1 (Total of clients) ,,RAP - Table SD1 pg1 row 3 (aged 18 to 64 with a Learning Disabilty ) col 1 + col 2 + col 4 (Total) ,RAP - Table P2f pg1 row 8 (aged 18 to 64 with a Learning Disability) col 1 (Total of clients) ,,RAP - Table SD1 pg1 row 6 (aged 18 to 64) col 1 + col 2 + col 4 (Total) ,RAP - Table P2f pg1 row 11 (aged 18 to 64 ) col 1 (Total of clients) ,,RAP - Table SD1 pg1 rows 7-9 (aged 65 and over) col 1 + col 2 + col 4 (Total) ,RAP - Table P2f pg3 row 11 (aged 65 and over) col 1 (Total of clients) ,,RAP - Table SD3 rows 1-2 (aged under 65) col 1 + col 2 + col 4 (Total),RAP - Table C2 pg1 row 1-2 (aged under 65) col1 (Total),,RAP - Table SD3 row 3 (aged 65 to 74) col 1 + col 2 + col 4 (Total),RAP - Table C2 pg1 row 3 (aged 65 to 74) col1 (Total),,RAP - Table SD3 rows 4-5 (aged 75 and over) col 1 + col 2 + col 4 (Total),RAP - Table C2 pg1 row 4 (aged 75 and over) col1 (Total),,RAP - Table SD3 row 6 (all ages) col 1 + col 2 + col 4 (Total),RAP - Table C2 pg1 row 4 (all ages) col1 (Total),,
,,,,,,,,,,,,,,,,,,,,,,,,,,,,,,,
Cumbria,"4,595","16,225",28.3,790,"1,245",63.3,660,"1,205",54.8,320,"1,105",28.8,"1,805","3,630",49.7,"2,730","6,280",43.4,-,-,-,-,-,-,-,-,-,60,"6,310",1.0,
Northumberland,705,"5,020",14.0,145,540,26.6,30,355,9.0,140,640,21.8,315,"1,540",20.5,385,"3,230",11.9,-,-,-,-,-,-,-,-,-,-,-,-,
Gateshead,410,"4,490",9.1,145,505,29.1,25,195,13.3,95,400,23.5,270,"1,170",23.2,135,"2,890",4.6,-,-,-,-,-,-,-,-,-,-,-,-,
Newcastle upon Tyne,"2,465","6,745",36.6,235,715,32.8,90,460,19.7,275,740,37.2,605,"1,985",30.5,320,"3,105",10.3,835,880,95.2,210,225,95.1,495,555,88.5,"1,540","1,660",92.9,
North Tyneside,565,"3,460",16.3,105,310,34.0,45,245,19.3,240,515,46.2,400,"1,110",36.2,105,"1,950",5.5,-,-,-,-,-,-,-,-,-,55,405,13.6,
South Tyneside,"1,210","5,100",23.8,150,595,25.0,40,165,25.8,115,430,26.8,310,"1,200",25.7,220,"3,215",6.9,495,495,100.0,135,135,100.0,55,55,100.0,685,685,100.0,
Sunderland,850,"5,195",16.3,175,525,33.1,20,260,7.7,230,600,38.6,430,"1,465",29.2,355,"3,265",10.9,45,265,17.5,10,100,10.0,10,105,8.7,65,465,13.9,
Hartlepool,780,"2,790",27.9,170,320,53.3,120,305,38.7,165,250,64.7,455,890,51.0,160,"1,490",10.6,120,275,44.4,25,60,40.0,20,80,26.9,165,415,40.4,
Middlesbrough,680,"7,920",8.6,170,"1,320",12.7,40,875,4.5,210,560,37.4,415,"2,780",15.0,245,"3,830",6.3,-,-,-,-,-,-,-,-,-,20,"1,310",1.6,
Redcar and Cleveland,810,"4,355",18.6,170,660,26.0,65,140,44.4,265,385,68.7,500,"1,185",42.0,195,"2,590",7.6,60,265,22.1,35,140,25.4,25,170,13.7,120,575,20.5,
Stockton-on-Tees,605,"7,720",7.8,225,"1,395",16.2,40,405,10.2,150,455,32.6,415,"2,305",18.1,185,"4,970",3.7,-,-,-,-,-,-,-,-,-,-,-,-,
Durham,"1,525","17,760",8.6,360,"2,035",17.7,75,"1,365",5.4,390,"1,765",22.2,835,"5,330",15.6,620,"10,160",6.1,50,"1,410",3.4,15,475,3.2,5,385,1.8,70,"2,270",3.1,
Darlington,465,"3,335",13.9,100,420,24.3,20,280,6.8,175,345,50.7,295,"1,070",27.5,90,"2,000",4.4,50,150,33.6,20,65,31.3,10,45,21.3,80,260,30.8,
Barnsley,580,"5,515",10.5,90,350,26.1,10,"1,155",1.0,160,600,26.8,270,"2,130",12.8,155,"2,510",6.2,110,475,23.3,30,195,15.9,15,205,6.3,155,875,17.6,
Doncaster,645,"7,030",9.2,255,730,34.6,5,"1,280",0.5,110,660,17.0,375,"2,690",14.0,130,"3,265",4.0,115,460,24.7,15,105,16.2,10,510,1.6,140,"1,075",12.9,
Rotherham,"1,090","6,680",16.3,255,820,31.2,275,"1,160",23.7,190,590,32.5,725,"2,585",28.0,365,"3,715",9.8,-,-,-,-,-,-,-,-,-,-,-,-,
Sheffield,"3,640","12,680",28.7,730,"1,395",52.5,405,"2,465",16.5,920,"1,335",68.7,"2,090","5,280",39.6,"1,435","6,280",22.8,50,625,8.3,20,220,9.6,45,275,15.8,115,"1,115",10.4,
Bradford,"1,860","10,015",18.6,180,585,31.1,30,"1,715",1.7,260,"1,125",22.9,470,"3,455",13.7,165,"3,095",5.3,620,"1,840",33.6,295,"1,045",28.0,315,575,54.3,"1,225","3,460",35.4,
Calderdale,750,"4,730",15.9,240,335,71.2,35,"1,315",2.6,135,595,22.6,415,"2,260",18.3,335,"2,245",15.0,-,-,-,-,-,-,-,-,-,-,-,-,
Kirklees,"1,285","15,200",8.4,335,"1,675",19.9,105,"1,420",7.3,345,840,41.0,785,"3,965",19.8,500,"9,530",5.2,-,-,-,-,-,-,-,-,-,-,-,-,
Leeds,"2,090","12,400",16.8,510,"1,120",45.5,85,415,20.4,295,"1,585",18.6,920,"3,260",28.2,690,"5,575",12.3,370,"1,040",35.7,60,525,11.9,50,"2,000",2.4,480,"3,565",13.5,
Wakefield,"1,325","7,690",17.2,210,695,29.8,35,895,3.8,155,740,20.7,445,"2,495",17.8,470,"4,395",10.7,295,500,59.0,75,175,44.0,40,130,30.2,410,800,51.1,
East Riding of Yorkshire,"2,825","10,810",26.2,265,935,28.6,85,"1,595",5.2,295,605,48.8,645,"3,150",20.5,300,"4,600",6.5,940,"1,570",59.7,505,800,62.9,435,690,63.4,"1,880","3,060",61.4,
Kingston upon Hull,"1,590","9,330",17.0,325,"1,660",19.5,35,205,16.2,175,475,36.7,540,"2,470",21.8,235,"5,755",4.0,560,720,78.1,145,205,72.1,110,185,60.0,820,"1,105",74.0,
North East Lincolnshire,815,"3,075",26.5,120,280,42.8,35,65,53.7,125,305,40.6,280,650,42.9,100,"1,790",5.6,305,375,81.1,75,110,68.8,55,150,36.7,435,640,68.5,
North Lincolnshire,"1,095","4,180",26.1,135,300,45.2,10,690,1.6,180,275,64.5,325,"1,270",25.5,250,"1,815",13.8,260,540,48.1,125,270,46.8,135,285,46.7,520,"1,095",47.4,
North Yorkshire,"2,530","20,515",12.3,400,"1,865",21.5,70,"1,810",3.8,260,"1,420",18.2,755,"5,280",14.3,445,"11,195",4.0,735,"1,930",38.1,270,885,30.3,330,"1,220",26.9,"1,330","4,040",33.0,
York,605,"6,465",9.4,135,820,16.4,10,250,4.8,130,405,32.4,290,"1,530",19.0,90,"4,690",1.9,155,160,97.5,40,45,88.6,30,40,80.0,225,245,93.0,
Bolton,"1,775","6,140",28.9,290,575,50.8,110,"1,460",7.7,235,605,39.3,655,"2,695",24.3,550,"3,015",18.3,335,240,141.0,95,90,106.7,135,100,134.0,565,430,132.2,
Bury,"1,040","4,545",22.8,240,445,53.6,15,820,1.7,130,375,34.3,420,"1,705",24.7,145,"2,480",5.8,235,210,112.4,105,70,151.4,130,80,161.7,475,360,131.0,
Manchester,"3,625","15,060",24.1,220,"1,325",16.7,45,"2,065",2.2,130,"1,055",12.4,400,"4,995",8.0,245,"5,520",4.5,"2,085","3,315",62.9,510,695,73.3,385,535,71.8,"2,980","4,545",65.5,
Oldham,"1,905","4,200",45.3,280,480,58.3,80,170,48.5,245,420,58.7,615,"1,080",57.0,190,"1,910",9.9,765,790,96.5,200,215,93.1,135,205,65.7,"1,100","1,215",90.6,
Rochdale,790,"5,785",13.6,115,850,13.3,5,590,1.0,280,575,49.0,405,"2,025",19.9,170,"3,315",5.2,160,225,71.0,35,120,30.8,20,100,18.0,215,445,48.2,
Salford,"1,470","8,525",17.2,140,"1,070",13.2,60,820,7.2,145,610,23.8,370,"2,630",14.0,220,"4,660",4.7,685,730,93.8,115,245,47.8,75,260,29.5,880,"1,235",71.1,
Stockport,"1,735","7,835",22.2,305,690,44.2,540,"1,305",41.6,215,670,31.7,"1,075","2,700",39.9,430,"4,275",10.1,130,465,28.1,40,190,22.3,55,200,27.9,230,855,26.8,
Tameside,"1,785","7,265",24.6,135,"1,165",11.6,25,275,8.4,140,470,29.5,295,"1,925",15.4,195,"3,985",4.9,950,930,101.9,215,245,88.2,130,175,73.3,"1,295","1,350",95.7,
Trafford,"2,200","7,695",28.6,185,860,21.7,25,810,3.2,225,475,47.2,440,"2,365",18.6,270,"3,715",7.3,810,880,92.1,370,400,92.0,305,335,91.4,"1,490","1,620",91.9,
Wigan,"1,535","8,720",17.6,235,"1,585",14.9,30,220,13.5,195,715,27.3,465,"2,550",18.3,215,"5,075",4.2,510,610,83.0,200,260,76.7,150,220,67.4,855,"1,090",78.4,
Knowsley,725,"4,215",17.3,165,590,27.8,15,235,6.4,220,590,36.9,395,"1,465",27.1,255,"2,440",10.5,55,185,29.4,10,35,30.6,5,85,8.3,75,305,23.8,
Liverpool,"1,680","12,655",13.3,285,"1,700",16.6,100,"1,045",9.7,355,"1,270",28.0,745,"4,105",18.1,445,"7,155",6.2,315,875,35.8,95,250,37.1,80,260,31.3,490,"1,390",35.2,
Sefton,"1,220","7,030",17.3,245,850,28.8,50,410,12.4,230,560,41.1,530,"2,095",25.3,485,"4,255",11.4,85,195,43.1,30,85,32.2,90,400,22.9,205,680,29.9,
St. Helens,725,"7,885",9.2,180,"1,460",12.5,15,135,9.5,230,490,47.5,430,"2,105",20.4,275,"5,660",4.8,-,-,-,-,-,-,-,-,-,25,120,19.2,
Wirral,920,"11,455",8.1,205,"1,105",18.5,30,"1,205",2.3,200,875,23.1,450,"3,280",13.7,240,"7,825",3.1,170,220,77.1,35,65,54.5,30,65,44.6,235,350,66.8,
Halton,"1,215","5,225",23.3,115,620,18.4,20,255,7.8,170,355,47.3,305,"1,250",24.3,60,"3,080",1.9,575,595,97.1,180,200,91.4,95,105,93.2,855,895,95.4,
Warrington,370,"4,050",9.2,140,350,39.8,15,340,4.1,100,400,24.6,255,"1,150",22.1,95,"1,875",5.1,-,-,-,-,-,-,-,-,-,20,"1,025",2.1,
Lancashire,"2,920","26,710",10.9,810,"2,830",28.6,120,"2,270",5.3,550,"2,440",22.6,"1,505","8,035",18.7,735,"14,375",5.1,335,"2,115",15.9,150,945,16.0,200,"1,245",15.9,685,"4,300",15.9,
Blackburn with Darwen,325,"2,200",14.7,85,280,31.3,10,95,12.6,115,340,34.6,220,745,29.6,105,"1,455",7.1,-,-,-,-,-,-,-,-,-,-,-,-,
Blackpool,360,"4,260",8.5,100,455,22.5,20,530,4.0,65,330,19.1,195,"1,415",13.8,145,"2,480",5.9,-,-,-,-,-,-,-,-,-,20,365,5.2,
Cheshire East,"1,280","8,710",14.7,225,800,27.9,165,"1,270",12.8,270,865,31.5,675,"3,115",21.6,600,"5,495",10.9,-,-,-,-,-,-,-,-,-,10,100,9.1,
Cheshire West and Chester,"2,210","7,685",28.8,420,665,62.9,155,"1,675",9.1,230,790,29.4,810,"3,155",25.7,"1,275","3,770",33.8,65,400,16.2,30,120,25.6,30,240,12.6,125,760,16.6,
Warwickshire,"1,535","7,630",20.1,540,"1,240",43.5,115,205,55.6,235,965,24.5,895,"2,415",37.0,620,"4,700",13.2,-,-,-,-,-,-,-,-,-,20,510,4.1,
Birmingham,"3,845","25,440",15.1,510,"4,005",12.7,70,"1,475",4.9,475,"2,055",23.0,"1,065","7,715",13.8,600,"15,105",4.0,"1,640","1,850",88.6,310,370,84.1,225,400,55.9,"2,175","2,625",83.0,
Coventry,"1,100","6,755",16.3,160,590,27.4,50,"1,335",3.7,150,585,25.4,360,"2,515",14.4,285,"3,735",7.6,280,290,97.2,80,105,75.7,95,110,84.7,450,500,90.0,
Dudley,"1,260","6,510",19.3,165,430,38.5,20,65,34.4,360,630,56.9,550,"1,145",47.9,285,"3,390",8.4,325,"1,160",27.9,75,355,21.5,25,460,5.8,425,"1,975",21.6,
Sandwell,"1,040","3,640",28.6,230,380,59.7,15,70,23.9,135,565,24.0,390,"1,035",37.7,650,"2,355",27.6,-,-,-,-,-,-,-,-,-,-,-,-,
Solihull,905,"4,960",18.2,165,675,24.5,40,330,12.7,165,420,39.0,375,"1,450",25.9,370,"3,250",11.3,95,125,77.6,35,65,54.7,30,70,41.4,160,260,62.2,
Walsall,970,"3,575",27.2,120,355,34.0,10,60,19.4,125,390,32.0,260,830,31.4,380,"1,935",19.7,250,460,53.9,40,140,28.4,40,205,20.5,330,810,41.0,
Wolverhampton,825,"3,540",23.3,170,465,36.9,35,265,12.5,105,410,26.0,320,"1,175",27.3,355,"1,980",18.0,90,185,48.4,25,75,36.0,35,125,26.4,150,385,38.8,
Staffordshire,"2,860","26,890",10.6,665,"3,540",18.7,170,"1,445",11.9,505,"1,750",28.9,"1,355","6,995",19.4,"1,285","17,645",7.3,115,"1,210",9.3,65,510,12.3,45,525,8.3,220,"2,250",9.8,
Stoke-on-Trent,860,"9,330",9.2,125,"1,280",9.9,20,"1,450",1.4,100,520,19.3,250,"3,360",7.4,140,"5,265",2.6,270,395,67.8,100,160,63.8,100,145,70.1,470,700,67.3,
Herefordshire,555,"3,725",14.9,130,455,28.5,45,115,37.4,140,455,30.4,310,"1,030",30.4,110,"2,430",4.6,60,125,47.2,40,65,64.6,30,75,39.5,130,265,49.2,
Worcestershire,"2,335","8,125",28.7,345,750,45.9,95,290,32.9,330,960,34.4,785,"2,035",38.6,515,"3,915",13.1,600,"1,010",59.3,270,575,47.0,165,590,28.0,"1,035","2,175",47.5,
Shropshire,"1,190","3,720",32.0,255,430,58.8,80,160,50.0,215,600,35.4,560,"1,220",45.9,630,"2,505",25.2,-,-,-,-,-,-,-,-,-,-,-,-,
Telford and the Wrekin,430,"3,695",11.7,110,530,20.7,20,420,4.8,55,325,17.2,185,"1,280",14.5,100,"2,025",4.9,105,230,46.9,20,100,20.4,20,60,30.6,145,390,37.6,
Lincolnshire,"6,250","19,635",31.8,515,"2,010",25.7,300,920,32.9,435,"1,190",36.6,"1,270","4,205",30.2,710,"10,785",6.6,"2,190","2,310",94.6,"1,045","1,165",89.8,"1,040","1,170",88.6,"4,270","4,650",91.9,
Northamptonshire,"2,320","11,800",19.6,585,"1,145",51.0,360,785,46.0,795,"1,265",62.8,"1,740","3,205",54.3,580,"6,175",9.4,-,-,-,-,-,-,-,-,-,-,-,-,
Derbyshire,"1,930","17,840",10.8,575,"1,630",35.1,150,555,26.8,410,"1,435",28.6,"1,160","3,815",30.5,740,"9,195",8.0,10,"2,610",0.5,5,"1,090",0.6,10,"1,125",0.7,25,"4,825",0.5,
Derby,"1,895","7,045",26.9,255,895,28.7,135,985,13.7,255,500,50.6,655,"2,415",27.1,225,"3,580",6.2,585,610,95.4,210,215,98.6,220,230,96.1,"1,015","1,055",96.2,
Leicestershire,"2,150","14,565",14.8,605,"2,000",30.2,320,990,32.3,355,680,51.9,"1,295","3,745",34.5,845,"9,790",8.6,-,-,-,-,-,-,-,-,-,10,"1,030",1.2,
Leicester,"2,865","8,495",33.7,445,"1,050",42.2,195,800,24.4,300,745,40.2,965,"2,705",35.7,625,"4,280",14.5,925,"1,060",87.1,185,235,77.6,170,210,80.9,"1,275","1,505",84.7,
Rutland,290,"1,005",29.1,-,-,-,-,-,-,-,-,-,40,180,22.5,160,775,20.9,-,-,-,-,-,-,-,-,-,90,50,173.1,
Nottinghamshire,"7,085","15,430",45.9,985,"1,700",57.9,140,485,29.0,660,"1,670",39.7,"1,850","4,025",46.0,"1,815","7,935",22.9,"2,110","2,140",98.6,685,695,98.4,625,640,97.6,"3,415","3,470",98.4,
Nottingham,"1,100","6,355",17.3,340,"1,055",32.4,165,360,45.6,180,595,30.1,720,"2,150",33.5,375,"4,200",9.0,-,-,-,-,-,-,-,-,-,-,-,-,
Hertfordshire,"3,655","22,910",16.0,785,"2,685",29.3,720,"3,560",20.2,470,"2,470",19.1,"1,975","8,720",22.7,700,"11,255",6.2,635,"1,235",51.5,185,605,30.8,155,"1,090",14.3,980,"2,935",33.4,
Norfolk,"4,110","17,555",23.4,"1,105","1,850",59.8,485,850,56.8,780,"1,650",47.4,"2,370","4,400",53.9,"1,185","9,515",12.5,325,"1,535",21.2,105,755,13.9,125,"1,355",9.2,555,"3,640",15.2,
Oxfordshire,"3,990","8,875",45.0,420,760,55.4,25,365,6.6,450,"1,535",29.2,925,"2,745",33.6,945,"4,350",21.8,770,795,97.1,290,395,73.0,"1,060",590,179.7,"2,120","1,780",119.1,
Suffolk,"4,495","16,645",27.0,600,"1,660",36.3,115,665,16.9,460,"1,375",33.6,"1,240","3,780",32.9,690,"9,810",7.0,"1,430","1,480",96.6,575,645,89.3,555,935,59.4,"2,560","3,060",83.7,
Luton,"1,395","3,915",35.7,265,625,42.4,30,185,16.0,130,500,26.5,435,"1,360",32.1,285,"1,785",16.1,495,520,94.6,100,115,84.6,80,125,63.5,675,765,88.0,
Buckinghamshire,"2,485","12,455",19.9,270,"1,285",21.1,145,525,27.7,235,795,29.5,675,"2,700",25.0,530,"7,645",6.9,695,"1,095",63.7,240,445,53.7,345,565,60.8,"1,280","2,105",60.8,
Milton Keynes,880,"3,905",22.5,220,620,35.4,15,265,6.1,45,450,10.2,285,"1,365",20.8,510,"2,270",22.5,40,150,27.8,25,70,38.0,20,50,36.0,85,270,32.0,
Bracknell Forest,245,"2,140",11.5,75,195,38.7,20,425,4.9,55,265,20.8,165,955,17.3,80,955,8.4,-,-,-,-,-,-,-,-,-,-,-,-,
West Berkshire,580,"3,355",17.3,-,-,-,-,-,-,-,-,-,175,"1,170",15.0,90,"1,835",5.0,185,205,92.1,70,75,88.3,60,70,85.3,315,350,89.9,
Reading,560,"4,180",13.4,75,600,12.3,50,520,9.6,35,300,12.3,160,"1,450",11.2,85,"2,220",3.9,205,320,64.2,60,100,62.0,45,90,51.1,310,510,61.4,
Slough,215,"1,765",12.1,-,-,-,-,-,-,-,-,-,140,660,21.5,70,875,7.8,-,-,-,-,-,-,-,-,-,-,-,-,
Windsor and Maidenhead,160,"2,630",6.1,-,-,-,-,-,-,-,-,-,60,585,10.6,90,"1,745",5.2,-,-,-,-,-,-,-,-,-,10,295,2.7,
Wokingham,555,"2,125",26.0,100,215,46.1,30,395,7.8,160,330,48.9,295,945,31.1,130,"1,000",12.9,75,75,98.7,30,40,75.0,25,70,38.2,130,185,71.0,
Essex,"4,315","34,095",12.7,"1,190","3,830",31.1,190,"5,260",3.6,985,"2,675",36.9,"2,375","11,790",20.1,"1,285","19,405",6.6,250,"1,720",14.7,175,525,33.5,225,655,34.5,655,"2,900",22.5,
Southend-on-Sea,795,"5,450",14.6,155,710,22.1,75,115,65.5,170,425,39.4,405,"1,280",31.5,310,"3,125",9.9,-,-,-,-,-,-,-,-,-,85,"1,045",8.0,
Thurrock,395,"1,495",26.6,100,195,52.6,10,55,18.2,75,185,40.6,190,445,42.6,180,950,19.0,-,-,-,-,-,-,-,-,-,25,95,27.8,
Cambridgeshire,"5,195","14,465",35.9,375,"1,990",18.8,55,415,13.0,435,"1,270",34.5,875,"3,815",23.0,545,"7,815",7.0,"1,840","1,315",139.9,915,730,125.5,"1,015",790,128.9,"3,775","2,835",133.1,
Peterborough,570,"4,605",12.4,145,710,20.6,10,170,6.5,135,450,30.2,295,"1,345",21.9,155,"2,750",5.6,75,230,32.6,25,120,20.2,20,165,12.9,120,510,23.4,
Bedford,630,"3,210",19.6,95,460,21.1,30,135,22.8,50,355,14.6,180,990,18.4,110,"1,880",5.8,150,150,100.0,65,65,100.0,120,120,100.0,335,335,100.0,
Central Bedfordshire,"1,390","4,450",31.3,150,455,32.8,55,125,43.7,120,430,27.7,330,"1,030",32.0,190,"2,565",7.4,425,415,102.4,240,235,102.1,210,205,102.0,875,855,102.2,
Camden,"1,440","5,310",27.1,270,620,43.9,140,"1,120",12.6,95,320,29.9,535,"2,210",24.2,370,"2,305",16.1,415,585,71.3,60,90,67.0,55,115,47.0,535,795,67.2,
Greenwich,"1,940","5,490",35.4,280,550,51.3,25,955,2.5,145,480,30.3,450,"1,990",22.7,335,"2,265",14.8,745,790,94.8,195,210,93.8,210,240,88.7,"1,155","1,235",93.4,
Hackney,870,"5,460",16.0,135,715,19.2,20,"1,190",1.7,75,350,21.9,235,"2,330",10.1,135,"2,080",6.6,400,855,46.8,65,130,50.8,35,65,52.4,500,"1,050",47.6,
Hammersmith and Fulham,685,"3,975",17.2,140,660,21.0,25,300,7.7,85,210,40.6,245,"1,175",21.0,205,"2,535",8.2,170,165,103.6,40,40,97.4,20,65,30.2,230,270,85.4,
Islington,"1,250","3,510",35.6,190,570,33.6,75,135,54.0,145,325,44.2,410,"1,120",36.7,185,"1,600",11.5,515,600,86.0,100,120,82.4,40,70,54.9,650,790,82.6,
Kensington and Chelsea,"1,410","4,710",29.9,150,580,25.6,115,"1,075",10.9,85,155,56.9,365,"1,865",19.7,190,"2,220",8.6,655,480,135.9,115,85,135.3,85,65,133.3,855,630,135.6,
Lambeth,"1,220","6,245",19.5,215,960,22.6,20,925,2.4,120,420,28.9,370,"2,395",15.4,195,"2,780",7.1,485,735,65.7,100,150,65.3,70,180,40.0,655,"1,065",61.3,
Lewisham,770,"4,850",15.9,-,-,-,-,-,-,-,-,-,335,"1,835",18.3,295,"2,515",11.8,85,285,30.0,20,95,20.2,30,125,25.4,135,505,27.0,
Southwark,"1,405","4,845",29.0,190,675,28.2,80,410,19.8,140,500,28.5,415,"1,670",25.0,540,"2,685",20.1,355,385,92.2,55,55,93.0,40,50,85.7,450,495,91.7,
Tower Hamlets,"1,105","5,130",21.6,200,655,30.4,135,595,23.0,100,535,18.6,440,"1,800",24.4,350,"2,220",15.7,-,-,-,-,-,-,-,-,-,320,"1,105",28.8,
Wandsworth,920,"3,510",26.2,130,375,35.4,45,305,14.8,125,500,24.7,300,"1,265",23.8,145,"1,665",8.6,305,365,83.5,95,115,82.1,75,100,73.5,475,585,81.5,
Westminster,800,"5,260",15.3,145,540,26.8,105,"1,100",9.7,65,375,17.4,320,"2,085",15.4,160,"3,000",5.3,265,125,207.1,40,25,160.0,20,20,90.5,320,175,186.1,
City of London,145,185,76.5,15,15,93.3,30,35,78.4,10,10,90.0,55,65,84.1,50,85,59.0,20,20,100.0,10,10,100.0,15,15,100.0,40,40,100.0,
Barking and Dagenham,"1,155","3,795",30.5,290,545,52.9,10,215,5.2,125,295,42.9,430,"1,060",40.6,720,"2,250",32.1,-,-,-,-,-,-,-,-,-,-,-,-,
Barnet,"1,395","6,820",20.5,300,710,42.0,85,"1,060",7.9,260,575,45.0,650,"2,385",27.2,615,"3,895",15.8,95,310,29.9,25,100,22.5,15,125,12.6,130,540,24.4,
Bexley,"1,875","6,725",27.9,640,955,67.1,90,"1,130",7.9,20,120,18.2,755,"2,225",34.1,"1,025","3,450",29.8,-,-,-,-,-,-,-,-,-,90,"1,050",8.7,
Brent,640,"4,255",15.0,140,580,23.8,10,195,5.6,185,460,40.3,335,"1,245",27.0,295,"2,780",10.7,-,-,-,-,-,-,-,-,-,5,230,2.6,
Bromley,425,"6,440",6.6,-,-,-,-,-,-,-,-,-,215,"2,465",8.8,205,"3,710",5.6,-,-,-,-,-,-,-,-,-,-,-,-,
Croydon,795,"7,635",10.4,235,960,24.5,60,975,6.2,165,730,22.9,535,"2,890",18.5,175,"4,365",4.1,45,220,21.6,10,50,19.6,25,110,23.6,85,380,21.9,
Ealing,790,"8,075",9.8,180,885,20.1,15,"1,900",0.7,160,580,27.3,350,"3,460",10.1,285,"4,050",7.1,135,370,35.8,10,115,10.6,10,80,12.3,155,565,27.4,
Enfield,"1,820","7,115",25.6,480,"1,210",39.6,65,485,13.6,180,695,26.1,755,"2,495",30.3,870,"3,930",22.1,120,350,33.7,30,120,26.3,45,220,20.6,195,685,28.3,
Haringey,"1,495","4,750",31.5,320,875,36.6,15,420,4.0,95,495,19.6,435,"1,815",23.9,310,"2,165",14.2,515,540,95.6,125,120,105.0,115,110,100.9,755,770,97.8,
Harrow,"2,170","4,610",47.1,225,500,44.8,265,715,36.8,180,320,56.4,685,"1,565",43.8,735,"2,280",32.2,520,525,98.5,120,125,95.3,110,115,98.2,750,770,97.9,
Havering,975,"6,660",14.6,180,700,26.1,20,280,6.4,180,365,49.0,380,"1,365",27.9,595,"4,840",12.2,-,-,-,-,-,-,-,-,-,-,-,-,
Hillingdon,345,"3,440",10.1,150,440,33.6,10,145,7.5,60,365,16.6,220,970,22.6,125,"2,450",5.1,-,-,-,-,-,-,-,-,-,-,-,-,
Hounslow,905,"4,430",20.5,175,540,31.9,55,640,8.6,95,340,27.9,330,"1,560",21.1,320,"2,240",14.3,150,350,42.0,65,140,45.1,45,140,33.6,260,635,40.9,
Kingston upon Thames,605,"2,600",23.2,95,190,50.0,40,505,8.1,175,280,61.7,320,"1,060",30.4,135,"1,305",10.3,105,150,68.2,20,40,56.4,20,45,46.7,145,235,62.1,
Merton,880,"2,590",34.0,170,265,64.9,85,125,66.7,100,255,38.1,360,685,53.0,310,"1,560",19.9,140,230,61.4,40,65,62.5,25,55,50.0,205,345,59.8,
Newham,"1,175","4,510",26.1,260,635,41.1,65,365,17.9,225,520,43.4,555,"1,575",35.2,400,"2,200",18.3,175,500,35.1,20,115,19.0,25,120,20.0,220,735,30.1,
Redbridge,"2,140","8,260",25.9,330,775,42.7,100,215,46.7,295,595,49.9,730,"1,620",45.2,860,"4,345",19.8,300,810,36.8,95,290,32.2,155,"1,195",13.0,550,"2,300",23.8,
Richmond upon Thames,735,"1,795",40.9,120,185,65.6,40,105,39.0,135,240,55.8,295,530,55.8,195,930,21.0,145,195,74.5,35,50,63.5,65,85,75.0,240,330,72.9,
Sutton,795,"3,425",23.2,125,510,24.5,30,90,32.2,150,280,54.1,305,935,32.8,235,"2,280",10.3,160,135,121.1,45,40,107.5,50,40,122.5,255,215,118.8,
Waltham Forest,"1,010","3,585",28.1,185,440,41.8,75,550,13.6,175,465,37.7,435,"1,470",29.7,270,"1,670",16.3,205,260,78.5,55,90,60.7,45,100,42.2,300,450,66.7,
Isle of Wight,980,"3,650",26.9,135,320,41.7,65,230,29.0,310,355,87.0,525,940,55.8,235,"2,040",11.5,140,305,45.4,45,155,29.2,40,210,19.3,225,670,33.5,
Surrey,"4,490","25,210",17.8,"1,000","2,955",33.9,250,"2,975",8.3,870,"2,360",36.9,"2,125","8,750",24.3,"1,310","15,480",8.5,655,650,100.6,205,130,160.2,190,200,95.5,"1,050",980,107.3,
West Sussex,"1,595","10,095",15.8,475,915,52.0,115,"2,655",4.4,305,"1,510",20.3,910,"5,210",17.4,560,"4,690",11.9,70,80,88.6,25,30,84.4,30,80,34.6,125,190,65.1,
Dorset,"1,280","5,250",24.4,275,520,53.1,50,270,18.3,280,730,38.1,605,"1,535",39.4,330,"2,720",12.2,145,425,34.3,90,210,42.6,110,365,30.1,345,995,34.5,
Bournemouth,640,"3,535",18.1,120,495,24.4,35,220,16.7,130,315,41.6,290,"1,040",27.9,130,"1,740",7.6,160,345,45.7,30,150,20.4,30,255,11.0,215,755,28.8,
Poole,625,"3,935",15.9,135,365,37.3,15,245,5.3,110,340,32.2,260,950,27.2,160,"2,185",7.3,140,405,34.2,45,170,25.6,25,230,11.7,210,800,25.9,
Hampshire,"1,935","23,255",8.3,655,"2,620",25.0,55,"1,470",3.9,620,"2,275",27.4,"1,365","6,500",21.0,545,"15,040",3.6,-,-,-,-,-,-,-,-,-,20,"1,715",1.2,
Portsmouth,480,"5,985",8.0,-,-,-,-,-,-,-,-,-,180,"1,725",10.5,205,"3,175",6.5,60,610,9.8,15,245,6.9,15,225,6.2,90,"1,085",8.4,
Southampton,585,"8,605",6.8,210,"1,115",18.7,35,"1,485",2.3,80,500,15.7,320,"3,240",9.9,135,"4,570",3.0,85,420,20.3,25,170,15.3,15,210,7.7,125,795,15.9,
East Sussex,"5,235","18,625",28.1,660,"2,345",28.2,295,"1,030",28.8,220,830,26.5,"1,220","4,425",27.6,"1,070","10,920",9.8,"1,585","1,620",97.8,715,790,90.7,640,870,73.7,"2,945","3,280",89.7,
Brighton and Hove,"1,040","4,640",22.4,220,600,36.6,25,175,14.5,115,595,19.7,365,"1,400",25.9,135,"1,900",7.0,385,885,43.8,100,230,43.0,55,225,24.9,540,"1,340",40.5,
Wiltshire,"2,110","12,785",16.5,310,"1,835",16.9,15,145,9.7,180,845,21.5,520,"2,905",17.9,605,"7,760",7.8,295,715,41.5,130,365,35.9,555,"1,035",53.6,985,"2,115",46.5,
Swindon,515,"5,180",10.0,-,-,-,-,-,-,-,-,-,215,"1,680",12.8,105,"3,015",3.4,145,235,60.3,35,105,33.3,20,140,14.8,200,485,41.1,
Kent,"4,720","30,405",15.5,"1,245","4,260",29.2,490,"3,455",14.2,"1,145","3,170",36.1,"2,885","10,910",26.4,"1,215","15,495",7.8,480,"1,785",27.0,50,630,8.2,90,"1,580",5.6,625,"4,000",15.6,
Medway Towns,650,"4,695",13.9,200,785,25.7,20,210,9.1,200,305,66.2,420,"1,365",31.0,190,"3,100",6.2,-,-,-,-,-,-,-,-,-,40,230,16.8,
Cornwall,"2,145","22,630",9.5,-,-,-,-,-,-,-,-,-,685,"11,025",6.2,290,"10,135",2.8,585,785,74.9,285,370,77.3,295,315,93.1,"1,170","1,470",79.4,
Gloucestershire,"1,575","11,980",13.1,345,"1,170",29.4,15,285,4.6,200,975,20.4,570,"2,490",22.9,470,"6,085",7.8,255,"1,025",25.1,90,800,11.2,185,"1,575",11.8,530,"3,400",15.6,
Somerset,"1,255","15,250",8.2,465,"1,910",24.4,20,"1,170",1.5,305,"1,310",23.3,810,"4,595",17.6,445,"10,440",4.2,-,-,-,-,-,-,-,-,-,-,-,-,
Isles of Scilly,5,35,21.2,-,-,-,-,-,-,-,-,-,-,-,-,-,-,-,-,-,-,-,-,-,-,-,-,5,5,116.7,
Bath and North East Somerset,520,"3,000",17.4,100,405,24.8,45,165,28.1,115,335,34.5,265,915,28.9,145,"1,580",9.1,55,260,20.6,30,95,33.3,25,145,18.8,115,500,22.5,
Bristol,"2,375","9,255",25.6,410,"1,205",33.9,35,370,8.9,140,710,19.7,585,"2,330",25.2,315,"4,965",6.3,890,"1,110",80.0,300,415,72.6,280,430,65.6,"1,475","1,955",75.3,
North Somerset,780,"3,530",22.1,125,510,24.4,10,105,9.7,95,310,30.1,230,945,24.2,100,"1,865",5.3,235,340,68.9,105,165,65.0,115,215,52.1,450,720,63.0,
South Gloucestershire,"1,085","3,925",27.7,280,495,56.2,40,400,10.3,175,450,38.8,495,"1,340",36.8,260,"2,220",11.6,155,165,94.0,65,70,93.0,115,130,88.4,335,365,91.8,
Devon,"7,120","27,125",26.2,760,"2,685",28.4,155,"3,675",4.2,595,"1,820",32.7,"1,530","8,270",18.5,"1,235","12,685",9.7,-,-,-,-,-,-,-,-,-,"4,350","6,170",70.5,
Plymouth,"1,160","4,435",26.1,310,550,56.9,65,120,53.3,265,715,37.3,705,"1,540",45.8,440,"2,445",18.0,-,-,-,-,-,-,-,-,-,15,450,2.9,
Torbay,790,"5,020",15.7,130,675,19.3,90,265,34.6,130,300,43.7,380,"1,360",27.8,195,"3,215",6.1,150,235,63.6,35,85,41.2,30,125,24.4,215,445,48.4,
,,,,,,,,,,,,,,,,,,,,,,,,,,,,,,,
ENGLAND,"234,190","1,226,215",19.1,"42,785","143,175",29.9,"12,695","118,810",10.7,"34,030","107,055",31.8,"90,975","379,455",24.0,"61,985","672,085",9.2,"49,560","92,725",53.4,"16,100","34,920",46.1,"15,570","47,025",33.1,"81,230","174,670",46.5,
Number of councils the national total is based on,152,152,152,152,152,152,152,152,152,152,152,152,152,152,152,152,152,152,152,152,152,152,152,152,152,152,152,152,152,152,
,,,,,,,,,,,,,,,,,,,,,,,,,,,,,,,
Shire Counties,"93,950","479,550",19.6,"17,445","53,390",32.7,"5,675","39,580",14.3,"13,215","41,630",31.7,"36,875","138,025",26.7,"24,085","265,345",9.1,"18,525","36,685",50.5,"7,310","16,355",44.7,"7,160","23,145",30.9,"32,990","76,180",43.3,
Unitary Authorities,"52,315","306,310",17.1,"9,945","37,840",26.3,"2,455","30,750",8.0,"8,270","26,475",31.2,"21,005","97,620",21.5,"13,420","170,040",7.9,"10,480","21,325",49.1,"3,665","7,990",45.9,"3,745","9,335",40.1,"17,885","38,650",46.3,
Metropolitan Districts,"51,835","280,360",18.5,"8,370","32,025",26.1,"2,605","28,315",9.2,"8,210","25,565",32.1,"19,525","88,640",22.0,"12,635","152,070",8.3,"12,965","22,310",58.1,"3,495","7,430",47.0,"3,215","9,910",32.5,"19,675","39,650",49.6,
Inner London,"13,965","58,480",23.9,"2,305","7,460",30.9,825,"8,945",9.2,"1,280","4,635",27.6,"4,485","21,805",20.6,"3,155","27,945",11.3,"4,730","6,350",74.5,895,"1,220",73.3,700,"1,160",60.1,"6,320","8,730",72.4,
Outer London,"22,130","101,510",21.8,"4,720","12,455",37.9,"1,135","11,220",10.1,"3,050","8,760",34.8,"9,090","33,365",27.2,"8,690","56,685",15.3,"2,865","6,060",47.3,735,"1,920",38.3,755,"3,480",21.7,"4,355","11,460",38.0,
,,,,,,,,,,,,,,,,,,,,,,,,,,,,,,,
North East,"11,065","73,890",15.0,"2,155","9,345",23.0,610,"5,040",12.1,"2,445","7,085",34.5,"5,240","22,030",23.8,"3,015","42,695",7.1,"1,720","5,395",31.9,460,"1,700",27.1,630,"2,065",30.6,"2,810","9,160",30.7,
North West,"36,410","194,070",18.8,"5,910","21,990",26.9,"2,310","19,215",12.0,"5,000","16,370",30.5,"13,455","60,220",22.3,"10,075","104,095",9.7,"8,360","15,795",52.9,"2,450","5,205",47.1,"2,070","8,755",23.6,"12,880","29,755",43.3,
Yorkshire and the Humber,"22,725","136,315",16.7,"4,185","13,570",30.9,"1,230","16,440",7.5,"3,725","11,550",32.3,"9,330","42,475",22.0,"5,655","70,455",8.0,"4,515","11,500",39.3,"1,660","5,020",33.1,"1,560","6,870",22.7,"7,740","23,385",33.1,
East Midlands,"25,885","102,170",25.3,"4,330","11,590",37.3,"1,775","5,895",30.1,"3,395","8,145",41.7,"9,695","26,440",36.7,"6,075","56,710",10.7,"5,915","10,680",55.4,"2,135","4,080",52.3,"2,065","4,260",48.4,"10,110","19,020",53.2,
West Midlands,"19,710","117,530",16.8,"3,690","15,130",24.4,795,"7,685",10.3,"3,090","10,640",29.1,"7,660","34,195",22.4,"6,325","70,245",9.0,"3,835","7,400",51.8,"1,070","2,690",39.8,820,"3,005",27.2,"5,720","13,095",43.7,
South West,"23,975","136,865",17.5,"4,220","15,520",27.2,585,"15,115",3.9,"3,165","11,370",27.8,"8,145","42,935",19.0,"5,220","73,080",7.1,"6,425","10,470",61.4,"2,390","5,015",47.7,"1,795","5,365",33.5,"10,610","20,850",50.9,
Eastern,"26,950","128,795",20.9,"4,980","15,175",32.8,"1,770","11,540",15.4,"3,820","11,780",32.4,"10,675","38,955",27.4,"5,640","70,860",8.0,"5,700","9,030",63.1,"2,395","3,960",60.5,"2,540","5,985",42.4,"10,635","18,975",56.0,
London,"36,095","159,990",22.6,"7,025","19,915",35.3,"1,960","20,165",9.7,"4,330","13,390",32.4,"13,575","55,175",24.6,"11,845","84,630",14.0,"7,590","12,405",61.2,"1,630","3,145",51.9,"1,455","4,640",31.3,"10,675","20,190",52.9,
South East,"31,375","176,585",17.8,"6,290","20,935",30.0,"1,660","17,715",9.4,"5,055","16,725",30.2,"13,200","57,035",23.1,"8,135","99,310",8.2,"5,495","10,050",54.7,"1,910","4,105",46.5,"2,640","6,085",43.4,"10,045","20,240",49.6,
,,,,,,,,,,,,,,,,,,,,,,,,,,,,,,,
,,,,,,,,,,,,,,,,,,,,,,,,,,,,,,,
Notes:,,,,,,,,,,,,,,,,,,,,,,,,,,,,,,,
..  represents data that are unavailable.,,,,,,,,,,,,,,,,,,,,,,,,,,,,,,,
"-  means constituent values less than six are suppressed. However, for Delayed Transfers of Care data (which are averages of 12 monthly values) the equivalent suppression is achieved by suppressing 
    annual values less than 0.5 (6/12) and for survey data, values of less than three are supressed. Where elements of an indicator are suppressed the indicator itself is also suppressed. 
    Measure 1F and 1H for 2013-14 have outcome data (the annual outcome is based on an average of the monthly outcomes), but not numerators and denominators, which are available for each month 
    with the ASCOF publication on the HSCIC website http://www.hscic.gov.uk/pubs/adusoccareof1314fin . Outcomes for 1F and 1H have been suppressed if the annual average numerator or 
   denominator is less than 0.5 (6/12).",,,,,,,,,,,,,,,,,,,,,,,,,,,,,,,
"1. Numerator and denominator values used to calculate the indicator are rounded to the nearest five. The exception is for Measure 2C, where the numerators are rounded to the nearest one.",,,,,,,,,,,,,,,,,,,,,,,,,,,,,,,
"2. 1A, 1B, 1D, 1I, 3A, 3B, 3C, 3D, 4A and 4B are based on survey data. The base for 1A, 1B, 1I, 3A, 3D, 4A and 4B (i.e. the number of responses on which the outcome is based) should be taken into 
    account when assessing the reliability of the outcome values. Outcomes based on a small base should be treated with caution.",,,,,,,,,,,,,,,,,,,,,,,,,,,,,,,
"3. 1A, 1B, 1I(1), 3A, 3D(1), 4A and 4B have been weighted to reflect that a stratified sample was taken and to account for non-response bias.",,,,,,,,,,,,,,,,,,,,,,,,,,,,,,,
"4. 1D, 1I(2), 3B, 3C and 3D(2) are based solely on the Carers' survey. This is a biennial survey which took place for the first time in 2012-13, therefore no data are available for 2013-14.",,,,,,,,,,,,,,,,,,,,,,,,,,,,,,,
,,,,,,,,,,,,,,,,,,,,,,,,,,,,,,,
,,,,,,,,,,,,,,,,,,,,,,,,,,,,,,,
,,,,,,,,,,,,,,,,,,,,,,,,,,,,,,,
,,,,,,,,,,,,,,,,,,,,,,,,,,,,,,,
,,,,,,,,,,,,,,,,,,,,,,,,,,,,,,,
,,,,,,,,,,,,,,,,,,,,,,,,,,,,,,,
,,,,,,,,,,,,,,,,,,,,,,,,,,,,,,,
,,,,,,,,,,,,,,,,,,,,,,,,,,,,,,,
,,,,,,,,,,,,,,,,,,,,,,,,,,,,,,,
,,,,,,,,,,,,,,,,,,,,,,,,,,,,,,,
,,,,,,,,,,,,,,,,,,,,,,,,,,,,,,,
,,,,,,,,,,,,,,,,,,,,,,,,,,,,,,,
,,,,,,,,,,,,,,,,,,,,,,,,,,,,,,,
,,,,,,,,,,,,,,,,,,,,,,,,,,,,,,,
,,,,,,,,,,,,,,,,,,,,,,,,,,,,,,,
,,,,,,,,,,,,,,,,,,,,,,,,,,,,,,,
,,,,,,,,,,,,,,,,,,,,,,,,,,,,,,,
,,,,,,,,,,,,,,,,,,,,,,,,,,,,,,,
,,,,,,,,,,,,,,,,,,,,,,,,,,,,,,,
,,,,,,,,,,,,,,,,,,,,,,,,,,,,,,,
,,,,,,,,,,,,,,,,,,,,,,,,,,,,,,,
,,,,,,,,,,,,,,,,,,,,,,,,,,,,,,,
,,,,,,,,,,,,,,,,,,,,,,,,,,,,,,,
,,,,,,,,,,,,,,,,,,,,,,,,,,,,,,,
,,,,,,,,,,,,,,,,,,,,,,,,,,,,,,,
,,,,,,,,,,,,,,,,,,,,,,,,,,,,,,,
,,,,,,,,,,,,,,,,,,,,,,,,,,,,,,,
,,,,,,,,,,,,,,,,,,,,,,,,,,,,,,,
,,,,,,,,,,,,,,,,,,,,,,,,,,,,,,,
,,,,,,,,,,,,,,,,,,,,,,,,,,,,,,,
,,,,,,,,,,,,,,,,,,,,,,,,,,,,,,,
,,,,,,,,,,,,,,,,,,,,,,,,,,,,,,,
,,,,,,,,,,,,,,,,,,,,,,,,,,,,,,,
,,,,,,,,,,,,,,,,,,,,,,,,,,,,,,,
,,,,,,,,,,,,,,,,,,,,,,,,,,,,,,,
,,,,,,,,,,,,,,,,,,,,,,,,,,,,,,,
,,,,,,,,,,,,,,,,,,,,,,,,,,,,,,,
,,,,,,,,,,,,,,,,,,,,,,,,,,,,,,,
,,,,,,,,,,,,,,,,,,,,,,,,,,,,,,,
,,,,,,,,,,,,,,,,,,,,,,,,,,,,,,,
,,,,,,,,,,,,,,,,,,,,,,,,,,,,,,,
,,,,,,,,,,,,,,,,,,,,,,,,,,,,,,,
,,,,,,,,,,,,,,,,,,,,,,,,,,,,,,,
,,,,,,,,,,,,,,,,,,,,,,,,,,,,,,,
,,,,,,,,,,,,,,,,,,,,,,,,,,,,,,,
,,,,,,,,,,,,,,,,,,,,,,,,,,,,,,,
,,,,,,,,,,,,,,,,,,,,,,,,,,,,,,,
,,,,,,,,,,,,,,,,,,,,,,,,,,,,,,,
,,,,,,,,,,,,,,,,,,,,,,,,,,,,,,,
,,,,,,,,,,,,,,,,,,,,,,,,,,,,,,,
,,,,,,,,,,,,,,,,,,,,,,,,,,,,,,,
,,,,,,,,,,,,,,,,,,,,,,,,,,,,,,,
,,,,,,,,,,,,,,,,,,,,,,,,,,,,,,,
,,,,,,,,,,,,,,,,,,,,,,,,,,,,,,,
,,,,,,,,,,,,,,,,,,,,,,,,,,,,,,,
,,,,,,,,,,,,,,,,,,,,,,,,,,,,,,,
,,,,,,,,,,,,,,,,,,,,,,,,,,,,,,,
,,,,,,,,,,,,,,,,,,,,,,,,,,,,,,,
,,,,,,,,,,,,,,,,,,,,,,,,,,,,,,,
,,,,,,,,,,,,,,,,,,,,,,,,,,,,,,,
,,,,,,,,,,,,,,,,,,,,,,,,,,,,,,,
,,,,,,,,,,,,,,,,,,,,,,,,,,,,,,,
,,,,,,,,,,,,,,,,,,,,,,,,,,,,,,,
,,,,,,,,,,,,,,,,,,,,,,,,,,,,,,,
,,,,,,,,,,,,,,,,,,,,,,,,,,,,,,,
,,,,,,,,,,,,,,,,,,,,,,,,,,,,,,,
,,,,,,,,,,,,,,,,,,,,,,,,,,,,,,,
,,,,,,,,,,,,,,,,,,,,,,,,,,,,,,,
,,,,,,,,,,,,,,,,,,,,,,,,,,,,,,,
,,,,,,,,,,,,,,,,,,,,,,,,,,,,,,,
,,,,,,,,,,,,,,,,,,,,,,,,,,,,,,,
,,,,,,,,,,,,,,,,,,,,,,,,,,,,,,,
,,,,,,,,,,,,,,,,,,,,,,,,,,,,,,,
,,,,,,,,,,,,,,,,,,,,,,,,,,,,,,,
,,,,,,,,,,,,,,,,,,,,,,,,,,,,,,,
,,,,,,,,,,,,,,,,,,,,,,,,,,,,,,,
,,,,,,,,,,,,,,,,,,,,,,,,,,,,,,,
,,,,,,,,,,,,,,,,,,,,,,,,,,,,,,,
,,,,,,,,,,,,,,,,,,,,,,,,,,,,,,,
,,,,,,,,,,,,,,,,,,,,,,,,,,,,,,,
,,,,,,,,,,,,,,,,,,,,,,,,,,,,,,,
,,,,,,,,,,,,,,,,,,,,,,,,,,,,,,,
,,,,,,,,,,,,,,,,,,,,,,,,,,,,,,,
,,,,,,,,,,,,,,,,,,,,,,,,,,,,,,,
,,,,,,,,,,,,,,,,,,,,,,,,,,,,,,,
,,,,,,,,,,,,,,,,,,,,,,,,,,,,,,,
,,,,,,,,,,,,,,,,,,,,,,,,,,,,,,,
,,,,,,,,,,,,,,,,,,,,,,,,,,,,,,,
,,,,,,,,,,,,,,,,,,,,,,,,,,,,,,,
,,,,,,,,,,,,,,,,,,,,,,,,,,,,,,,
,,,,,,,,,,,,,,,,,,,,,,,,,,,,,,,
,,,,,,,,,,,,,,,,,,,,,,,,,,,,,,,
,,,,,,,,,,,,,,,,,,,,,,,,,,,,,,,
,,,,,,,,,,,,,,,,,,,,,,,,,,,,,,,
,,,,,,,,,,,,,,,,,,,,,,,,,,,,,,,
,,,,,,,,,,,,,,,,,,,,,,,,,,,,,,,
,,,,,,,,,,,,,,,,,,,,,,,,,,,,,,,
,,,,,,,,,,,,,,,,,,,,,,,,,,,,,,,
,,,,,,,,,,,,,,,,,,,,,,,,,,,,,,,
,,,,,,,,,,,,,,,,,,,,,,,,,,,,,,,
,,,,,,,,,,,,,,,,,,,,,,,,,,,,,,,
,,,,,,,,,,,,,,,,,,,,,,,,,,,,,,,
,,,,,,,,,,,,,,,,,,,,,,,,,,,,,,,
,,,,,,,,,,,,,,,,,,,,,,,,,,,,,,,
,,,,,,,,,,,,,,,,,,,,,,,,,,,,,,,
,,,,,,,,,,,,,,,,,,,,,,,,,,,,,,,
,,,,,,,,,,,,,,,,,,,,,,,,,,,,,,,
,,,,,,,,,,,,,,,,,,,,,,,,,,,,,,,
,,,,,,,,,,,,,,,,,,,,,,,,,,,,,,,
,,,,,,,,,,,,,,,,,,,,,,,,,,,,,,,
,,,,,,,,,,,,,,,,,,,,,,,,,,,,,,,
,,,,,,,,,,,,,,,,,,,,,,,,,,,,,,,
,,,,,,,,,,,,,,,,,,,,,,,,,,,,,,,
,,,,,,,,,,,,,,,,,,,,,,,,,,,,,,,
,,,,,,,,,,,,,,,,,,,,,,,,,,,,,,,
,,,,,,,,,,,,,,,,,,,,,,,,,,,,,,,
,,,,,,,,,,,,,,,,,,,,,,,,,,,,,,,
,,,,,,,,,,,,,,,,,,,,,,,,,,,,,,,
,,,,,,,,,,,,,,,,,,,,,,,,,,,,,,,
,,,,,,,,,,,,,,,,,,,,,,,,,,,,,,,
,,,,,,,,,,,,,,,,,,,,,,,,,,,,,,,
,,,,,,,,,,,,,,,,,,,,,,,,,,,,,,,
,,,,,,,,,,,,,,,,,,,,,,,,,,,,,,,
,,,,,,,,,,,,,,,,,,,,,,,,,,,,,,,
,,,,,,,,,,,,,,,,,,,,,,,,,,,,,,,
,,,,,,,,,,,,,,,,,,,,,,,,,,,,,,,
,,,,,,,,,,,,,,,,,,,,,,,,,,,,,,,
,,,,,,,,,,,,,,,,,,,,,,,,,,,,,,,
,,,,,,,,,,,,,,,,,,,,,,,,,,,,,,,
,,,,,,,,,,,,,,,,,,,,,,,,,,,,,,,
,,,,,,,,,,,,,,,,,,,,,,,,,,,,,,,
,,,,,,,,,,,,,,,,,,,,,,,,,,,,,,,
,,,,,,,,,,,,,,,,,,,,,,,,,,,,,,,
,,,,,,,,,,,,,,,,,,,,,,,,,,,,,,,
,,,,,,,,,,,,,,,,,,,,,,,,,,,,,,,
,,,,,,,,,,,,,,,,,,,,,,,,,,,,,,,
,,,,,,,,,,,,,,,,,,,,,,,,,,,,,,,
,,,,,,,,,,,,,,,,,,,,,,,,,,,,,,,
,,,,,,,,,,,,,,,,,,,,,,,,,,,,,,,
,,,,,,,,,,,,,,,,,,,,,,,,,,,,,,,
,,,,,,,,,,,,,,,,,,,,,,,,,,,,,,,
,,,,,,,,,,,,,,,,,,,,,,,,,,,,,,,
,,,,,,,,,,,,,,,,,,,,,,,,,,,,,,,
,,,,,,,,,,,,,,,,,,,,,,,,,,,,,,,
,,,,,,,,,,,,,,,,,,,,,,,,,,,,,,,
,,,,,,,,,,,,,,,,,,,,,,,,,,,,,,,
,,,,,,,,,,,,,,,,,,,,,,,,,,,,,,,
,,,,,,,,,,,,,,,,,,,,,,,,,,,,,,,
,,,,,,,,,,,,,,,,,,,,,,,,,,,,,,,
,,,,,,,,,,,,,,,,,,,,,,,,,,,,,,,
,,,,,,,,,,,,,,,,,,,,,,,,,,,,,,,
,,,,,,,,,,,,,,,,,,,,,,,,,,,,,,,
,,,,,,,,,,,,,,,,,,,,,,,,,,,,,,,
,,,,,,,,,,,,,,,,,,,,,,,,,,,,,,,
,,,,,,,,,,,,,,,,,,,,,,,,,,,,,,,
,,,,,,,,,,,,,,,,,,,,,,,,,,,,,,,
,,,,,,,,,,,,,,,,,,,,,,,,,,,,,,,
,,,,,,,,,,,,,,,,,,,,,,,,,,,,,,,
,,,,,,,,,,,,,,,,,,,,,,,,,,,,,,,
,,,,,,,,,,,,,,,,,,,,,,,,,,,,,,,
,,,,,,,,,,,,,,,,,,,,,,,,,,,,,,,
,,,,,,,,,,,,,,,,,,,,,,,,,,,,,,,
,,,,,,,,,,,,,,,,,,,,,,,,,,,,,,,
,,,,,,,,,,,,,,,,,,,,,,,,,,,,,,,
,,,,,,,,,,,,,,,,,,,,,,,,,,,,,,,
,,,,,,,,,,,,,,,,,,,,,,,,,,,,,,,
,,,,,,,,,,,,,,,,,,,,,,,,,,,,,,,
,,,,,,,,,,,,,,,,,,,,,,,,,,,,,,,
,,,,,,,,,,,,,,,,,,,,,,,,,,,,,,,
,,,,,,,,,,,,,,,,,,,,,,,,,,,,,,,
,,,,,,,,,,,,,,,,,,,,,,,,,,,,,,,
,,,,,,,,,,,,,,,,,,,,,,,,,,,,,,,
,,,,,,,,,,,,,,,,,,,,,,,,,,,,,,,
,,,,,,,,,,,,,,,,,,,,,,,,,,,,,,,
,,,,,,,,,,,,,,,,,,,,,,,,,,,,,,,
,,,,,,,,,,,,,,,,,,,,,,,,,,,,,,,
,,,,,,,,,,,,,,,,,,,,,,,,,,,,,,,
,,,,,,,,,,,,,,,,,,,,,,,,,,,,,,,
,,,,,,,,,,,,,,,,,,,,,,,,,,,,,,,
,,,,,,,,,,,,,,,,,,,,,,,,,,,,,,,
,,,,,,,,,,,,,,,,,,,,,,,,,,,,,,,
,,,,,,,,,,,,,,,,,,,,,,,,,,,,,,,
,,,,,,,,,,,,,,,,,,,,,,,,,,,,,,,
,,,,,,,,,,,,,,,,,,,,,,,,,,,,,,,
,,,,,,,,,,,,,,,,,,,,,,,,,,,,,,,
,,,,,,,,,,,,,,,,,,,,,,,,,,,,,,,
,,,,,,,,,,,,,,,,,,,,,,,,,,,,,,,
,,,,,,,,,,,,,,,,,,,,,,,,,,,,,,,
,,,,,,,,,,,,,,,,,,,,,,,,,,,,,,,
,,,,,,,,,,,,,,,,,,,,,,,,,,,,,,,
,,,,,,,,,,,,,,,,,,,,,,,,,,,,,,,
,,,,,,,,,,,,,,,,,,,,,,,,,,,,,,,
,,,,,,,,,,,,,,,,,,,,,,,,,,,,,,,
,,,,,,,,,,,,,,,,,,,,,,,,,,,,,,,
,,,,,,,,,,,,,,,,,,,,,,,,,,,,,,,
,,,,,,,,,,,,,,,,,,,,,,,,,,,,,,,
,,,,,,,,,,,,,,,,,,,,,,,,,,,,,,,
,,,,,,,,,,,,,,,,,,,,,,,,,,,,,,,
,,,,,,,,,,,,,,,,,,,,,,,,,,,,,,,
,,,,,,,,,,,,,,,,,,,,,,,,,,,,,,,
