ASCOF Outcomes 2013-14,Carer-reported quality of life,,,,Carer-reported quality of life,,,,Carer-reported quality of life,,,,Carer-reported quality of life,,,,Carer-reported quality of life,,,
,TOTAL,,,,MALE,,,,FEMALE,,,,18 to 64,,,,65 and over,,,
,1D,1D,1D,1D,1D,1D,1D,1D,1D,1D,1D,1D,1D,1D,1D,1D,1D,1D,1D,1D
,Confidence Interval,Numerator,Denominator,Outcome,Confidence Interval,Numerator,Denominator,Outcome,Confidence Interval,Numerator,Denominator,Outcome,Confidence Interval,Numerator,Denominator,Outcome,Confidence Interval,Numerator,Denominator,Outcome
,,,,,,,,,,,,,,,,,,,,
,,The sum of the scores for all respondents who answered all six questions,Number of respondents who answered all six questions,The sum of the scores for all respondents who answered all six questions divided by the number of respondents who answered all six questions,,The sum of the scores for all male respondents who answered all six questions,Number of male respondents who answered all six questions,The sum of the scores for all male respondents who answered all six questions divided by the number of male respondents who answered all six questions,,The sum of the scores for all female respondents who answered all six questions,Number of female respondents who answered all six questions,The sum of the scores for all female respondents who answered all six questions divided by the number of respondents who answered all six questions,,The sum of the scores for all respondents (aged 18 to 64) who answered all six questions,Number of respondents (aged 18 to 64) who answered all six questions,The sum of the scores for all respondents (aged 18 to 64) who answered all six questions divided by the number of respondents (aged 18 to 64) who answered all six questions,,The sum of the scores for all respondents (aged 65 and over) who answered all six questions,Number of respondents (aged 65 and over) who answered all six questions,The sum of the scores for all respondents (aged 65 and over) who answered all six questions divided by the number of respondents (aged 65 and over) who answered all six questions
,,Carers' Survey - Questions 7-12,Carers' Survey - Questions 7-12,Carers' Survey - Questions 7-12,,Carers' Survey - Questions 7-12,Carers' Survey - Questions 7-12,Carers' Survey - Questions 7-12,,Carers' Survey - Questions 7-12,Carers' Survey - Questions 7-12,Carers' Survey - Questions 7-12,,Carers' Survey - Questions 7-12,Carers' Survey - Questions 7-12,Carers' Survey - Questions 7-12,,Carers' Survey - Questions 7-12,Carers' Survey - Questions 7-12,Carers' Survey - Questions 7-12
,Confidence Interval,Numerator,Denominator,Outcome,MALE Confidence Interval,MALE Numerator,MALE Denominator,MALE Outcome,FEMALE Confidence Interval,FEMALE Numerator,FEMALE Denominator,FEMALE Outcome,18 to 64 Confidence Interval,18 to 64 Numerator,18 to 64 Denominator,18 to 64 Outcome,65 and over Confidence Interval,65 and over Numerator,65 and over Denominator,65 and over Outcome
Cumbria,..,..,..,..,..,..,..,..,..,..,..,..,..,..,..,..,..,..,..,..
Northumberland,..,..,..,..,..,..,..,..,..,..,..,..,..,..,..,..,..,..,..,..
Gateshead,..,..,..,..,..,..,..,..,..,..,..,..,..,..,..,..,..,..,..,..
Newcastle upon Tyne,..,..,..,..,..,..,..,..,..,..,..,..,..,..,..,..,..,..,..,..
North Tyneside,..,..,..,..,..,..,..,..,..,..,..,..,..,..,..,..,..,..,..,..
South Tyneside,..,..,..,..,..,..,..,..,..,..,..,..,..,..,..,..,..,..,..,..
Sunderland,..,..,..,..,..,..,..,..,..,..,..,..,..,..,..,..,..,..,..,..
Hartlepool,..,..,..,..,..,..,..,..,..,..,..,..,..,..,..,..,..,..,..,..
Middlesbrough,..,..,..,..,..,..,..,..,..,..,..,..,..,..,..,..,..,..,..,..
Redcar and Cleveland,..,..,..,..,..,..,..,..,..,..,..,..,..,..,..,..,..,..,..,..
Stockton-on-Tees,..,..,..,..,..,..,..,..,..,..,..,..,..,..,..,..,..,..,..,..
Durham,..,..,..,..,..,..,..,..,..,..,..,..,..,..,..,..,..,..,..,..
Darlington,..,..,..,..,..,..,..,..,..,..,..,..,..,..,..,..,..,..,..,..
Barnsley,..,..,..,..,..,..,..,..,..,..,..,..,..,..,..,..,..,..,..,..
Doncaster,..,..,..,..,..,..,..,..,..,..,..,..,..,..,..,..,..,..,..,..
Rotherham,..,..,..,..,..,..,..,..,..,..,..,..,..,..,..,..,..,..,..,..
Sheffield,..,..,..,..,..,..,..,..,..,..,..,..,..,..,..,..,..,..,..,..
Bradford,..,..,..,..,..,..,..,..,..,..,..,..,..,..,..,..,..,..,..,..
Calderdale,..,..,..,..,..,..,..,..,..,..,..,..,..,..,..,..,..,..,..,..
Kirklees,..,..,..,..,..,..,..,..,..,..,..,..,..,..,..,..,..,..,..,..
Leeds,..,..,..,..,..,..,..,..,..,..,..,..,..,..,..,..,..,..,..,..
Wakefield,..,..,..,..,..,..,..,..,..,..,..,..,..,..,..,..,..,..,..,..
East Riding of Yorkshire,..,..,..,..,..,..,..,..,..,..,..,..,..,..,..,..,..,..,..,..
Kingston upon Hull,..,..,..,..,..,..,..,..,..,..,..,..,..,..,..,..,..,..,..,..
North East Lincolnshire,..,..,..,..,..,..,..,..,..,..,..,..,..,..,..,..,..,..,..,..
North Lincolnshire,..,..,..,..,..,..,..,..,..,..,..,..,..,..,..,..,..,..,..,..
North Yorkshire,..,..,..,..,..,..,..,..,..,..,..,..,..,..,..,..,..,..,..,..
York,..,..,..,..,..,..,..,..,..,..,..,..,..,..,..,..,..,..,..,..
Bolton,..,..,..,..,..,..,..,..,..,..,..,..,..,..,..,..,..,..,..,..
Bury,..,..,..,..,..,..,..,..,..,..,..,..,..,..,..,..,..,..,..,..
Manchester,..,..,..,..,..,..,..,..,..,..,..,..,..,..,..,..,..,..,..,..
Oldham,..,..,..,..,..,..,..,..,..,..,..,..,..,..,..,..,..,..,..,..
Rochdale,..,..,..,..,..,..,..,..,..,..,..,..,..,..,..,..,..,..,..,..
Salford,..,..,..,..,..,..,..,..,..,..,..,..,..,..,..,..,..,..,..,..
Stockport,..,..,..,..,..,..,..,..,..,..,..,..,..,..,..,..,..,..,..,..
Tameside,..,..,..,..,..,..,..,..,..,..,..,..,..,..,..,..,..,..,..,..
Trafford,..,..,..,..,..,..,..,..,..,..,..,..,..,..,..,..,..,..,..,..
Wigan,..,..,..,..,..,..,..,..,..,..,..,..,..,..,..,..,..,..,..,..
Knowsley,..,..,..,..,..,..,..,..,..,..,..,..,..,..,..,..,..,..,..,..
Liverpool,..,..,..,..,..,..,..,..,..,..,..,..,..,..,..,..,..,..,..,..
Sefton,..,..,..,..,..,..,..,..,..,..,..,..,..,..,..,..,..,..,..,..
St. Helens,..,..,..,..,..,..,..,..,..,..,..,..,..,..,..,..,..,..,..,..
Wirral,..,..,..,..,..,..,..,..,..,..,..,..,..,..,..,..,..,..,..,..
Halton,..,..,..,..,..,..,..,..,..,..,..,..,..,..,..,..,..,..,..,..
Warrington,..,..,..,..,..,..,..,..,..,..,..,..,..,..,..,..,..,..,..,..
Lancashire,..,..,..,..,..,..,..,..,..,..,..,..,..,..,..,..,..,..,..,..
Blackburn with Darwen,..,..,..,..,..,..,..,..,..,..,..,..,..,..,..,..,..,..,..,..
Blackpool,..,..,..,..,..,..,..,..,..,..,..,..,..,..,..,..,..,..,..,..
Cheshire East,..,..,..,..,..,..,..,..,..,..,..,..,..,..,..,..,..,..,..,..
Cheshire West and Chester,..,..,..,..,..,..,..,..,..,..,..,..,..,..,..,..,..,..,..,..
Warwickshire,..,..,..,..,..,..,..,..,..,..,..,..,..,..,..,..,..,..,..,..
Birmingham,..,..,..,..,..,..,..,..,..,..,..,..,..,..,..,..,..,..,..,..
Coventry,..,..,..,..,..,..,..,..,..,..,..,..,..,..,..,..,..,..,..,..
Dudley,..,..,..,..,..,..,..,..,..,..,..,..,..,..,..,..,..,..,..,..
Sandwell,..,..,..,..,..,..,..,..,..,..,..,..,..,..,..,..,..,..,..,..
Solihull,..,..,..,..,..,..,..,..,..,..,..,..,..,..,..,..,..,..,..,..
Walsall,..,..,..,..,..,..,..,..,..,..,..,..,..,..,..,..,..,..,..,..
Wolverhampton,..,..,..,..,..,..,..,..,..,..,..,..,..,..,..,..,..,..,..,..
Staffordshire,..,..,..,..,..,..,..,..,..,..,..,..,..,..,..,..,..,..,..,..
Stoke-on-Trent,..,..,..,..,..,..,..,..,..,..,..,..,..,..,..,..,..,..,..,..
Herefordshire,..,..,..,..,..,..,..,..,..,..,..,..,..,..,..,..,..,..,..,..
Worcestershire,..,..,..,..,..,..,..,..,..,..,..,..,..,..,..,..,..,..,..,..
Shropshire,..,..,..,..,..,..,..,..,..,..,..,..,..,..,..,..,..,..,..,..
Telford and the Wrekin,..,..,..,..,..,..,..,..,..,..,..,..,..,..,..,..,..,..,..,..
Lincolnshire,..,..,..,..,..,..,..,..,..,..,..,..,..,..,..,..,..,..,..,..
Northamptonshire,..,..,..,..,..,..,..,..,..,..,..,..,..,..,..,..,..,..,..,..
Derbyshire,..,..,..,..,..,..,..,..,..,..,..,..,..,..,..,..,..,..,..,..
Derby,..,..,..,..,..,..,..,..,..,..,..,..,..,..,..,..,..,..,..,..
Leicestershire,..,..,..,..,..,..,..,..,..,..,..,..,..,..,..,..,..,..,..,..
Leicester,..,..,..,..,..,..,..,..,..,..,..,..,..,..,..,..,..,..,..,..
Rutland,..,..,..,..,..,..,..,..,..,..,..,..,..,..,..,..,..,..,..,..
Nottinghamshire,..,..,..,..,..,..,..,..,..,..,..,..,..,..,..,..,..,..,..,..
Nottingham,..,..,..,..,..,..,..,..,..,..,..,..,..,..,..,..,..,..,..,..
Hertfordshire,..,..,..,..,..,..,..,..,..,..,..,..,..,..,..,..,..,..,..,..
Norfolk,..,..,..,..,..,..,..,..,..,..,..,..,..,..,..,..,..,..,..,..
Oxfordshire,..,..,..,..,..,..,..,..,..,..,..,..,..,..,..,..,..,..,..,..
Suffolk,..,..,..,..,..,..,..,..,..,..,..,..,..,..,..,..,..,..,..,..
Luton,..,..,..,..,..,..,..,..,..,..,..,..,..,..,..,..,..,..,..,..
Buckinghamshire,..,..,..,..,..,..,..,..,..,..,..,..,..,..,..,..,..,..,..,..
Milton Keynes,..,..,..,..,..,..,..,..,..,..,..,..,..,..,..,..,..,..,..,..
Bracknell Forest,..,..,..,..,..,..,..,..,..,..,..,..,..,..,..,..,..,..,..,..
West Berkshire,..,..,..,..,..,..,..,..,..,..,..,..,..,..,..,..,..,..,..,..
Reading,..,..,..,..,..,..,..,..,..,..,..,..,..,..,..,..,..,..,..,..
Slough,..,..,..,..,..,..,..,..,..,..,..,..,..,..,..,..,..,..,..,..
Windsor and Maidenhead,..,..,..,..,..,..,..,..,..,..,..,..,..,..,..,..,..,..,..,..
Wokingham,..,..,..,..,..,..,..,..,..,..,..,..,..,..,..,..,..,..,..,..
Essex,..,..,..,..,..,..,..,..,..,..,..,..,..,..,..,..,..,..,..,..
Southend-on-Sea,..,..,..,..,..,..,..,..,..,..,..,..,..,..,..,..,..,..,..,..
Thurrock,..,..,..,..,..,..,..,..,..,..,..,..,..,..,..,..,..,..,..,..
Cambridgeshire,..,..,..,..,..,..,..,..,..,..,..,..,..,..,..,..,..,..,..,..
Peterborough,..,..,..,..,..,..,..,..,..,..,..,..,..,..,..,..,..,..,..,..
Bedford,..,..,..,..,..,..,..,..,..,..,..,..,..,..,..,..,..,..,..,..
Central Bedfordshire,..,..,..,..,..,..,..,..,..,..,..,..,..,..,..,..,..,..,..,..
Camden,..,..,..,..,..,..,..,..,..,..,..,..,..,..,..,..,..,..,..,..
Greenwich,..,..,..,..,..,..,..,..,..,..,..,..,..,..,..,..,..,..,..,..
Hackney,..,..,..,..,..,..,..,..,..,..,..,..,..,..,..,..,..,..,..,..
Hammersmith and Fulham,..,..,..,..,..,..,..,..,..,..,..,..,..,..,..,..,..,..,..,..
Islington,..,..,..,..,..,..,..,..,..,..,..,..,..,..,..,..,..,..,..,..
Kensington and Chelsea,..,..,..,..,..,..,..,..,..,..,..,..,..,..,..,..,..,..,..,..
Lambeth,..,..,..,..,..,..,..,..,..,..,..,..,..,..,..,..,..,..,..,..
Lewisham,..,..,..,..,..,..,..,..,..,..,..,..,..,..,..,..,..,..,..,..
Southwark,..,..,..,..,..,..,..,..,..,..,..,..,..,..,..,..,..,..,..,..
Tower Hamlets,..,..,..,..,..,..,..,..,..,..,..,..,..,..,..,..,..,..,..,..
Wandsworth,..,..,..,..,..,..,..,..,..,..,..,..,..,..,..,..,..,..,..,..
Westminster,..,..,..,..,..,..,..,..,..,..,..,..,..,..,..,..,..,..,..,..
City of London,..,..,..,..,..,..,..,..,..,..,..,..,..,..,..,..,..,..,..,..
Barking and Dagenham,..,..,..,..,..,..,..,..,..,..,..,..,..,..,..,..,..,..,..,..
Barnet,..,..,..,..,..,..,..,..,..,..,..,..,..,..,..,..,..,..,..,..
Bexley,..,..,..,..,..,..,..,..,..,..,..,..,..,..,..,..,..,..,..,..
Brent,..,..,..,..,..,..,..,..,..,..,..,..,..,..,..,..,..,..,..,..
Bromley,..,..,..,..,..,..,..,..,..,..,..,..,..,..,..,..,..,..,..,..
Croydon,..,..,..,..,..,..,..,..,..,..,..,..,..,..,..,..,..,..,..,..
Ealing,..,..,..,..,..,..,..,..,..,..,..,..,..,..,..,..,..,..,..,..
Enfield,..,..,..,..,..,..,..,..,..,..,..,..,..,..,..,..,..,..,..,..
Haringey,..,..,..,..,..,..,..,..,..,..,..,..,..,..,..,..,..,..,..,..
Harrow,..,..,..,..,..,..,..,..,..,..,..,..,..,..,..,..,..,..,..,..
Havering,..,..,..,..,..,..,..,..,..,..,..,..,..,..,..,..,..,..,..,..
Hillingdon,..,..,..,..,..,..,..,..,..,..,..,..,..,..,..,..,..,..,..,..
Hounslow,..,..,..,..,..,..,..,..,..,..,..,..,..,..,..,..,..,..,..,..
Kingston upon Thames,..,..,..,..,..,..,..,..,..,..,..,..,..,..,..,..,..,..,..,..
Merton,..,..,..,..,..,..,..,..,..,..,..,..,..,..,..,..,..,..,..,..
Newham,..,..,..,..,..,..,..,..,..,..,..,..,..,..,..,..,..,..,..,..
Redbridge,..,..,..,..,..,..,..,..,..,..,..,..,..,..,..,..,..,..,..,..
Richmond upon Thames,..,..,..,..,..,..,..,..,..,..,..,..,..,..,..,..,..,..,..,..
Sutton,..,..,..,..,..,..,..,..,..,..,..,..,..,..,..,..,..,..,..,..
Waltham Forest,..,..,..,..,..,..,..,..,..,..,..,..,..,..,..,..,..,..,..,..
Isle of Wight,..,..,..,..,..,..,..,..,..,..,..,..,..,..,..,..,..,..,..,..
Surrey,..,..,..,..,..,..,..,..,..,..,..,..,..,..,..,..,..,..,..,..
West Sussex,..,..,..,..,..,..,..,..,..,..,..,..,..,..,..,..,..,..,..,..
Dorset,..,..,..,..,..,..,..,..,..,..,..,..,..,..,..,..,..,..,..,..
Bournemouth,..,..,..,..,..,..,..,..,..,..,..,..,..,..,..,..,..,..,..,..
Poole,..,..,..,..,..,..,..,..,..,..,..,..,..,..,..,..,..,..,..,..
Hampshire,..,..,..,..,..,..,..,..,..,..,..,..,..,..,..,..,..,..,..,..
Portsmouth,..,..,..,..,..,..,..,..,..,..,..,..,..,..,..,..,..,..,..,..
Southampton,..,..,..,..,..,..,..,..,..,..,..,..,..,..,..,..,..,..,..,..
East Sussex,..,..,..,..,..,..,..,..,..,..,..,..,..,..,..,..,..,..,..,..
Brighton and Hove,..,..,..,..,..,..,..,..,..,..,..,..,..,..,..,..,..,..,..,..
Wiltshire,..,..,..,..,..,..,..,..,..,..,..,..,..,..,..,..,..,..,..,..
Swindon,..,..,..,..,..,..,..,..,..,..,..,..,..,..,..,..,..,..,..,..
Kent,..,..,..,..,..,..,..,..,..,..,..,..,..,..,..,..,..,..,..,..
Medway Towns,..,..,..,..,..,..,..,..,..,..,..,..,..,..,..,..,..,..,..,..
Cornwall,..,..,..,..,..,..,..,..,..,..,..,..,..,..,..,..,..,..,..,..
Gloucestershire,..,..,..,..,..,..,..,..,..,..,..,..,..,..,..,..,..,..,..,..
Somerset,..,..,..,..,..,..,..,..,..,..,..,..,..,..,..,..,..,..,..,..
Isles of Scilly,..,..,..,..,..,..,..,..,..,..,..,..,..,..,..,..,..,..,..,..
Bath and North East Somerset,..,..,..,..,..,..,..,..,..,..,..,..,..,..,..,..,..,..,..,..
Bristol,..,..,..,..,..,..,..,..,..,..,..,..,..,..,..,..,..,..,..,..
North Somerset,..,..,..,..,..,..,..,..,..,..,..,..,..,..,..,..,..,..,..,..
South Gloucestershire,..,..,..,..,..,..,..,..,..,..,..,..,..,..,..,..,..,..,..,..
Devon,..,..,..,..,..,..,..,..,..,..,..,..,..,..,..,..,..,..,..,..
Plymouth,..,..,..,..,..,..,..,..,..,..,..,..,..,..,..,..,..,..,..,..
Torbay,..,..,..,..,..,..,..,..,..,..,..,..,..,..,..,..,..,..,..,..
,,,,,,,,,,,,,,,,,,,,
ENGLAND,..,..,..,..,..,..,..,..,..,..,..,..,..,..,..,..,..,..,..,..
Number of councils the national total is based on,0,0,0,0,0,0,0,0,0,0,0,0,0,0,0,0,0,0,0,0
,,,,,,,,,,,,,,,,,,,,
Shire Counties,..,..,..,..,..,..,..,..,..,..,..,..,..,..,..,..,..,..,..,..
Unitary Authorities,..,..,..,..,..,..,..,..,..,..,..,..,..,..,..,..,..,..,..,..
Metropolitan Districts,..,..,..,..,..,..,..,..,..,..,..,..,..,..,..,..,..,..,..,..
Inner London,..,..,..,..,..,..,..,..,..,..,..,..,..,..,..,..,..,..,..,..
Outer London,..,..,..,..,..,..,..,..,..,..,..,..,..,..,..,..,..,..,..,..
,,,,,,,,,,,,,,,,,,,,
North East,..,..,..,..,..,..,..,..,..,..,..,..,..,..,..,..,..,..,..,..
North West,..,..,..,..,..,..,..,..,..,..,..,..,..,..,..,..,..,..,..,..
Yorkshire and the Humber,..,..,..,..,..,..,..,..,..,..,..,..,..,..,..,..,..,..,..,..
East Midlands,..,..,..,..,..,..,..,..,..,..,..,..,..,..,..,..,..,..,..,..
West Midlands,..,..,..,..,..,..,..,..,..,..,..,..,..,..,..,..,..,..,..,..
South West,..,..,..,..,..,..,..,..,..,..,..,..,..,..,..,..,..,..,..,..
Eastern,..,..,..,..,..,..,..,..,..,..,..,..,..,..,..,..,..,..,..,..
London,..,..,..,..,..,..,..,..,..,..,..,..,..,..,..,..,..,..,..,..
South East,..,..,..,..,..,..,..,..,..,..,..,..,..,..,..,..,..,..,..,..
,,,,,,,,,,,,,,,,,,,,
,,,,,,,,,,,,,,,,,,,,
Notes:,,,,,,,,,,,,,,,,,,,,
..  represents data that are unavailable.,,,,,,,,,,,,,,,,,,,,
"-  means constituent values less than six are suppressed. However, for Delayed Transfers of Care data (which are averages of 12 monthly values) the equivalent suppression is 
   achieved by suppressing annual values less than 0.5 (6/12) and for survey data, values of less than three are supressed. Where elements of an indicator are suppressed the 
   indicator itself is also suppressed. Measure 1F and 1H for 2013-14 have outcome data (the annual outcome is based on an average of the monthly outcomes), but not 
   numerators and denominators, which are available for each month with the ASCOF publication on the HSCIC website http://www.hscic.gov.uk/pubs/adusoccareof1314fin . 
   Outcomes for 1F and 1H have been suppressed if the annual average numerator or denominator is less than 0.5 (6/12).",,,,,,,,,,,,,,,,,,,,
"1. Numerator and denominator values used to calculate the indicator are rounded to the nearest five. The exception is for Measure 2C, where the numerators are rounded to 
   the nearest one.",,,,,,,,,,,,,,,,,,,,
"2. 1A, 1B, 1D, 1I, 3A, 3B, 3C, 3D, 4A and 4B are based on survey data. The base for 1A, 1B, 1I, 3A, 3D, 4A and 4B (i.e. the number of responses on which the outcome is 
    based) should be taken into account when assessing the reliability of the outcome values. Outcomes based on a small base should be treated with caution.",,,,,,,,,,,,,,,,,,,,
"3. 1A, 1B, 1I(1), 3A, 3D(1), 4A and 4B have been weighted to reflect that a stratified sample was taken and to account for non-response bias.",,,,,,,,,,,,,,,,,,,,
"4. 1D, 1I(2), 3B, 3C and 3D(2) are based solely on the Carers' survey. This is a biennial survey which took place for the first time in 2012-13, therefore no data are available for 2013-14.",,,,,,,,,,,,,,,,,,,,
,,,,,,,,,,,,,,,,,,,,
,,,,,,,,,,,,,,,,,,,,
,,,,,,,,,,,,,,,,,,,,
,,,,,,,,,,,,,,,,,,,,
,,,,,,,,,,,,,,,,,,,,
,,,,,,,,,,,,,,,,,,,,
,,,,,,,,,,,,,,,,,,,,
,,,,,,,,,,,,,,,,,,,,
,,,,,,,,,,,,,,,,,,,,
,,,,,,,,,,,,,,,,,,,,
,,,,,,,,,,,,,,,,,,,,
,,,,,,,,,,,,,,,,,,,,
,,,,,,,,,,,,,,,,,,,,
,,,,,,,,,,,,,,,,,,,,
,,,,,,,,,,,,,,,,,,,,
,,,,,,,,,,,,,,,,,,,,
,,,,,,,,,,,,,,,,,,,,
,,,,,,,,,,,,,,,,,,,,
,,,,,,,,,,,,,,,,,,,,
,,,,,,,,,,,,,,,,,,,,
,,,,,,,,,,,,,,,,,,,,
,,,,,,,,,,,,,,,,,,,,
,,,,,,,,,,,,,,,,,,,,
,,,,,,,,,,,,,,,,,,,,
,,,,,,,,,,,,,,,,,,,,
,,,,,,,,,,,,,,,,,,,,
,,,,,,,,,,,,,,,,,,,,
,,,,,,,,,,,,,,,,,,,,
,,,,,,,,,,,,,,,,,,,,
,,,,,,,,,,,,,,,,,,,,
,,,,,,,,,,,,,,,,,,,,
,,,,,,,,,,,,,,,,,,,,
,,,,,,,,,,,,,,,,,,,,
,,,,,,,,,,,,,,,,,,,,
,,,,,,,,,,,,,,,,,,,,
,,,,,,,,,,,,,,,,,,,,
,,,,,,,,,,,,,,,,,,,,
,,,,,,,,,,,,,,,,,,,,
,,,,,,,,,,,,,,,,,,,,
,,,,,,,,,,,,,,,,,,,,
,,,,,,,,,,,,,,,,,,,,
,,,,,,,,,,,,,,,,,,,,
,,,,,,,,,,,,,,,,,,,,
,,,,,,,,,,,,,,,,,,,,
,,,,,,,,,,,,,,,,,,,,
,,,,,,,,,,,,,,,,,,,,
,,,,,,,,,,,,,,,,,,,,
,,,,,,,,,,,,,,,,,,,,
,,,,,,,,,,,,,,,,,,,,
,,,,,,,,,,,,,,,,,,,,
,,,,,,,,,,,,,,,,,,,,
,,,,,,,,,,,,,,,,,,,,
,,,,,,,,,,,,,,,,,,,,
,,,,,,,,,,,,,,,,,,,,
,,,,,,,,,,,,,,,,,,,,
,,,,,,,,,,,,,,,,,,,,
,,,,,,,,,,,,,,,,,,,,
,,,,,,,,,,,,,,,,,,,,
,,,,,,,,,,,,,,,,,,,,
,,,,,,,,,,,,,,,,,,,,
,,,,,,,,,,,,,,,,,,,,
,,,,,,,,,,,,,,,,,,,,
,,,,,,,,,,,,,,,,,,,,
,,,,,,,,,,,,,,,,,,,,
,,,,,,,,,,,,,,,,,,,,
,,,,,,,,,,,,,,,,,,,,
,,,,,,,,,,,,,,,,,,,,
,,,,,,,,,,,,,,,,,,,,
,,,,,,,,,,,,,,,,,,,,
,,,,,,,,,,,,,,,,,,,,
,,,,,,,,,,,,,,,,,,,,
,,,,,,,,,,,,,,,,,,,,
,,,,,,,,,,,,,,,,,,,,
,,,,,,,,,,,,,,,,,,,,
,,,,,,,,,,,,,,,,,,,,
,,,,,,,,,,,,,,,,,,,,
,,,,,,,,,,,,,,,,,,,,
,,,,,,,,,,,,,,,,,,,,
,,,,,,,,,,,,,,,,,,,,
,,,,,,,,,,,,,,,,,,,,
,,,,,,,,,,,,,,,,,,,,
,,,,,,,,,,,,,,,,,,,,
,,,,,,,,,,,,,,,,,,,,
,,,,,,,,,,,,,,,,,,,,
,,,,,,,,,,,,,,,,,,,,
,,,,,,,,,,,,,,,,,,,,
,,,,,,,,,,,,,,,,,,,,
,,,,,,,,,,,,,,,,,,,,
,,,,,,,,,,,,,,,,,,,,
,,,,,,,,,,,,,,,,,,,,
,,,,,,,,,,,,,,,,,,,,
,,,,,,,,,,,,,,,,,,,,
,,,,,,,,,,,,,,,,,,,,
,,,,,,,,,,,,,,,,,,,,
,,,,,,,,,,,,,,,,,,,,
,,,,,,,,,,,,,,,,,,,,
,,,,,,,,,,,,,,,,,,,,
,,,,,,,,,,,,,,,,,,,,
,,,,,,,,,,,,,,,,,,,,
,,,,,,,,,,,,,,,,,,,,
,,,,,,,,,,,,,,,,,,,,
,,,,,,,,,,,,,,,,,,,,
,,,,,,,,,,,,,,,,,,,,
,,,,,,,,,,,,,,,,,,,,
,,,,,,,,,,,,,,,,,,,,
,,,,,,,,,,,,,,,,,,,,
,,,,,,,,,,,,,,,,,,,,
,,,,,,,,,,,,,,,,,,,,
,,,,,,,,,,,,,,,,,,,,
,,,,,,,,,,,,,,,,,,,,
,,,,,,,,,,,,,,,,,,,,
,,,,,,,,,,,,,,,,,,,,
,,,,,,,,,,,,,,,,,,,,
,,,,,,,,,,,,,,,,,,,,
,,,,,,,,,,,,,,,,,,,,
,,,,,,,,,,,,,,,,,,,,
,,,,,,,,,,,,,,,,,,,,
,,,,,,,,,,,,,,,,,,,,
,,,,,,,,,,,,,,,,,,,,
,,,,,,,,,,,,,,,,,,,,
,,,,,,,,,,,,,,,,,,,,
,,,,,,,,,,,,,,,,,,,,
,,,,,,,,,,,,,,,,,,,,
,,,,,,,,,,,,,,,,,,,,
,,,,,,,,,,,,,,,,,,,,
,,,,,,,,,,,,,,,,,,,,
,,,,,,,,,,,,,,,,,,,,
,,,,,,,,,,,,,,,,,,,,
,,,,,,,,,,,,,,,,,,,,
,,,,,,,,,,,,,,,,,,,,
,,,,,,,,,,,,,,,,,,,,
,,,,,,,,,,,,,,,,,,,,
,,,,,,,,,,,,,,,,,,,,
,,,,,,,,,,,,,,,,,,,,
,,,,,,,,,,,,,,,,,,,,
,,,,,,,,,,,,,,,,,,,,
,,,,,,,,,,,,,,,,,,,,
,,,,,,,,,,,,,,,,,,,,
,,,,,,,,,,,,,,,,,,,,
,,,,,,,,,,,,,,,,,,,,
,,,,,,,,,,,,,,,,,,,,
,,,,,,,,,,,,,,,,,,,,
,,,,,,,,,,,,,,,,,,,,
,,,,,,,,,,,,,,,,,,,,
,,,,,,,,,,,,,,,,,,,,
,,,,,,,,,,,,,,,,,,,,
,,,,,,,,,,,,,,,,,,,,
,,,,,,,,,,,,,,,,,,,,
,,,,,,,,,,,,,,,,,,,,
,,,,,,,,,,,,,,,,,,,,
,,,,,,,,,,,,,,,,,,,,
,,,,,,,,,,,,,,,,,,,,
,,,,,,,,,,,,,,,,,,,,
,,,,,,,,,,,,,,,,,,,,
,,,,,,,,,,,,,,,,,,,,
,,,,,,,,,,,,,,,,,,,,
,,,,,,,,,,,,,,,,,,,,
,,,,,,,,,,,,,,,,,,,,
,,,,,,,,,,,,,,,,,,,,
,,,,,,,,,,,,,,,,,,,,
,,,,,,,,,,,,,,,,,,,,
,,,,,,,,,,,,,,,,,,,,
,,,,,,,,,,,,,,,,,,,,
,,,,,,,,,,,,,,,,,,,,
,,,,,,,,,,,,,,,,,,,,
,,,,,,,,,,,,,,,,,,,,
,,,,,,,,,,,,,,,,,,,,
,,,,,,,,,,,,,,,,,,,,
,,,,,,,,,,,,,,,,,,,,
,,,,,,,,,,,,,,,,,,,,
,,,,,,,,,,,,,,,,,,,,
,,,,,,,,,,,,,,,,,,,,
,,,,,,,,,,,,,,,,,,,,
,,,,,,,,,,,,,,,,,,,,
,,,,,,,,,,,,,,,,,,,,
,,,,,,,,,,,,,,,,,,,,
,,,,,,,,,,,,,,,,,,,,
,,,,,,,,,,,,,,,,,,,,
,,,,,,,,,,,,,,,,,,,,
,,,,,,,,,,,,,,,,,,,,
,,,,,,,,,,,,,,,,,,,,
,,,,,,,,,,,,,,,,,,,,
,,,,,,,,,,,,,,,,,,,,
,,,,,,,,,,,,,,,,,,,,
,,,,,,,,,,,,,,,,,,,,
,,,,,,,,,,,,,,,,,,,,
,,,,,,,,,,,,,,,,,,,,
,,,,,,,,,,,,,,,,,,,,
,,,,,,,,,,,,,,,,,,,,
,,,,,,,,,,,,,,,,,,,,
,,,,,,,,,,,,,,,,,,,,
,,,,,,,,,,,,,,,,,,,,
,,,,,,,,,,,,,,,,,,,,
,,,,,,,,,,,,,,,,,,,,
,,,,,,,,,,,,,,,,,,,,
,,,,,,,,,,,,,,,,,,,,
,,,,,,,,,,,,,,,,,,,,
,,,,,,,,,,,,,,,,,,,,
,,,,,,,,,,,,,,,,,,,,
