ASCOF Outcomes 2013-14,Social care-related quality of life,,,,Social care-related quality of life,,Social care-related quality of life,,,Social care-related quality of life,,,Social care-related quality of life,,
,TOTAL,,,MALE,,,FEMALE,,,18 to 64,,,65 and over,,
,1A,1A,1A,1A,1A,1A,1A,1A,1A,1A,1A,1A,1A,1A,1A
,Confidence Interval,Base,Outcome,Confidence Interval,Base,Outcome,Confidence Interval,Base,Outcome,Confidence Interval,Base,Outcome,Confidence Interval,Base,Outcome
,,,,,,,,,,,,,,,
,,Number of respondents who answered all eight questions,The sum of the scores for all respondents who answered all eight questions  divided by the number of respondents who answered all eight questions,,Number of male respondents who answered all eight questions,The sum of the scores for all male respondents who answered all eight questions divided by the number of respondents who answered all eight questions,,Number of female respondents who answered all eight questions,The sum of the scores for all female respondents who answered all eight questions divided by the number of respondents who answered all eight questions,,Number of respondents (aged 18 to 64) who answered all eight questions,The sum of the scores for all respondents (aged 18 to 64) who answered all eight questions divided by the number of respondents (aged 18 to 64) who answered all eight questions,,Number of respondents (aged 65 and over) who answered all eight questions,The sum of the scores for all respondents (aged 65 and over) who answered all eight questions divided by the number of respondents (aged 65 and over) who answered all eight questions
,,ASCS - questions 3a to 9a and 11,"* Outcome is a
  weighted value",,ASCS - questions 3a to 9a and 10,"* Outcome is a
  weighted value",,ASCS - questions 3a to 9a and 10,"* Outcome is a
  weighted value",,ASCS - questions 3a to 9a and 10,"* Outcome is a
  weighted value",,ASCS - questions 3a to 9a and 10,"* Outcome is a
  weighted value"
,Confidence Interval,Base,Outcome,MALE Confidence Interval,MALE Base,MALE Outcome,FEMALE Confidence Interval,FEMALE Base,FEMALE Outcome,18 to 64 Confidence Interval,18 to 64 Base,18 to 64 Outcome,65 and over Confidence Interval,65 and over Base,65 and over Outcome
Cumbria,0.3,445,19.6,0.5,185,20.1,0.4,260,19.3,0.6,150,19.3,0.4,295,19.8
Northumberland,0.3,445,19.6,0.5,180,19.5,0.4,265,19.6,0.5,160,19.4,0.4,285,19.6
Gateshead,0.3,410,19.2,0.6,160,19.2,0.4,250,19.2,0.6,125,19.9,0.4,280,18.9
Newcastle upon Tyne,0.4,385,19.3,0.5,165,19.7,0.5,220,19.0,0.6,145,19.6,0.4,240,19.2
North Tyneside,0.3,455,19.5,0.6,180,19.8,0.4,275,19.3,0.4,220,20.5,0.5,230,19.0
South Tyneside,0.4,300,19.2,0.7,110,19.4,0.5,190,19.1,0.9,80,19.4,0.4,220,19.2
Sunderland,0.3,490,19.6,0.5,185,19.8,0.4,305,19.4,0.5,185,19.8,0.4,305,19.4
Hartlepool,0.3,445,19.2,0.6,160,19.3,0.4,285,19.2,0.6,130,18.6,0.4,320,19.6
Middlesbrough,0.3,445,19.6,0.5,190,19.6,0.4,260,19.6,0.5,195,20.1,0.4,255,19.3
Redcar and Cleveland,0.4,370,18.7,0.7,115,19.0,0.4,255,18.6,0.7,110,18.5,0.4,260,18.8
Stockton-on-Tees,0.3,450,19.1,0.5,160,19.2,0.4,290,19.0,0.6,175,18.7,0.4,275,19.3
Durham,0.4,390,19.5,0.6,155,19.6,0.5,235,19.4,0.7,115,19.4,0.4,275,19.6
Darlington,0.4,295,19.0,0.7,115,18.9,0.5,175,19.1,0.8,100,18.2,0.5,195,19.5
Barnsley,0.5,330,19.0,0.8,115,19.8,0.5,210,18.4,0.8,100,19.3,0.5,230,18.7
Doncaster,0.4,350,18.5,0.6,145,18.8,0.6,205,18.3,0.6,175,18.7,0.6,175,18.4
Rotherham,0.3,350,19.4,0.5,125,19.9,0.4,225,19.2,0.4,155,20.2,0.5,195,18.9
Sheffield,0.4,365,18.5,0.7,115,19.1,0.5,250,18.3,0.7,115,18.6,0.5,250,18.5
Bradford,0.4,685,19.1,0.6,290,19.3,0.5,395,18.9,0.7,240,19.3,0.4,445,18.9
Calderdale,0.3,420,18.9,0.6,185,19.0,0.5,235,18.8,0.6,185,18.9,0.4,235,18.9
Kirklees,0.3,610,18.8,0.5,230,19.0,0.4,380,18.7,0.6,200,18.8,0.3,410,18.8
Leeds,0.3,440,18.8,0.5,160,19.1,0.4,280,18.6,0.6,135,18.7,0.4,305,18.8
Wakefield,0.4,370,19.0,0.6,130,19.3,0.5,240,18.9,0.7,130,19.2,0.5,240,18.9
East Riding of Yorkshire,0.2,795,19.4,0.4,325,19.5,0.3,470,19.4,0.4,365,19.3,0.3,430,19.5
Kingston upon Hull,0.4,365,19.3,0.6,145,19.2,0.5,220,19.3,0.7,120,18.9,0.4,245,19.5
North East Lincolnshire,0.4,315,19.2,0.6,120,19.5,0.5,195,19.0,0.7,110,18.9,0.5,205,19.4
North Lincolnshire,0.4,290,19.3,0.8,90,18.8,0.4,200,19.5,0.6,115,19.0,0.5,175,19.4
North Yorkshire,0.3,410,18.9,0.5,170,19.1,0.4,240,18.7,0.6,120,19.6,0.4,290,18.6
York,0.3,470,18.8,0.5,185,19.0,0.4,285,18.7,0.7,115,19.0,0.4,355,18.8
Bolton,0.4,575,18.6,0.6,230,18.1,0.5,345,18.9,0.7,160,18.0,0.4,415,19.1
Bury,0.4,340,19.1,0.6,140,18.8,0.5,200,19.4,0.5,160,19.7,0.5,180,18.6
Manchester,0.5,335,18.4,0.8,135,18.8,0.7,200,18.2,0.8,145,18.1,0.6,190,18.8
Oldham,0.4,290,19.6,0.7,120,19.3,0.6,170,19.9,0.7,90,19.5,0.6,195,19.7
Rochdale,0.3,470,18.7,0.6,180,18.8,0.4,295,18.7,0.6,170,18.3,0.4,300,19.0
Salford,0.2,"1,060",18.2,0.4,430,18.1,0.3,630,18.2,0.3,480,17.7,0.3,580,18.5
Stockport,0.4,380,18.9,0.6,175,19.1,0.5,205,18.7,0.7,145,19.0,0.4,235,18.8
Tameside,0.4,360,18.4,0.7,135,18.5,0.5,225,18.4,0.9,105,18.0,0.4,255,18.7
Trafford,0.4,345,18.9,0.6,125,19.3,0.5,220,18.7,0.8,95,19.0,0.4,250,18.8
Wigan,0.4,365,18.6,0.6,140,19.0,0.5,225,18.4,0.9,105,18.3,0.4,260,18.8
Knowsley,0.3,430,19.3,0.6,190,18.9,0.4,240,19.7,0.6,165,19.4,0.4,265,19.3
Liverpool,0.3,600,19.0,0.5,280,19.4,0.4,320,18.7,0.5,260,20.0,0.4,340,18.5
Sefton,0.4,360,19.0,0.6,145,19.0,0.5,215,19.0,0.7,125,18.7,0.5,235,19.2
St. Helens,0.4,290,19.4,0.7,100,19.5,0.6,190,19.3,1.2,70,19.4,0.4,220,19.3
Wirral,0.4,340,19.4,0.6,140,19.5,0.5,200,19.4,0.7,110,19.5,0.5,230,19.4
Halton,0.3,510,19.4,0.5,205,19.4,0.4,305,19.4,0.4,175,19.8,0.3,335,19.3
Warrington,0.4,335,19.3,0.7,120,19.2,0.5,215,19.3,0.6,120,19.8,0.5,220,19.1
Lancashire,0.4,375,19.1,0.6,150,19.1,0.5,225,19.1,0.6,160,18.7,0.5,215,19.4
Blackburn with Darwen,0.2,360,20.5,0.5,120,20.8,0.3,240,20.4,0.4,105,21.2,0.3,255,20.3
Blackpool,0.4,355,19.0,0.5,220,19.0,0.6,135,19.1,0.7,105,18.6,0.4,250,19.2
Cheshire East,0.4,305,19.1,0.7,115,19.4,0.6,190,18.9,0.6,120,19.0,0.5,185,19.2
Cheshire West and Chester,0.3,630,19.2,0.6,270,19.3,0.4,360,19.2,0.5,385,19.5,0.4,245,19.0
Warwickshire,0.3,445,18.8,0.6,165,19.0,0.4,285,18.7,0.6,130,19.8,0.4,315,18.4
Birmingham,0.4,450,18.7,0.5,185,19.2,0.5,260,18.4,0.5,165,19.5,0.5,280,18.4
Coventry,0.4,345,19.2,0.7,125,19.5,0.5,220,19.1,0.8,125,19.4,0.5,220,19.1
Dudley,0.3,590,19.4,0.4,255,19.4,0.4,335,19.3,0.4,265,19.8,0.3,325,19.2
Sandwell,0.4,380,19.2,0.8,130,19.2,0.4,245,19.2,0.6,140,20.0,0.5,240,18.9
Solihull,0.3,490,18.5,0.6,190,18.5,0.4,300,18.5,0.6,170,18.8,0.4,320,18.3
Walsall,0.2,"1,000",19.1,0.3,385,19.4,0.3,620,18.9,0.3,360,19.9,0.3,640,18.6
Wolverhampton,0.4,305,19.4,0.7,130,19.2,0.5,170,19.5,0.8,105,19.8,0.5,200,19.1
Staffordshire,0.4,325,18.7,0.6,105,18.9,0.6,220,18.6,0.7,95,18.7,0.5,230,18.7
Stoke-on-Trent,0.4,330,18.6,0.7,130,18.2,0.5,200,18.9,0.8,110,18.0,0.4,220,19.0
Herefordshire,0.4,345,19.1,0.7,115,19.3,0.5,230,19.0,0.8,90,19.9,0.4,255,18.7
Worcestershire,0.3,405,19.2,0.5,165,19.5,0.5,235,19.0,0.6,140,19.3,0.4,265,19.2
Shropshire,0.4,285,18.5,0.7,115,18.3,0.6,170,18.6,0.7,130,18.3,0.5,155,18.7
Telford and the Wrekin,0.4,390,18.9,0.6,170,18.8,0.5,215,18.9,0.6,185,18.4,0.5,200,19.1
Lincolnshire,0.4,395,18.7,0.7,140,18.6,0.5,255,18.7,0.9,95,18.0,0.4,300,18.9
Northamptonshire,0.3,385,19.1,0.5,135,19.7,0.4,250,18.8,0.6,150,20.0,0.4,235,18.7
Derbyshire,0.3,580,18.9,0.4,255,19.0,0.4,325,18.8,0.4,285,19.3,0.4,295,18.6
Derby,0.3,360,19.5,0.6,130,20.0,0.4,230,19.3,0.6,120,20.3,0.4,240,19.1
Leicestershire,0.4,365,19.0,0.6,140,19.1,0.5,225,18.9,0.7,120,19.4,0.4,245,18.8
Leicester,0.3,555,18.3,0.5,265,18.6,0.5,290,18.1,0.5,290,18.5,0.5,265,18.1
Rutland,0.5,110,18.9,0.8,35,20.1,0.7,80,18.5,0.8,30,19.5,0.6,80,18.7
Nottinghamshire,0.4,350,18.9,0.7,125,18.8,0.5,225,18.9,0.6,130,19.2,0.5,225,18.7
Nottingham,0.3,495,18.8,0.6,210,19.1,0.4,285,18.6,0.6,190,19.0,0.4,305,18.7
Hertfordshire,0.4,310,18.7,0.7,120,18.5,0.5,195,18.8,0.6,125,18.7,0.4,185,18.7
Norfolk,0.3,405,19.6,0.5,150,19.7,0.4,260,19.5,0.6,115,19.9,0.4,290,19.4
Oxfordshire,0.3,440,19.3,0.5,175,19.9,0.5,265,19.0,0.5,220,19.8,0.5,220,19.0
Suffolk,0.3,625,19.0,0.6,225,19.0,0.4,400,19.0,0.6,250,18.8,0.4,375,19.0
Luton,0.3,460,18.9,0.5,205,19.1,0.4,255,18.8,0.5,215,19.1,0.4,245,18.8
Buckinghamshire,0.3,455,18.2,0.6,170,18.2,0.4,285,18.3,0.7,120,19.0,0.4,335,17.9
Milton Keynes,0.3,425,18.9,0.6,165,18.8,0.4,255,19.0,0.6,130,19.2,0.4,290,18.7
Bracknell Forest,0.2,655,18.8,0.5,255,18.9,0.3,400,18.7,0.4,295,18.8,0.3,360,18.7
West Berkshire,0.3,415,18.8,0.6,165,18.8,0.4,250,18.7,0.6,150,18.6,0.4,270,18.9
Reading,0.3,395,19.3,0.5,170,19.3,0.4,225,19.4,0.5,160,19.6,0.4,235,19.2
Slough,0.4,310,18.4,0.7,120,19.4,0.5,190,17.9,0.5,155,19.3,0.6,150,17.7
Windsor and Maidenhead,0.4,290,18.8,0.7,100,19.4,0.5,190,18.4,0.7,105,19.5,0.5,185,18.3
Wokingham,0.4,285,19.2,0.6,125,19.7,0.5,160,18.7,0.6,140,19.4,0.5,145,19.0
Essex,0.3,605,18.4,0.5,240,19.0,0.4,365,18.0,0.5,250,18.3,0.3,350,18.4
Southend-on-Sea,0.4,360,18.8,0.8,115,18.8,0.4,245,18.8,0.7,110,19.1,0.5,250,18.7
Thurrock,0.4,310,18.5,0.8,95,18.8,0.5,220,18.4,1.0,65,17.9,0.4,245,18.7
Cambridgeshire,0.3,490,19.2,0.5,190,18.9,0.4,300,19.4,0.5,175,19.6,0.4,315,18.9
Peterborough,0.3,530,18.9,0.6,200,18.8,0.4,330,19.0,0.6,180,18.7,0.4,350,19.0
Bedford,0.3,395,18.9,0.6,160,19.0,0.4,235,18.9,0.7,135,18.9,0.4,260,19.0
Central Bedfordshire,0.3,410,18.8,0.5,165,18.7,0.5,245,18.9,0.6,135,19.2,0.4,275,18.6
Camden,0.4,345,18.3,0.7,145,18.7,0.6,180,18.0,0.7,145,18.2,0.5,200,18.4
Greenwich,0.4,350,18.6,0.7,145,18.6,0.5,205,18.6,0.6,185,18.4,0.5,165,18.8
Hackney,0.6,275,17.8,0.9,110,18.3,0.7,165,17.4,0.8,150,17.7,0.8,125,17.9
Hammersmith and Fulham,0.4,315,18.5,0.7,135,19.1,0.6,180,18.0,0.8,100,18.8,0.5,215,18.3
Islington,0.2,905,18.4,0.4,385,18.5,0.3,520,18.2,0.4,365,17.4,0.3,540,19.2
Kensington and Chelsea,0.4,300,18.3,0.7,120,18.4,0.6,180,18.2,0.6,140,17.8,0.6,165,18.5
Lambeth,0.4,390,18.1,0.7,165,18.4,0.6,225,17.8,0.7,210,17.8,0.5,185,18.3
Lewisham,0.3,695,18.6,0.5,330,19.1,0.4,365,18.2,0.5,355,18.8,0.4,340,18.5
Southwark,0.2,"1,090",18.2,0.3,460,18.6,0.3,630,18.0,0.3,410,18.5,0.3,685,18.1
Tower Hamlets,0.2,"1,030",18.5,0.3,460,18.8,0.3,570,18.3,0.4,420,18.4,0.2,605,18.6
Wandsworth,0.3,635,18.6,0.4,285,18.9,0.4,350,18.4,0.4,315,18.6,0.4,325,18.6
Westminster,0.4,335,18.6,0.7,140,18.5,0.6,195,18.8,0.7,170,18.5,0.5,165,18.8
City of London,..,..,..,..,..,..,..,..,..,..,..,..,..,..,..
Barking and Dagenham,0.5,310,19.2,0.8,120,18.8,0.7,190,19.4,0.7,135,18.4,0.7,175,19.7
Barnet,0.4,420,18.7,0.6,170,18.8,0.5,250,18.7,0.7,150,18.5,0.4,270,18.9
Bexley,0.4,300,18.4,0.6,125,19.1,0.6,175,17.9,0.6,145,18.1,0.6,155,18.6
Brent,0.3,485,17.8,0.5,225,17.5,0.4,260,18.1,0.4,200,18.4,0.4,285,17.4
Bromley,0.3,675,18.4,0.4,260,18.8,0.4,415,18.3,0.3,325,19.5,0.4,350,18.0
Croydon,0.4,355,18.7,0.6,130,19.0,0.5,225,18.6,0.7,135,19.0,0.5,220,18.6
Ealing,0.4,395,18.2,0.6,195,18.6,0.6,200,17.9,0.7,135,18.8,0.5,260,18.0
Enfield,0.3,545,18.4,0.6,200,18.8,0.4,345,18.1,0.5,215,18.5,0.4,330,18.3
Haringey,0.5,310,18.3,0.7,120,18.6,0.6,190,18.2,0.6,145,18.8,0.6,165,18.0
Harrow,0.4,370,18.2,0.7,135,17.9,0.5,240,18.4,0.7,130,18.2,0.5,240,18.2
Havering,0.4,335,18.6,0.7,95,19.0,0.5,240,18.4,0.7,115,19.1,0.5,220,18.4
Hillingdon,0.3,530,18.6,0.5,225,19.0,0.4,305,18.3,0.5,210,19.4,0.4,320,18.1
Hounslow,0.4,545,17.8,0.6,220,18.1,0.5,325,17.6,0.6,215,17.8,0.4,335,17.8
Kingston upon Thames,0.4,255,18.7,0.7,100,18.4,0.6,155,18.8,0.7,125,19.1,0.6,130,18.2
Merton,0.4,485,18.8,0.5,195,19.5,0.5,290,18.3,0.5,185,19.3,0.5,300,18.5
Newham,0.4,535,18.9,0.5,225,19.5,0.5,315,18.5,0.4,320,19.4,0.6,215,18.5
Redbridge,0.4,355,20.1,0.6,135,20.2,0.5,215,20.0,0.8,100,20.0,0.4,255,20.1
Richmond upon Thames,0.4,260,19.2,0.6,110,20.0,0.7,150,18.5,0.7,90,20.0,0.6,170,18.7
Sutton,0.4,355,18.6,0.6,140,19.0,0.5,215,18.3,0.6,145,18.9,0.5,210,18.4
Waltham Forest,0.5,285,18.1,0.9,120,18.7,0.7,160,17.6,0.8,150,18.3,0.7,135,17.8
Isle of Wight,0.3,435,19.7,0.5,160,19.6,0.4,275,19.7,0.6,145,20.0,0.4,290,19.5
Surrey,0.3,545,19.6,0.4,225,19.9,0.4,320,19.4,0.5,190,20.1,0.3,355,19.4
West Sussex,0.4,415,19.1,0.7,150,19.5,0.4,265,18.9,0.7,145,19.7,0.4,270,18.7
Dorset,0.3,345,18.5,0.5,150,18.9,0.5,195,18.3,0.6,175,18.1,0.4,170,18.9
Bournemouth,0.3,450,19.2,0.5,195,19.2,0.4,255,19.2,0.5,185,19.1,0.4,265,19.2
Poole,0.3,335,19.0,0.6,130,19.4,0.5,205,18.7,0.7,90,19.5,0.4,245,18.7
Hampshire,0.2,"1,085",19.3,0.4,420,19.6,0.3,665,19.1,0.3,520,20.0,0.3,565,19.0
Portsmouth,0.2,575,18.9,0.4,215,19.2,0.3,360,18.8,0.4,230,19.6,0.3,340,18.5
Southampton,0.5,335,18.6,0.9,125,18.4,0.6,215,18.7,0.9,110,18.0,0.5,230,19.1
East Sussex,0.4,380,19.3,0.6,135,19.3,0.5,240,19.2,0.7,110,19.0,0.4,270,19.4
Brighton and Hove,0.4,290,19.7,0.6,120,19.7,0.5,170,19.8,0.6,110,19.8,0.5,180,19.7
Wiltshire,0.3,365,19.4,0.5,135,19.5,0.5,230,19.3,0.6,110,20.7,0.4,255,18.9
Swindon,0.4,345,18.6,0.7,135,18.7,0.5,210,18.5,0.6,165,18.1,0.5,175,19.0
Kent,0.3,540,19.0,0.6,200,19.5,0.4,345,18.8,0.5,210,19.2,0.4,330,18.9
Medway Towns,0.4,345,18.8,0.6,130,18.8,0.5,215,18.9,0.7,115,19.1,0.4,230,18.7
Cornwall,0.3,390,19.1,0.6,140,18.7,0.4,250,19.3,0.7,110,19.5,0.4,280,18.9
Gloucestershire,0.3,450,19.5,0.5,180,19.5,0.4,270,19.6,0.6,145,19.9,0.4,305,19.3
Somerset,0.3,495,19.3,0.5,180,19.4,0.4,315,19.2,0.5,150,19.3,0.4,340,19.3
Isles of Scilly,..,..,..,..,..,..,..,..,..,..,..,..,..,..,..
Bath and North East Somerset,0.3,455,19.3,0.5,165,19.1,0.4,290,19.3,0.5,180,19.6,0.4,275,19.0
Bristol,0.3,435,18.3,0.5,175,18.4,0.5,260,18.2,0.6,175,18.0,0.4,260,18.5
North Somerset,0.3,345,19.1,0.6,130,19.3,0.5,215,18.9,0.6,110,18.8,0.4,235,19.2
South Gloucestershire,0.3,495,19.3,0.5,185,19.6,0.4,310,19.1,0.5,185,19.5,0.3,310,19.2
Devon,0.4,380,19.1,0.7,150,19.0,0.5,235,19.1,0.7,165,18.9,0.4,215,19.3
Plymouth,0.4,335,19.3,0.6,140,19.2,0.5,195,19.3,0.6,135,19.9,0.5,205,18.9
Torbay,0.4,335,18.8,0.7,140,19.0,0.5,195,18.7,0.7,170,18.7,0.5,165,18.9
,,,,,,,,,,,,,,,
ENGLAND,0,"65,235",19.0,0.1,"25,875",19.1,0.0,"39,340",18.9,0.1,"25,170",19.1,0.0,"40,060",18.9
Number of councils the national total is based on,150,150,150,150,150,150,150,150,150,150,150,150,150,150,150
,,,,,,,,,,,,,,,
Shire Counties,0.1,"12,450",19.1,0.1,"4,790",19.3,0.1,"7,660",19.0,0.1,"4,650",19.2,0.1,"7,795",19.0
Unitary Authorities,0.1,"21,955",19.1,0.1,"8,610",19.1,0.1,"13,345",19.0,0.1,"8,260",19.1,0.1,"13,695",19.0
Metropolitan Districts,0.1,"16,050",18.9,0.1,"6,350",19.1,0.1,"9,700",18.8,0.1,"5,925",19.1,0.1,"10,125",18.9
Inner London,0.1,"6,665",18.4,0.2,"2,880",18.7,0.2,"3,765",18.2,0.2,"2,960",18.2,0.1,"3,705",18.5
Outer London,0.1,"8,110",18.6,0.1,"3,245",18.9,0.1,"4,870",18.4,0.1,"3,370",18.8,0.1,"4,740",18.5
,,,,,,,,,,,,,,,
North East,0.1,"4,885",19.3,0.2,"1,875",19.5,0.2,"3,005",19.2,0.2,"1,740",19.3,0.1,"3,145",19.3
North West,0.1,"9,850",19.0,0.1,"4,035",19.1,0.1,"5,815",19.0,0.2,"3,705",18.9,0.1,"6,145",19.1
Yorkshire and the Humber,0.1,"6,570",18.9,0.2,"2,530",19.2,0.1,"4,040",18.8,0.2,"2,390",19.1,0.1,"4,180",18.9
East Midlands,0.1,"3,595",18.9,0.2,"1,430",19.0,0.2,"2,165",18.8,0.2,"1,410",19.1,0.2,"2,185",18.7
West Midlands,0.1,"6,080",18.9,0.2,"2,370",19.0,0.2,"3,710",18.8,0.2,"2,220",19.1,0.2,"3,855",18.7
South West,0.1,"5,955",19.2,0.2,"2,320",19.2,0.1,"3,630",19.1,0.2,"2,250",19.4,0.1,"3,705",19.1
Eastern,0.1,"4,905",19.1,0.2,"1,865",19.1,0.2,"3,045",19.1,0.2,"1,760",19.2,0.1,"3,145",19.0
London,0.1,"14,775",18.5,0.1,"6,125",18.8,0.1,"8,635",18.3,0.1,"6,330",18.5,0.1,"8,445",18.5
South East,0.1,"8,620",19.1,0.2,"3,325",19.4,0.1,"5,295",19.0,0.2,"3,360",19.4,0.1,"5,255",19.0
,,,,,,,,,,,,,,,
,,,,,,,,,,,,,,,
Notes:,,,,,,,,,,,,,,,
..  represents data that are unavailable.,,,,,,,,,,,,,,,
"-  means constituent values less than six are suppressed. However, for Delayed Transfers of Care data (which are averages of 12 monthly values) the equivalent suppression is achieved by suppressing 
    annual values less than 0.5 (6/12) and for survey data, values of less than three are supressed. Where elements of an indicator are suppressed the indicator itself is also suppressed. 
    Measure 1F and 1H for 2013-14 have outcome data (the annual outcome is based on an average of the monthly outcomes), but not numerators and denominators, which are available for each month 
    with the ASCOF publication on the HSCIC website http://www.hscic.gov.uk/pubs/adusoccareof1314fin . Outcomes for 1F and 1H have been suppressed if the annual average numerator or 
   denominator is less than 0.5 (6/12).",,,,,,,,,,,,,,,
"1. Numerator and denominator values used to calculate the indicator are rounded to the nearest five. The exception is for Measure 2C, where the numerators are rounded to the nearest one.",,,,,,,,,,,,,,,
"2. 1A, 1B, 1D, 1I, 3A, 3B, 3C, 3D, 4A and 4B are based on survey data. The base for 1A, 1B, 1I, 3A, 3D, 4A and 4B (i.e. the number of responses on which the outcome is based) should be taken into 
    account when assessing the reliability of the outcome values. Outcomes based on a small base should be treated with caution.",,,,,,,,,,,,,,,
"3. 1A, 1B, 1I(1), 3A, 3D(1), 4A and 4B have been weighted to reflect that a stratified sample was taken and to account for non-response bias.",,,,,,,,,,,,,,,
"4. 1D, 1I(2), 3B, 3C and 3D(2) are based solely on the Carers' survey. This is a biennial survey which took place for the first time in 2012-13, therefore no data are available for 2013-14.",,,,,,,,,,,,,,,
,,,,,,,,,,,,,,,
,,,,,,,,,,,,,,,
,,,,,,,,,,,,,,,
,,,,,,,,,,,,,,,
,,,,,,,,,,,,,,,
,,,,,,,,,,,,,,,
,,,,,,,,,,,,,,,
,,,,,,,,,,,,,,,
,,,,,,,,,,,,,,,
,,,,,,,,,,,,,,,
,,,,,,,,,,,,,,,
,,,,,,,,,,,,,,,
,,,,,,,,,,,,,,,
,,,,,,,,,,,,,,,
,,,,,,,,,,,,,,,
,,,,,,,,,,,,,,,
,,,,,,,,,,,,,,,
,,,,,,,,,,,,,,,
,,,,,,,,,,,,,,,
,,,,,,,,,,,,,,,
,,,,,,,,,,,,,,,
,,,,,,,,,,,,,,,
,,,,,,,,,,,,,,,
,,,,,,,,,,,,,,,
,,,,,,,,,,,,,,,
,,,,,,,,,,,,,,,
,,,,,,,,,,,,,,,
,,,,,,,,,,,,,,,
,,,,,,,,,,,,,,,
,,,,,,,,,,,,,,,
,,,,,,,,,,,,,,,
,,,,,,,,,,,,,,,
,,,,,,,,,,,,,,,
,,,,,,,,,,,,,,,
,,,,,,,,,,,,,,,
,,,,,,,,,,,,,,,
,,,,,,,,,,,,,,,
,,,,,,,,,,,,,,,
,,,,,,,,,,,,,,,
,,,,,,,,,,,,,,,
,,,,,,,,,,,,,,,
,,,,,,,,,,,,,,,
,,,,,,,,,,,,,,,
,,,,,,,,,,,,,,,
,,,,,,,,,,,,,,,
,,,,,,,,,,,,,,,
,,,,,,,,,,,,,,,
,,,,,,,,,,,,,,,
,,,,,,,,,,,,,,,
,,,,,,,,,,,,,,,
,,,,,,,,,,,,,,,
,,,,,,,,,,,,,,,
,,,,,,,,,,,,,,,
,,,,,,,,,,,,,,,
,,,,,,,,,,,,,,,
,,,,,,,,,,,,,,,
,,,,,,,,,,,,,,,
,,,,,,,,,,,,,,,
,,,,,,,,,,,,,,,
,,,,,,,,,,,,,,,
,,,,,,,,,,,,,,,
,,,,,,,,,,,,,,,
,,,,,,,,,,,,,,,
,,,,,,,,,,,,,,,
,,,,,,,,,,,,,,,
,,,,,,,,,,,,,,,
,,,,,,,,,,,,,,,
,,,,,,,,,,,,,,,
,,,,,,,,,,,,,,,
,,,,,,,,,,,,,,,
,,,,,,,,,,,,,,,
,,,,,,,,,,,,,,,
,,,,,,,,,,,,,,,
,,,,,,,,,,,,,,,
,,,,,,,,,,,,,,,
,,,,,,,,,,,,,,,
,,,,,,,,,,,,,,,
,,,,,,,,,,,,,,,
,,,,,,,,,,,,,,,
,,,,,,,,,,,,,,,
,,,,,,,,,,,,,,,
,,,,,,,,,,,,,,,
,,,,,,,,,,,,,,,
,,,,,,,,,,,,,,,
,,,,,,,,,,,,,,,
,,,,,,,,,,,,,,,
,,,,,,,,,,,,,,,
,,,,,,,,,,,,,,,
,,,,,,,,,,,,,,,
,,,,,,,,,,,,,,,
,,,,,,,,,,,,,,,
,,,,,,,,,,,,,,,
,,,,,,,,,,,,,,,
,,,,,,,,,,,,,,,
,,,,,,,,,,,,,,,
,,,,,,,,,,,,,,,
,,,,,,,,,,,,,,,
,,,,,,,,,,,,,,,
,,,,,,,,,,,,,,,
,,,,,,,,,,,,,,,
,,,,,,,,,,,,,,,
,,,,,,,,,,,,,,,
,,,,,,,,,,,,,,,
,,,,,,,,,,,,,,,
,,,,,,,,,,,,,,,
,,,,,,,,,,,,,,,
,,,,,,,,,,,,,,,
,,,,,,,,,,,,,,,
,,,,,,,,,,,,,,,
,,,,,,,,,,,,,,,
,,,,,,,,,,,,,,,
,,,,,,,,,,,,,,,
,,,,,,,,,,,,,,,
,,,,,,,,,,,,,,,
,,,,,,,,,,,,,,,
,,,,,,,,,,,,,,,
,,,,,,,,,,,,,,,
,,,,,,,,,,,,,,,
,,,,,,,,,,,,,,,
,,,,,,,,,,,,,,,
,,,,,,,,,,,,,,,
,,,,,,,,,,,,,,,
,,,,,,,,,,,,,,,
,,,,,,,,,,,,,,,
,,,,,,,,,,,,,,,
,,,,,,,,,,,,,,,
,,,,,,,,,,,,,,,
,,,,,,,,,,,,,,,
,,,,,,,,,,,,,,,
,,,,,,,,,,,,,,,
,,,,,,,,,,,,,,,
,,,,,,,,,,,,,,,
,,,,,,,,,,,,,,,
,,,,,,,,,,,,,,,
,,,,,,,,,,,,,,,
,,,,,,,,,,,,,,,
,,,,,,,,,,,,,,,
,,,,,,,,,,,,,,,
,,,,,,,,,,,,,,,
,,,,,,,,,,,,,,,
,,,,,,,,,,,,,,,
,,,,,,,,,,,,,,,
,,,,,,,,,,,,,,,
,,,,,,,,,,,,,,,
,,,,,,,,,,,,,,,
,,,,,,,,,,,,,,,
,,,,,,,,,,,,,,,
,,,,,,,,,,,,,,,
,,,,,,,,,,,,,,,
,,,,,,,,,,,,,,,
,,,,,,,,,,,,,,,
,,,,,,,,,,,,,,,
,,,,,,,,,,,,,,,
,,,,,,,,,,,,,,,
,,,,,,,,,,,,,,,
,,,,,,,,,,,,,,,
,,,,,,,,,,,,,,,
,,,,,,,,,,,,,,,
,,,,,,,,,,,,,,,
,,,,,,,,,,,,,,,
,,,,,,,,,,,,,,,
,,,,,,,,,,,,,,,
,,,,,,,,,,,,,,,
,,,,,,,,,,,,,,,
,,,,,,,,,,,,,,,
,,,,,,,,,,,,,,,
,,,,,,,,,,,,,,,
,,,,,,,,,,,,,,,
,,,,,,,,,,,,,,,
,,,,,,,,,,,,,,,
,,,,,,,,,,,,,,,
,,,,,,,,,,,,,,,
,,,,,,,,,,,,,,,
,,,,,,,,,,,,,,,
,,,,,,,,,,,,,,,
,,,,,,,,,,,,,,,
,,,,,,,,,,,,,,,
,,,,,,,,,,,,,,,
,,,,,,,,,,,,,,,
,,,,,,,,,,,,,,,
,,,,,,,,,,,,,,,
,,,,,,,,,,,,,,,
,,,,,,,,,,,,,,,
,,,,,,,,,,,,,,,
,,,,,,,,,,,,,,,
,,,,,,,,,,,,,,,
,,,,,,,,,,,,,,,
,,,,,,,,,,,,,,,
,,,,,,,,,,,,,,,
,,,,,,,,,,,,,,,
,,,,,,,,,,,,,,,
,,,,,,,,,,,,,,,
,,,,,,,,,,,,,,,
,,,,,,,,,,,,,,,
,,,,,,,,,,,,,,,
,,,,,,,,,,,,,,,
,,,,,,,,,,,,,,,
,,,,,,,,,,,,,,,
