ASCOF Outcomes 2013-14,"Permanent admissions of younger adults (aged 18 to 64) to residential and nursing care homes, per 100,000 population",,,"Permanent admissions of younger adults (aged 18 to 64) to residential and nursing care homes, per 100,000 population",,,"Permanent admissions of younger adults (aged 18 to 64) to residential and nursing care homes, per 100,000 population",,,"Permanent admissions of younger adults (aged 18 to 64) to residential and nursing care homes, per 100,000 population",,,
,TOTAL,,,Adults aged 18 to 64 with a Physical Disability,,,Adults aged 18 to 64 with a Mental Health problem,,,Adults aged 18 to 64 with a Learning Disability,,,
,2A(1),2A(1),2A(1),2A(1),2A(1),2A(1),2A(1),2A(1),2A(1),2A(1),2A(1),2A(1),
,Numerator,Denominator,Outcome,Numerator,Denominator,Outcome,Numerator,Denominator,Outcome,Numerator,Denominator,Outcome,
,,,,,,,,,,,,,
,"Number of council-supported permanent admissions of younger adults to residential and nursing care, excluding transfers between residential and nursing care (aged 18 to 64)",Size of younger adult population in area (aged 18 to 64),"Number of council-supported permanent admissions of younger adults to residential and nursing care divided by the size of the younger adult population in the area multiplied by 100,000 (aged 18 to 64)","Number of council-supported permanent admissions of younger adults (aged 18 to 64 with a Physical Disability) to residential and nursing care, excluding transfers between residential and nursing care",Size of younger adult population (aged 18 to 64) in area,"Number of council-supported permanent admissions of younger adults to residential and nursing care divided by the size of the younger adult population in the area multiplied by 100,000 (aged 18 to 64 with a Physical Disability)","Number of council-supported permanent admissions of younger adults (aged 18 to 64 with a Mental Health problem) to residential and nursing care, excluding transfers between residential and nursing care",Size of younger adult population (aged 18 to 64) in area,"Number of council-supported permanent admissions of younger adults to residential and nursing care divided by the size of the younger adult population in the area multiplied by 100,000 (aged 18 to 64 with a Mental Health problem)","Number of council-supported permanent admissions of younger adults (aged 18 to 64 with a Learning Disability) to residential and nursing care, excluding transfers between residential and nursing care",Size of younger adult population (aged 18 to 64) in area,"Number of council-supported permanent admissions of younger adults to residential and nursing care divided by the size of the younger adult population in the area multiplied by 100,000 (aged 18 to 64 with a Learning Disability)",
,ASC-CAR - Table S3 page 1 row 14 sum col 1 to 3,"ONS, mid-year population estimates",,ASC-CAR - Table S3 page 1 row 1 col 1 to 3,"ONS, mid-year population estimates",,ASC-CAR - Table S3 page 1 row 4 col 1 to 3,"ONS, mid-year population estimates",,ASC-CAR - Table S3 page 1 row 7 col 1 to 3,"ONS, mid-year population estimates",,
,,,,,,,,,,,,,
Cumbria,35,"293,635",12.6,15,"293,635",5.1,10,"293,635",2.7,15,"293,635",4.8,
Northumberland,30,"186,420",15.6,5,"186,420",3.8,15,"186,420",7.5,10,"186,420",4.3,
Gateshead,10,"122,595",8.2,-,-,-,-,-,-,-,-,-,
Newcastle upon Tyne,35,"190,640",17.8,-,-,-,-,-,-,-,-,-,
North Tyneside,10,"123,840",8.9,-,-,-,-,-,-,-,-,-,
South Tyneside,15,"90,860",14.3,-,-,-,-,-,-,-,-,-,
Sunderland,25,"171,720",15.1,10,"171,720",5.8,5,"171,720",4.1,10,"171,720",5.2,
Hartlepool,15,"55,830",23.3,-,-,-,-,-,-,-,-,-,
Middlesbrough,30,"85,555",33.9,-,-,-,-,-,-,-,-,-,
Redcar and Cleveland,20,"79,455",26.4,-,-,-,-,-,-,-,-,-,
Stockton-on-Tees,20,"118,575",17.7,-,-,-,-,-,-,-,-,-,
Durham,50,"316,740",15.2,10,"316,740",3.8,15,"316,740",4.4,20,"316,740",6.9,
Darlington,10,"62,990",19.1,-,-,-,-,-,-,-,-,-,
Barnsley,20,"143,435",12.5,-,-,-,-,-,-,-,-,-,
Doncaster,25,"184,365",12.5,-,-,-,-,-,-,-,-,-,
Rotherham,20,"154,795",12.3,-,-,-,-,-,-,-,-,-,
Sheffield,55,"355,540",14.9,15,"355,540",4.2,25,"355,540",7.3,10,"355,540",3.1,
Bradford,15,"314,490",4.1,-,-,-,-,-,-,-,-,-,
Calderdale,5,"125,420",4.8,-,-,-,-,-,-,-,-,-,
Kirklees,25,"260,670",10.4,-,-,-,-,-,-,-,-,-,
Leeds,60,"487,425",12.5,15,"487,425",3.5,15,"487,425",3.5,25,"487,425",5.5,
Wakefield,20,"201,580",10.9,10,"201,580",4.5,5,"201,580",3.0,5,"201,580",3.5,
East Riding of Yorkshire,25,"194,395",13.4,10,"194,395",4.1,5,"194,395",3.1,10,"194,395",6.2,
Kingston upon Hull,30,"164,665",19.4,10,"164,665",6.7,15,"164,665",9.1,5,"164,665",3.6,
North East Lincolnshire,10,"95,260",11.5,-,-,-,-,-,-,-,-,-,
North Lincolnshire,10,"100,885",10.9,-,-,-,-,-,-,-,-,-,
North Yorkshire,25,"350,890",6.6,-,-,-,-,-,-,-,-,-,
York,15,"130,400",11.5,-,-,-,-,-,-,-,-,-,
Bolton,20,"168,550",13.1,-,-,-,-,-,-,-,-,-,
Bury,15,"112,245",14.3,-,-,-,-,-,-,-,-,-,
Manchester,45,"352,610",12.2,10,"352,610",2.6,20,"352,610",6.0,10,"352,610",3.4,
Oldham,10,"134,785",5.9,-,-,-,-,-,-,-,-,-,
Rochdale,15,"128,520",10.9,-,-,-,-,-,-,-,-,-,
Salford,25,"151,845",15.1,5,"151,845",4.6,10,"151,845",5.9,5,"151,845",4.6,
Stockport,20,"169,505",11.8,-,-,-,-,-,-,-,-,-,
Tameside,20,"134,905",16.3,-,-,-,-,-,-,-,-,-,
Trafford,10,"138,805",7.9,-,-,-,-,-,-,-,-,-,
Wigan,25,"195,650",13.8,-,-,-,-,-,-,-,-,-,
Knowsley,15,"89,665",16.7,-,-,-,-,-,-,-,-,-,
Liverpool,40,"313,100",13.1,15,"313,100",5.1,15,"313,100",4.8,5,"313,100",1.9,
Sefton,20,"159,455",13.8,-,-,-,-,-,-,-,-,-,
St. Helens,15,"105,980",14.2,-,-,-,-,-,-,-,-,-,
Wirral,35,"188,205",18.1,10,"188,205",4.8,10,"188,205",5.8,10,"188,205",6.4,
Halton,5,"77,510",9.0,-,-,-,-,-,-,-,-,-,
Warrington,15,"125,745",11.1,-,-,-,-,-,-,-,-,-,
Lancashire,120,"708,840",17.1,45,"708,840",6.3,55,"708,840",7.5,15,"708,840",2.0,
Blackburn with Darwen,20,"88,630",23.7,10,"88,630",9.0,5,"88,630",6.8,5,"88,630",7.9,
Blackpool,20,"84,190",22.6,-,-,-,-,-,-,-,-,-,
Cheshire East,40,"219,740",17.7,-,-,-,-,-,-,-,-,-,
Cheshire West and Chester,35,"199,025",18.1,10,"199,025",4.5,15,"199,025",8.5,10,"199,025",5.0,
Warwickshire,35,"329,380",10.3,15,"329,380",4.3,10,"329,380",2.4,10,"329,380",3.6,
Birmingham,135,"669,760",20.0,35,"669,760",4.9,45,"669,760",6.9,50,"669,760",7.3,
Coventry,25,"208,475",11.0,-,-,-,-,-,-,-,-,-,
Dudley,35,"185,390",18.3,-,-,-,-,-,-,-,-,-,
Sandwell,15,"189,415",8.4,-,-,-,-,-,-,-,-,-,
Solihull,15,"121,290",14.0,-,-,-,-,-,-,-,-,-,
Walsall,10,"160,335",5.6,-,-,-,-,-,-,-,-,-,
Wolverhampton,20,"152,750",13.1,-,-,-,-,-,-,-,-,-,
Staffordshire,70,"515,895",14.0,20,"515,895",4.1,25,"515,895",4.8,25,"515,895",4.5,
Stoke-on-Trent,20,"154,255",13.0,-,-,-,-,-,-,-,-,-,
Herefordshire,20,"108,055",20.4,-,-,-,-,-,-,-,-,-,
Worcestershire,55,"338,880",15.9,20,"338,880",6.5,10,"338,880",3.2,20,"338,880",5.9,
Shropshire,20,"179,880",12.2,5,"179,880",3.3,5,"179,880",3.3,10,"179,880",5.0,
Telford and the Wrekin,15,"103,110",16.5,-,-,-,-,-,-,-,-,-,
Lincolnshire,65,"423,775",15.3,25,"423,775",6.1,10,"423,775",2.6,30,"423,775",6.6,
Northamptonshire,70,"429,990",15.8,30,"429,990",6.7,15,"429,990",3.7,20,"429,990",5.1,
Derbyshire,100,"466,245",21.4,30,"466,245",6.4,30,"466,245",6.0,35,"466,245",7.9,
Derby,-,"153,975",-,-,-,-,-,-,-,-,-,-,
Leicestershire,50,"400,840",12.0,10,"400,840",2.7,15,"400,840",4.2,20,"400,840",4.7,
Leicester,25,"215,570",12.5,5,"215,570",3.2,5,"215,570",2.8,15,"215,570",6.0,
Rutland,-,"21,295",-,-,-,-,-,-,-,-,-,-,
Nottinghamshire,80,"479,490",16.9,20,"479,490",4.0,20,"479,490",4.0,40,"479,490",8.8,
Nottingham,75,"210,285",34.7,10,"210,285",3.8,35,"210,285",17.1,20,"210,285",8.6,
Hertfordshire,110,"695,635",15.7,45,"695,635",6.5,20,"695,635",2.6,45,"695,635",6.6,
Norfolk,225,"503,330",44.9,25,"503,330",5.0,55,"503,330",11.3,120,"503,330",24.0,
Oxfordshire,35,"413,430",8.2,-,-,-,-,-,-,-,-,-,
Suffolk,55,"426,705",13.1,20,"426,705",4.7,20,"426,705",5.2,15,"426,705",3.0,
Luton,20,"129,330",13.9,-,-,-,-,-,-,-,-,-,
Buckinghamshire,50,"306,400",16.3,20,"306,400",6.2,10,"306,400",2.9,15,"306,400",5.2,
Milton Keynes,10,"160,635",7.5,-,-,-,-,-,-,-,-,-,
Bracknell Forest,-,"73,620",-,-,-,-,-,-,-,-,-,-,
West Berkshire,15,"93,525",16.0,-,-,-,-,-,-,-,-,-,
Reading,20,"105,330",19.9,5,"105,330",5.7,10,"105,330",7.6,5,"105,330",5.7,
Slough,10,"90,690",11.0,-,-,-,-,-,-,-,-,-,
Windsor and Maidenhead,15,"87,355",16.0,-,-,-,-,-,-,-,-,-,
Wokingham,-,"95,070",-,-,-,-,-,-,-,-,-,-,
Essex,80,"838,990",9.3,30,"838,990",3.3,15,"838,990",2.0,35,"838,990",3.9,
Southend-on-Sea,5,"105,115",5.7,-,-,-,-,-,-,-,-,-,
Thurrock,10,"99,620",12.0,-,-,-,-,-,-,-,-,-,
Cambridgeshire,55,"392,215",14.5,20,"392,215",4.6,15,"392,215",4.3,15,"392,215",4.1,
Peterborough,20,"115,910",18.1,-,-,-,-,-,-,-,-,-,
Bedford,5,"97,560",7.2,-,-,-,-,-,-,-,-,-,
Central Bedfordshire,5,"162,370",4.3,-,-,-,-,-,-,-,-,-,
Camden,20,"161,145",11.8,-,-,-,-,-,-,-,-,-,
Greenwich,10,"172,695",5.2,-,-,-,-,-,-,-,-,-,
Hackney,10,"180,080",6.7,-,-,-,-,-,-,-,-,-,
Hammersmith and Fulham,40,"127,860",31.3,10,"127,860",7.0,10,"127,860",7.0,20,"127,860",17.2,
Islington,20,"158,160",12.6,-,-,-,-,-,-,-,-,-,
Kensington and Chelsea,10,"107,210",8.4,-,-,-,-,-,-,-,-,-,
Lambeth,25,"228,035",11.0,-,-,-,-,-,-,-,-,-,
Lewisham,25,"193,365",13.4,10,"193,365",4.1,5,"193,365",3.1,10,"193,365",5.7,
Southwark,20,"213,895",8.4,-,-,-,-,-,-,-,-,-,
Tower Hamlets,20,"195,770",9.2,-,-,-,-,-,-,-,-,-,
Wandsworth,10,"224,030",4.0,-,-,-,-,-,-,-,-,-,
Westminster,40,"161,355",25.4,10,"161,355",5.6,25,"161,355",14.3,5,"161,355",4.3,
City of London,-,"5,615",-,-,-,-,-,-,-,-,-,-,
Barking and Dagenham,10,"117,210",9.4,-,-,-,-,-,-,-,-,-,
Barnet,30,"231,950",13.4,-,-,-,-,-,-,-,-,-,
Bexley,-,"142,580",-,-,-,-,-,-,-,-,-,-,
Brent,35,"210,190",17.1,10,"210,190",5.7,10,"210,190",4.8,15,"210,190",6.7,
Bromley,50,"192,040",27.1,10,"192,040",4.7,20,"192,040",10.9,10,"192,040",5.7,
Croydon,20,"233,650",7.7,-,-,-,-,-,-,-,-,-,
Ealing,15,"224,515",7.6,-,-,-,-,-,-,-,-,-,
Enfield,5,"198,705",3.5,-,-,-,-,-,-,-,-,-,
Haringey,10,"180,620",6.6,-,-,-,-,-,-,-,-,-,
Harrow,15,"152,110",9.2,-,-,-,-,-,-,-,-,-,
Havering,15,"145,145",9.6,-,-,-,-,-,-,-,-,-,
Hillingdon,25,"181,700",13.2,-,-,-,-,-,-,-,-,-,
Hounslow,15,"173,305",9.2,-,-,-,-,-,-,-,-,-,
Kingston upon Thames,5,"109,290",6.4,-,-,-,-,-,-,-,-,-,
Merton,10,"134,020",7.5,-,-,-,-,-,-,-,-,-,
Newham,15,"215,130",6.5,-,-,-,-,-,-,-,-,-,
Redbridge,10,"180,205",6.7,-,-,-,-,-,-,-,-,-,
Richmond upon Thames,5,"121,045",5.0,-,-,-,-,-,-,-,-,-,
Sutton,-,"121,810",-,-,-,-,-,-,-,-,-,-,
Waltham Forest,10,"174,975",6.3,-,-,-,-,-,-,-,-,-,
Isle of Wight,25,"77,340",34.9,-,-,-,-,-,-,-,-,-,
Surrey,60,"691,150",9.0,15,"691,150",2.2,5,"691,150",1.0,40,"691,150",5.8,
West Sussex,90,"474,555",18.8,20,"474,555",4.2,45,"474,555",9.1,25,"474,555",5.1,
Dorset,30,"227,150",14.1,10,"227,150",4.8,10,"227,150",5.3,10,"227,150",4.0,
Bournemouth,20,"121,360",18.1,-,-,-,-,-,-,-,-,-,
Poole,15,"87,365",14.9,-,-,-,-,-,-,-,-,-,
Hampshire,140,"790,250",17.6,45,"790,250",5.7,35,"790,250",4.3,55,"790,250",7.1,
Portsmouth,25,"135,680",19.2,-,-,-,-,-,-,-,-,-,
Southampton,35,"162,060",22.8,10,"162,060",6.2,10,"162,060",6.8,10,"162,060",6.8,
East Sussex,70,"300,060",24.0,25,"300,060",9.0,30,"300,060",10.3,10,"300,060",4.0,
Brighton and Hove,20,"190,260",10.5,-,-,-,-,-,-,-,-,-,
Wiltshire,90,"282,555",31.1,25,"282,555",9.2,30,"282,555",10.6,20,"282,555",6.7,
Swindon,10,"134,705",8.2,-,-,-,-,-,-,-,-,-,
Kent,140,"881,165",15.7,45,"881,165",5.2,30,"881,165",3.2,65,"881,165",7.3,
Medway Towns,20,"168,695",11.3,-,-,-,-,-,-,-,-,-,
Cornwall,55,"311,655",17.3,20,"311,655",5.8,15,"311,655",4.5,20,"311,655",6.4,
Gloucestershire,60,"362,565",17.1,25,"362,565",7.2,25,"362,565",6.6,10,"362,565",3.3,
Somerset,50,"308,225",15.9,15,"308,225",4.9,10,"308,225",2.6,25,"308,225",7.5,
Isles of Scilly,-,"1,325",-,-,-,-,-,-,-,-,-,-,
Bath and North East Somerset,20,"111,950",19.7,5,"111,950",5.4,5,"111,950",6.3,10,"111,950",7.1,
Bristol,50,"288,925",16.6,10,"288,925",4.2,15,"288,925",5.9,20,"288,925",6.2,
North Somerset,20,"117,675",16.1,-,-,-,-,-,-,-,-,-,
South Gloucestershire,30,"163,950",17.1,10,"163,950",5.5,5,"163,950",3.7,15,"163,950",7.9,
Devon,90,"434,905",20.5,35,"434,905",8.5,10,"434,905",2.5,35,"434,905",7.8,
Plymouth,25,"163,390",15.3,-,-,-,-,-,-,-,-,-,
Torbay,25,"74,100",36.4,-,-,-,-,-,-,-,-,-,
,,,,,,,,,,,,,
ENGLAND,"4,765","33,054,185",14.4,"1,455","33,054,185",4.4,"1,465","33,054,185",4.4,"1,665","33,054,185",5.0,
Number of councils the national total is based on,152,152,152,152,152,152,152,152,152,152,152,152,
,,,,,,,,,,,,,
Shire Counties,"2,045","12,784,585",16.0,650,"12,784,585",5.1,545,"12,784,585",4.3,775,"12,784,585",6.0,
Unitary Authorities,"1,230","7,541,560",16.3,325,"7,541,560",4.3,435,"7,541,560",5.8,415,"7,541,560",5.5,
Metropolitan Districts,920,"7,158,630",12.9,295,"7,158,630",4.1,315,"7,158,630",4.4,285,"7,158,630",4.0,
Inner London,245,"2,129,210",11.6,90,"2,129,210",4.1,70,"2,129,210",3.4,80,"2,129,210",3.8,
Outer London,320,"3,440,205",9.3,95,"3,440,205",2.7,100,"3,440,205",2.9,110,"3,440,205",3.1,
,,,,,,,,,,,,,
North East,265,"1,605,225",16.6,65,"1,605,225",3.9,115,"1,605,225",7.2,85,"1,605,225",5.3,
North West,625,"4,341,150",14.4,215,"4,341,150",5.0,230,"4,341,150",5.3,155,"4,341,150",3.6,
Yorkshire and the Humber,360,"3,264,220",11.0,115,"3,264,220",3.6,100,"3,264,220",3.1,135,"3,264,220",4.1,
East Midlands,470,"2,801,460",16.8,130,"2,801,460",4.7,135,"2,801,460",4.7,185,"2,801,460",6.6,
West Midlands,495,"3,416,875",14.5,155,"3,416,875",4.5,150,"3,416,875",4.3,180,"3,416,875",5.2,
South West,590,"3,191,800",18.5,190,"3,191,800",6.0,175,"3,191,800",5.5,185,"3,191,800",5.8,
Eastern,595,"3,566,780",16.7,155,"3,566,780",4.3,160,"3,566,780",4.5,255,"3,566,780",7.1,
London,570,"5,569,415",10.2,180,"5,569,415",3.3,170,"5,569,415",3.1,190,"5,569,415",3.4,
South East,795,"5,297,270",15.0,245,"5,297,270",4.7,230,"5,297,270",4.4,295,"5,297,270",5.6,
,,,,,,,,,,,,,
,,,,,,,,,,,,,
Notes:,,,,,,,,,,,,,
..  represents data that are unavailable.,,,,,,,,,,,,,
"-  means constituent values less than six are suppressed. However, for Delayed Transfers of Care data (which are averages of 12 monthly values) the equivalent suppression is achieved by suppressing 
    annual values less than 0.5 (6/12) and for survey data, values of less than three are supressed. Where elements of an indicator are suppressed the indicator itself is also suppressed. 
    Measure 1F and 1H for 2013-14 have outcome data (the annual outcome is based on an average of the monthly outcomes), but not numerators and denominators, which are available for each month 
    with the ASCOF publication on the HSCIC website http://www.hscic.gov.uk/pubs/adusoccareof1314fin . Outcomes for 1F and 1H have been suppressed if the annual average numerator or 
   denominator is less than 0.5 (6/12).",,,,,,,,,,,,,
"1. Numerator and denominator values used to calculate the indicator are rounded to the nearest five. The exception is for Measure 2C, where the numerators are rounded to the nearest one.",,,,,,,,,,,,,
"2. 1A, 1B, 1D, 1I, 3A, 3B, 3C, 3D, 4A and 4B are based on survey data. The base for 1A, 1B, 1I, 3A, 3D, 4A and 4B (i.e. the number of responses on which the outcome is based) should be taken into 
    account when assessing the reliability of the outcome values. Outcomes based on a small base should be treated with caution.",,,,,,,,,,,,,
"3. 1A, 1B, 1I(1), 3A, 3D(1), 4A and 4B have been weighted to reflect that a stratified sample was taken and to account for non-response bias.",,,,,,,,,,,,,
"4. 1D, 1I(2), 3B, 3C and 3D(2) are based solely on the Carers' survey. This is a biennial survey which took place for the first time in 2012-13, therefore no data are available for 2013-14.",,,,,,,,,,,,,
,,,,,,,,,,,,,
,,,,,,,,,,,,,
,,,,,,,,,,,,,
,,,,,,,,,,,,,
,,,,,,,,,,,,,
,,,,,,,,,,,,,
,,,,,,,,,,,,,
,,,,,,,,,,,,,
,,,,,,,,,,,,,
,,,,,,,,,,,,,
,,,,,,,,,,,,,
,,,,,,,,,,,,,
,,,,,,,,,,,,,
,,,,,,,,,,,,,
,,,,,,,,,,,,,
,,,,,,,,,,,,,
,,,,,,,,,,,,,
,,,,,,,,,,,,,
,,,,,,,,,,,,,
,,,,,,,,,,,,,
,,,,,,,,,,,,,
,,,,,,,,,,,,,
,,,,,,,,,,,,,
,,,,,,,,,,,,,
,,,,,,,,,,,,,
,,,,,,,,,,,,,
,,,,,,,,,,,,,
,,,,,,,,,,,,,
,,,,,,,,,,,,,
,,,,,,,,,,,,,
,,,,,,,,,,,,,
,,,,,,,,,,,,,
,,,,,,,,,,,,,
,,,,,,,,,,,,,
,,,,,,,,,,,,,
,,,,,,,,,,,,,
,,,,,,,,,,,,,
,,,,,,,,,,,,,
,,,,,,,,,,,,,
,,,,,,,,,,,,,
,,,,,,,,,,,,,
,,,,,,,,,,,,,
,,,,,,,,,,,,,
,,,,,,,,,,,,,
,,,,,,,,,,,,,
,,,,,,,,,,,,,
,,,,,,,,,,,,,
,,,,,,,,,,,,,
,,,,,,,,,,,,,
,,,,,,,,,,,,,
,,,,,,,,,,,,,
,,,,,,,,,,,,,
,,,,,,,,,,,,,
,,,,,,,,,,,,,
,,,,,,,,,,,,,
,,,,,,,,,,,,,
,,,,,,,,,,,,,
,,,,,,,,,,,,,
,,,,,,,,,,,,,
,,,,,,,,,,,,,
,,,,,,,,,,,,,
,,,,,,,,,,,,,
,,,,,,,,,,,,,
,,,,,,,,,,,,,
,,,,,,,,,,,,,
,,,,,,,,,,,,,
,,,,,,,,,,,,,
,,,,,,,,,,,,,
,,,,,,,,,,,,,
,,,,,,,,,,,,,
,,,,,,,,,,,,,
,,,,,,,,,,,,,
,,,,,,,,,,,,,
,,,,,,,,,,,,,
,,,,,,,,,,,,,
,,,,,,,,,,,,,
,,,,,,,,,,,,,
,,,,,,,,,,,,,
,,,,,,,,,,,,,
,,,,,,,,,,,,,
,,,,,,,,,,,,,
,,,,,,,,,,,,,
,,,,,,,,,,,,,
,,,,,,,,,,,,,
,,,,,,,,,,,,,
,,,,,,,,,,,,,
,,,,,,,,,,,,,
,,,,,,,,,,,,,
,,,,,,,,,,,,,
,,,,,,,,,,,,,
,,,,,,,,,,,,,
,,,,,,,,,,,,,
,,,,,,,,,,,,,
,,,,,,,,,,,,,
,,,,,,,,,,,,,
,,,,,,,,,,,,,
,,,,,,,,,,,,,
,,,,,,,,,,,,,
,,,,,,,,,,,,,
,,,,,,,,,,,,,
,,,,,,,,,,,,,
,,,,,,,,,,,,,
,,,,,,,,,,,,,
,,,,,,,,,,,,,
,,,,,,,,,,,,,
,,,,,,,,,,,,,
,,,,,,,,,,,,,
,,,,,,,,,,,,,
,,,,,,,,,,,,,
,,,,,,,,,,,,,
,,,,,,,,,,,,,
,,,,,,,,,,,,,
,,,,,,,,,,,,,
,,,,,,,,,,,,,
,,,,,,,,,,,,,
,,,,,,,,,,,,,
,,,,,,,,,,,,,
,,,,,,,,,,,,,
,,,,,,,,,,,,,
,,,,,,,,,,,,,
,,,,,,,,,,,,,
,,,,,,,,,,,,,
,,,,,,,,,,,,,
,,,,,,,,,,,,,
,,,,,,,,,,,,,
,,,,,,,,,,,,,
,,,,,,,,,,,,,
,,,,,,,,,,,,,
,,,,,,,,,,,,,
,,,,,,,,,,,,,
,,,,,,,,,,,,,
,,,,,,,,,,,,,
,,,,,,,,,,,,,
,,,,,,,,,,,,,
,,,,,,,,,,,,,
,,,,,,,,,,,,,
,,,,,,,,,,,,,
,,,,,,,,,,,,,
,,,,,,,,,,,,,
,,,,,,,,,,,,,
,,,,,,,,,,,,,
,,,,,,,,,,,,,
,,,,,,,,,,,,,
,,,,,,,,,,,,,
,,,,,,,,,,,,,
,,,,,,,,,,,,,
,,,,,,,,,,,,,
,,,,,,,,,,,,,
,,,,,,,,,,,,,
,,,,,,,,,,,,,
,,,,,,,,,,,,,
,,,,,,,,,,,,,
,,,,,,,,,,,,,
,,,,,,,,,,,,,
,,,,,,,,,,,,,
,,,,,,,,,,,,,
,,,,,,,,,,,,,
,,,,,,,,,,,,,
,,,,,,,,,,,,,
,,,,,,,,,,,,,
,,,,,,,,,,,,,
,,,,,,,,,,,,,
,,,,,,,,,,,,,
,,,,,,,,,,,,,
,,,,,,,,,,,,,
,,,,,,,,,,,,,
,,,,,,,,,,,,,
,,,,,,,,,,,,,
,,,,,,,,,,,,,
,,,,,,,,,,,,,
,,,,,,,,,,,,,
,,,,,,,,,,,,,
,,,,,,,,,,,,,
,,,,,,,,,,,,,
,,,,,,,,,,,,,
,,,,,,,,,,,,,
,,,,,,,,,,,,,
,,,,,,,,,,,,,
,,,,,,,,,,,,,
,,,,,,,,,,,,,
,,,,,,,,,,,,,
,,,,,,,,,,,,,
,,,,,,,,,,,,,
,,,,,,,,,,,,,
,,,,,,,,,,,,,
,,,,,,,,,,,,,
,,,,,,,,,,,,,
,,,,,,,,,,,,,
,,,,,,,,,,,,,
,,,,,,,,,,,,,
,,,,,,,,,,,,,
,,,,,,,,,,,,,
,,,,,,,,,,,,,
,,,,,,,,,,,,,
,,,,,,,,,,,,,
,,,,,,,,,,,,,
,,,,,,,,,,,,,
,,,,,,,,,,,,,
,,,,,,,,,,,,,
,,,,,,,,,,,,,
