ASCOF Outcomes 2013-14,"Proportion of adults in contact with secondary mental health services living independently, with or without support",,,"Proportion of adults in contact with secondary mental health services living independently, with or without support",,,"Proportion of adults in contact with secondary mental health services living independently, with or without support",,,,,,
,TOTAL,,,MALE,,,FEMALE,,,,,,
,1H,1H,1H,1H,1H,1H,1H,1H,1H,,,,
,Numerator,Denominator,Outcome,Numerator,Denominator,Outcome,Numerator,Denominator,Outcome,,,,
,,,,,,,,,,,,,
,Number of working age adults (18-69 years) who are receiving secondary mental health services on the Care Programme Approach recorded as living independently (with or without support). The most recent record of whether or not the person is in settled accommodation during the previous twelve months is used.,Number of working age adults (aged 18-69 years) who have received secondary mental health services and who were on the Care Programme Approach at the end of the month.,Working age adults (aged 18-69) who are receiving secondary mental health services on the Care Programme Approach recorded as living independently (with or without support) as a percentage of working-age adults who are receiving secondary mental health services and who were on the Care Programme Approach.,"Number of working age male adults (18-69 years) who are receiving secondary mental health services on the Care Programme Approach recorded as living independently (with or without support). The most recent record of whether or not the person is in settled accommodation during the previous twelve months is used.
",Number of working age male adults (aged 18-69 years) who have received secondary mental health services and who were on the Care Programme Approach at the end of the month.,Working age male adults (aged 18-69) who are receiving secondary mental health services on the Care Programme Approach recorded as living independently (with or without support) as a percentage of working-age adults who are receiving secondary mental health services and who were on the Care Programme Approach.,"Number of working age female adults (18-69 years) who are receiving secondary mental health services on the Care Programme Approach recorded as living independently (with or without support). The most recent record of whether or not the person is in settled accommodation during the previous twelve months is used.

",Number of working age female adults (aged 18-69 years) who have received secondary mental health services and who were on the Care Programme Approach at the end of the month.,Working age female adults (aged 18-69) who are receiving secondary mental health services on the Care Programme Approach recorded as living independently (with or without support) as a percentage of working-age adults who are receiving secondary mental health services and who were on the Care Programme Approach.,,,,
,Data source: Mental Health Minimum Dataset (MHMDS) v4.1,Data source: Mental Health Minimum Dataset (MHMDS) v4.1,,Data source: Mental Health Minimum Dataset (MHMDS) v4.1,Data source: Mental Health Minimum Dataset (MHMDS) v4.1,,Data source: Mental Health Minimum Dataset (MHMDS) v4.1,Data source: Mental Health Minimum Dataset (MHMDS) v4.1,,,,,
,Numerator,Denominator,Outcome,MALE_N,MALE_D,MALE_O,FEMALE_N,FEMALE_D,FEMALE_O,,,,
Cumbria,..,..,46.2,..,..,44.6,..,..,48.0,,,,
Northumberland,..,..,49.8,..,..,46.7,..,..,53.4,,,,
Gateshead,..,..,50.5,..,..,50.3,..,..,50.7,,,,
Newcastle upon Tyne,..,..,43.0,..,..,37.9,..,..,49.6,,,,
North Tyneside,..,..,47.8,..,..,44.5,..,..,51.2,,,,
South Tyneside,..,..,47.1,..,..,46.2,..,..,48.4,,,,
Sunderland,..,..,50.6,..,..,46.9,..,..,55.4,,,,
Hartlepool,..,..,32.4,..,..,31.0,..,..,33.6,,,,
Middlesbrough,..,..,29.5,..,..,29.1,..,..,30.1,,,,
Redcar and Cleveland,..,..,34.3,..,..,34.0,..,..,34.5,,,,
Stockton-on-Tees,..,..,35.4,..,..,35.5,..,..,35.4,,,,
Durham,..,..,34.6,..,..,34.4,..,..,34.7,,,,
Darlington,..,..,32.6,..,..,31.2,..,..,34.4,,,,
Barnsley,..,..,57.2,..,..,55.8,..,..,59.3,,,,
Doncaster,..,..,79.0,..,..,72.9,..,..,86.7,,,,
Rotherham,..,..,75.4,..,..,72.5,..,..,80.1,,,,
Sheffield,..,..,73.6,..,..,71.0,..,..,77.0,,,,
Bradford,..,..,64.3,..,..,62.3,..,..,66.7,,,,
Calderdale,..,..,65.9,..,..,67.5,..,..,64.4,,,,
Kirklees,..,..,62.3,..,..,61.6,..,..,63.1,,,,
Leeds,..,..,54.1,..,..,50.8,..,..,57.5,,,,
Wakefield,..,..,60.0,..,..,58.9,..,..,61.2,,,,
East Riding of Yorkshire,..,..,66.8,..,..,62.9,..,..,71.1,,,,
Kingston upon Hull,..,..,56.2,..,..,50.7,..,..,61.9,,,,
North East Lincolnshire,..,..,74.0,..,..,71.5,..,..,77.0,,,,
North Lincolnshire,..,..,71.0,..,..,73.6,..,..,68.3,,,,
North Yorkshire,..,..,52.9,..,..,51.4,..,..,54.1,,,,
York,..,..,68.7,..,..,68.0,..,..,69.5,,,,
Bolton,..,..,87.7,..,..,87.2,..,..,88.2,,,,
Bury,..,..,36.3,..,..,34.5,..,..,38.6,,,,
Manchester,..,..,61.1,..,..,59.4,..,..,63.7,,,,
Oldham,..,..,38.4,..,..,41.6,..,..,35.1,,,,
Rochdale,..,..,46.0,..,..,44.6,..,..,48.0,,,,
Salford,..,..,78.7,..,..,77.7,..,..,80.0,,,,
Stockport,..,..,44.8,..,..,44.0,..,..,45.7,,,,
Tameside,..,..,41.9,..,..,39.3,..,..,44.8,,,,
Trafford,..,..,80.5,..,..,79.1,..,..,82.5,,,,
Wigan,..,..,57.5,..,..,54.8,..,..,62.7,,,,
Knowsley,..,..,70.9,..,..,67.4,..,..,74.4,,,,
Liverpool,..,..,67.2,..,..,66.2,..,..,68.6,,,,
Sefton,..,..,63.4,..,..,61.3,..,..,65.8,,,,
St. Helens,..,..,56.4,..,..,54.1,..,..,60.5,,,,
Wirral,..,..,72.9,..,..,72.9,..,..,72.9,,,,
Halton,..,..,58.3,..,..,55.8,..,..,61.5,,,,
Warrington,..,..,52.4,..,..,48.6,..,..,56.4,,,,
Lancashire,..,..,34.7,..,..,30.6,..,..,38.9,,,,
Blackburn with Darwen,..,..,32.6,..,..,29.1,..,..,37.9,,,,
Blackpool,..,..,36.6,..,..,34.3,..,..,38.9,,,,
Cheshire East,..,..,61.1,..,..,59.8,..,..,62.6,,,,
Cheshire West and Chester,..,..,60.8,..,..,58.2,..,..,63.9,,,,
Warwickshire,..,..,81.1,..,..,79.0,..,..,83.2,,,,
Birmingham,..,..,66.5,..,..,66.0,..,..,67.2,,,,
Coventry,..,..,78.0,..,..,78.1,..,..,77.8,,,,
Dudley,..,..,54.6,..,..,55.3,..,..,53.9,,,,
Sandwell,..,..,70.5,..,..,72.9,..,..,67.6,,,,
Solihull,..,..,79.6,..,..,76.8,..,..,82.3,,,,
Walsall,..,..,56.5,..,..,53.3,..,..,59.5,,,,
Wolverhampton,..,..,79.0,..,..,72.6,..,..,88.9,,,,
Staffordshire,..,..,76.2,..,..,72.6,..,..,79.5,,,,
Stoke-on-Trent,..,..,73.7,..,..,71.5,..,..,76.2,,,,
Herefordshire,..,..,50.5,..,..,48.1,..,..,53.5,,,,
Worcestershire,..,..,81.1,..,..,78.7,..,..,83.9,,,,
Shropshire,..,..,79.2,..,..,75.4,..,..,83.3,,,,
Telford and the Wrekin,..,..,84.9,..,..,83.2,..,..,86.6,,,,
Lincolnshire,..,..,12.9,..,..,11.0,..,..,15.5,,,,
Northamptonshire,..,..,26.5,..,..,27.4,..,..,25.1,,,,
Derbyshire,..,..,87.6,..,..,85.3,..,..,90.0,,,,
Derby,..,..,86.9,..,..,83.2,..,..,91.0,,,,
Leicestershire,..,..,42.0,..,..,44.4,..,..,39.3,,,,
Leicester,..,..,33.9,..,..,33.0,..,..,35.4,,,,
Rutland,..,..,29.4,..,..,21.4,..,..,39.9,,,,
Nottinghamshire,..,..,25.7,..,..,25.8,..,..,25.6,,,,
Nottingham,..,..,21.5,..,..,20.5,..,..,23.5,,,,
Hertfordshire,..,..,57.6,..,..,56.8,..,..,58.6,,,,
Norfolk,..,..,46.9,..,..,49.3,..,..,44.7,,,,
Oxfordshire,..,..,51.5,..,..,53.7,..,..,49.2,,,,
Suffolk,..,..,74.8,..,..,73.5,..,..,76.2,,,,
Luton,..,..,68.9,..,..,68.1,..,..,70.1,,,,
Buckinghamshire,..,..,67.5,..,..,66.3,..,..,68.7,,,,
Milton Keynes,..,..,35.5,..,..,34.3,..,..,37.1,,,,
Bracknell Forest,..,..,78.2,..,..,69.0,..,..,89.6,,,,
West Berkshire,..,..,76.6,..,..,69.2,..,..,89.2,,,,
Reading,..,..,82.8,..,..,79.9,..,..,87.1,,,,
Slough,..,..,85.0,..,..,83.9,..,..,86.5,,,,
Windsor and Maidenhead,..,..,81.4,..,..,83.7,..,..,79.0,,,,
Wokingham,..,..,93.0,..,..,92.0,..,..,94.1,,,,
Essex,..,..,73.7,..,..,72.9,..,..,74.4,,,,
Southend-on-Sea,..,..,70.4,..,..,68.7,..,..,72.6,,,,
Thurrock,..,..,72.2,..,..,71.3,..,..,73.0,,,,
Cambridgeshire,..,..,28.1,..,..,28.2,..,..,29.2,,,,
Peterborough,..,..,16.7,..,..,18.4,..,..,15.1,,,,
Bedford,..,..,72.2,..,..,72.6,..,..,71.6,,,,
Central Bedfordshire,..,..,74.7,..,..,70.3,..,..,78.2,,,,
Camden,..,..,74.1,..,..,73.4,..,..,75.1,,,,
Greenwich,..,..,68.7,..,..,65.4,..,..,73.5,,,,
Hackney,..,..,85.9,..,..,85.5,..,..,86.8,,,,
Hammersmith and Fulham,..,..,89.0,..,..,87.3,..,..,91.5,,,,
Islington,..,..,75.9,..,..,75.9,..,..,75.9,,,,
Kensington and Chelsea,..,..,84.5,..,..,81.8,..,..,88.0,,,,
Lambeth,..,..,67.0,..,..,63.9,..,..,72.2,,,,
Lewisham,..,..,69.8,..,..,70.1,..,..,69.3,,,,
Southwark,..,..,67.8,..,..,68.5,..,..,66.7,,,,
Tower Hamlets,..,..,90.5,..,..,89.9,..,..,91.3,,,,
Wandsworth,..,..,81.2,..,..,79.6,..,..,83.2,,,,
Westminster,..,..,81.1,..,..,77.9,..,..,86.5,,,,
City of London,..,..,70.8,..,..,-,..,..,100.0,,,,
Barking and Dagenham,..,..,91.4,..,..,89.9,..,..,93.1,,,,
Barnet,..,..,70.9,..,..,69.4,..,..,72.8,,,,
Bexley,..,..,70.6,..,..,68.4,..,..,73.4,,,,
Brent,..,..,82.8,..,..,79.1,..,..,89.5,,,,
Bromley,..,..,72.0,..,..,71.1,..,..,73.4,,,,
Croydon,..,..,71.0,..,..,69.3,..,..,73.1,,,,
Ealing,..,..,84.1,..,..,81.4,..,..,87.7,,,,
Enfield,..,..,69.0,..,..,65.2,..,..,74.9,,,,
Haringey,..,..,66.6,..,..,64.0,..,..,70.2,,,,
Harrow,..,..,79.6,..,..,75.7,..,..,85.5,,,,
Havering,..,..,91.8,..,..,91.5,..,..,92.3,,,,
Hillingdon,..,..,82.5,..,..,78.9,..,..,86.7,,,,
Hounslow,..,..,87.6,..,..,85.3,..,..,90.7,,,,
Kingston upon Thames,..,..,70.5,..,..,67.2,..,..,74.4,,,,
Merton,..,..,82.1,..,..,80.2,..,..,84.9,,,,
Newham,..,..,93.1,..,..,92.6,..,..,93.9,,,,
Redbridge,..,..,84.8,..,..,83.1,..,..,87.3,,,,
Richmond upon Thames,..,..,87.6,..,..,85.7,..,..,89.7,,,,
Sutton,..,..,87.0,..,..,85.9,..,..,88.1,,,,
Waltham Forest,..,..,86.4,..,..,85.2,..,..,88.6,,,,
Isle of Wight,..,..,10.6,..,..,8.4,..,..,11.7,,,,
Surrey,..,..,41.7,..,..,40.8,..,..,42.5,,,,
West Sussex,..,..,53.8,..,..,54.7,..,..,53.0,,,,
Dorset,..,..,21.6,..,..,21.2,..,..,22.0,,,,
Bournemouth,..,..,24.6,..,..,25.5,..,..,23.5,,,,
Poole,..,..,33.1,..,..,31.0,..,..,35.3,,,,
Hampshire,..,..,25.8,..,..,22.9,..,..,29.2,,,,
Portsmouth,..,..,57.4,..,..,56.2,..,..,59.1,,,,
Southampton,..,..,27.6,..,..,27.4,..,..,27.9,,,,
East Sussex,..,..,28.0,..,..,27.9,..,..,28.1,,,,
Brighton and Hove,..,..,53.0,..,..,51.9,..,..,54.0,,,,
Wiltshire,..,..,61.5,..,..,64.0,..,..,58.9,,,,
Swindon,..,..,68.3,..,..,67.4,..,..,69.1,,,,
Kent,..,..,77.6,..,..,76.6,..,..,78.7,,,,
Medway Towns,..,..,77.6,..,..,75.9,..,..,79.2,,,,
Cornwall,..,..,57.8,..,..,57.3,..,..,58.3,,,,
Gloucestershire,..,..,52.7,..,..,53.7,..,..,51.8,,,,
Somerset,..,..,20.3,..,..,18.8,..,..,21.6,,,,
Isles of Scilly,..,..,90.0,..,..,70.8,..,..,96.9,,,,
Bath and North East Somerset,..,..,59.4,..,..,58.7,..,..,60.0,,,,
Bristol,..,..,55.3,..,..,52.1,..,..,58.9,,,,
North Somerset,..,..,68.3,..,..,69.4,..,..,67.4,,,,
South Gloucestershire,..,..,79.8,..,..,77.5,..,..,81.9,,,,
Devon,..,..,54.9,..,..,54.0,..,..,55.7,,,,
Plymouth,..,..,54.5,..,..,51.6,..,..,58.1,,,,
Torbay,..,..,61.3,..,..,62.0,..,..,60.7,,,,
,,,,,,,,,,,,,
ENGLAND,..,..,60.8,..,..,59.4,..,..,62.4,,,,
Number of councils the national total is based on,..,..,152,..,..,151,..,..,152,,,,
,,,,,,,,,,,,,
Shire Counties,..,..,55.7,..,..,54.0,..,..,57.4,,,,
Unitary Authorities,..,..,56.2,..,..,54.1,..,..,58.5,,,,
Metropolitan Districts,..,..,62.2,..,..,60.9,..,..,63.8,,,,
Inner London,..,..,77.5,..,..,76.2,..,..,79.4,,,,
Outer London,..,..,79.5,..,..,77.2,..,..,82.7,,,,
,,,,,,,,,,,,,
North East,..,..,39.6,..,..,38.0,..,..,41.5,,,,
North West,..,..,55.4,..,..,54.0,..,..,57.1,,,,
Yorkshire and the Humber,..,..,63.2,..,..,61.5,..,..,65.1,,,,
East Midlands,..,..,51.5,..,..,48.3,..,..,55.4,,,,
West Midlands,..,..,72.2,..,..,70.0,..,..,74.6,,,,
South West,..,..,50.5,..,..,49.8,..,..,51.2,,,,
Eastern,..,..,66.0,..,..,64.8,..,..,67.2,,,,
London,..,..,78.6,..,..,76.8,..,..,81.3,,,,
South East,..,..,51.5,..,..,51.1,..,..,52.0,,,,
,,,,,,,,,,,,,
,,,,,,,,,,,,,
Notes:,,,,,,,,,,,,,
..  represents data that are unavailable.,,,,,,,,,,,,,
"-  means constituent values less than six are suppressed. However, for Delayed Transfers of Care data (which are averages of 12 monthly values) the equivalent suppression is achieved by suppressing 
    annual values less than 0.5 (6/12) and for survey data, values of less than three are supressed. Where elements of an indicator are suppressed the indicator itself is also suppressed. 
    Measure 1F and 1H for 2013-14 have outcome data (the annual outcome is based on an average of the monthly outcomes), but not numerators and denominators, which are available for each month 
    with the ASCOF publication on the HSCIC website http://www.hscic.gov.uk/pubs/adusoccareof1314fin . Outcomes for 1F and 1H have been suppressed if the annual average numerator or 
   denominator is less than 0.5 (6/12).",,,,,,,,,,,,,
"1. Numerator and denominator values used to calculate the indicator are rounded to the nearest five. The exception is for Measure 2C, where the numerators are rounded to the nearest one.",,,,,,,,,,,,,
"2. 1A, 1B, 1D, 1I, 3A, 3B, 3C, 3D, 4A and 4B are based on survey data. The base for 1A, 1B, 1I, 3A, 3D, 4A and 4B (i.e. the number of responses on which the outcome is based) should be taken into 
    account when assessing the reliability of the outcome values. Outcomes based on a small base should be treated with caution.",,,,,,,,,,,,,
"3. 1A, 1B, 1I(1), 3A, 3D(1), 4A and 4B have been weighted to reflect that a stratified sample was taken and to account for non-response bias.",,,,,,,,,,,,,
"4. 1D, 1I(2), 3B, 3C and 3D(2) are based solely on the Carers' survey. This is a biennial survey which took place for the first time in 2012-13, therefore no data are available for 2013-14.",,,,,,,,,,,,,
,,,,,,,,,,,,,
,,,,,,,,,,,,,
,,,,,,,,,,,,,
,,,,,,,,,,,,,
,,,,,,,,,,,,,
,,,,,,,,,,,,,
,,,,,,,,,,,,,
,,,,,,,,,,,,,
,,,,,,,,,,,,,
,,,,,,,,,,,,,
,,,,,,,,,,,,,
,,,,,,,,,,,,,
,,,,,,,,,,,,,
,,,,,,,,,,,,,
,,,,,,,,,,,,,
,,,,,,,,,,,,,
,,,,,,,,,,,,,
,,,,,,,,,,,,,
,,,,,,,,,,,,,
,,,,,,,,,,,,,
,,,,,,,,,,,,,
,,,,,,,,,,,,,
,,,,,,,,,,,,,
,,,,,,,,,,,,,
,,,,,,,,,,,,,
,,,,,,,,,,,,,
,,,,,,,,,,,,,
,,,,,,,,,,,,,
,,,,,,,,,,,,,
,,,,,,,,,,,,,
,,,,,,,,,,,,,
,,,,,,,,,,,,,
,,,,,,,,,,,,,
,,,,,,,,,,,,,
,,,,,,,,,,,,,
,,,,,,,,,,,,,
,,,,,,,,,,,,,
,,,,,,,,,,,,,
,,,,,,,,,,,,,
,,,,,,,,,,,,,
,,,,,,,,,,,,,
,,,,,,,,,,,,,
,,,,,,,,,,,,,
,,,,,,,,,,,,,
,,,,,,,,,,,,,
,,,,,,,,,,,,,
,,,,,,,,,,,,,
,,,,,,,,,,,,,
,,,,,,,,,,,,,
,,,,,,,,,,,,,
,,,,,,,,,,,,,
,,,,,,,,,,,,,
,,,,,,,,,,,,,
,,,,,,,,,,,,,
,,,,,,,,,,,,,
,,,,,,,,,,,,,
,,,,,,,,,,,,,
,,,,,,,,,,,,,
,,,,,,,,,,,,,
,,,,,,,,,,,,,
,,,,,,,,,,,,,
,,,,,,,,,,,,,
,,,,,,,,,,,,,
,,,,,,,,,,,,,
,,,,,,,,,,,,,
,,,,,,,,,,,,,
,,,,,,,,,,,,,
,,,,,,,,,,,,,
,,,,,,,,,,,,,
,,,,,,,,,,,,,
,,,,,,,,,,,,,
,,,,,,,,,,,,,
,,,,,,,,,,,,,
,,,,,,,,,,,,,
,,,,,,,,,,,,,
,,,,,,,,,,,,,
,,,,,,,,,,,,,
,,,,,,,,,,,,,
,,,,,,,,,,,,,
,,,,,,,,,,,,,
,,,,,,,,,,,,,
,,,,,,,,,,,,,
,,,,,,,,,,,,,
,,,,,,,,,,,,,
,,,,,,,,,,,,,
,,,,,,,,,,,,,
,,,,,,,,,,,,,
,,,,,,,,,,,,,
,,,,,,,,,,,,,
,,,,,,,,,,,,,
,,,,,,,,,,,,,
,,,,,,,,,,,,,
,,,,,,,,,,,,,
,,,,,,,,,,,,,
,,,,,,,,,,,,,
,,,,,,,,,,,,,
,,,,,,,,,,,,,
,,,,,,,,,,,,,
,,,,,,,,,,,,,
,,,,,,,,,,,,,
,,,,,,,,,,,,,
,,,,,,,,,,,,,
,,,,,,,,,,,,,
,,,,,,,,,,,,,
,,,,,,,,,,,,,
,,,,,,,,,,,,,
,,,,,,,,,,,,,
,,,,,,,,,,,,,
,,,,,,,,,,,,,
,,,,,,,,,,,,,
,,,,,,,,,,,,,
,,,,,,,,,,,,,
,,,,,,,,,,,,,
,,,,,,,,,,,,,
,,,,,,,,,,,,,
,,,,,,,,,,,,,
,,,,,,,,,,,,,
,,,,,,,,,,,,,
,,,,,,,,,,,,,
,,,,,,,,,,,,,
,,,,,,,,,,,,,
,,,,,,,,,,,,,
,,,,,,,,,,,,,
,,,,,,,,,,,,,
,,,,,,,,,,,,,
,,,,,,,,,,,,,
,,,,,,,,,,,,,
,,,,,,,,,,,,,
,,,,,,,,,,,,,
,,,,,,,,,,,,,
,,,,,,,,,,,,,
,,,,,,,,,,,,,
,,,,,,,,,,,,,
,,,,,,,,,,,,,
,,,,,,,,,,,,,
,,,,,,,,,,,,,
,,,,,,,,,,,,,
,,,,,,,,,,,,,
,,,,,,,,,,,,,
,,,,,,,,,,,,,
,,,,,,,,,,,,,
,,,,,,,,,,,,,
,,,,,,,,,,,,,
,,,,,,,,,,,,,
,,,,,,,,,,,,,
,,,,,,,,,,,,,
,,,,,,,,,,,,,
,,,,,,,,,,,,,
,,,,,,,,,,,,,
,,,,,,,,,,,,,
,,,,,,,,,,,,,
,,,,,,,,,,,,,
,,,,,,,,,,,,,
,,,,,,,,,,,,,
,,,,,,,,,,,,,
,,,,,,,,,,,,,
,,,,,,,,,,,,,
,,,,,,,,,,,,,
,,,,,,,,,,,,,
,,,,,,,,,,,,,
,,,,,,,,,,,,,
,,,,,,,,,,,,,
,,,,,,,,,,,,,
,,,,,,,,,,,,,
,,,,,,,,,,,,,
,,,,,,,,,,,,,
,,,,,,,,,,,,,
,,,,,,,,,,,,,
,,,,,,,,,,,,,
,,,,,,,,,,,,,
,,,,,,,,,,,,,
,,,,,,,,,,,,,
,,,,,,,,,,,,,
,,,,,,,,,,,,,
,,,,,,,,,,,,,
,,,,,,,,,,,,,
,,,,,,,,,,,,,
,,,,,,,,,,,,,
,,,,,,,,,,,,,
,,,,,,,,,,,,,
,,,,,,,,,,,,,
,,,,,,,,,,,,,
,,,,,,,,,,,,,
,,,,,,,,,,,,,
,,,,,,,,,,,,,
,,,,,,,,,,,,,
,,,,,,,,,,,,,
,,,,,,,,,,,,,
,,,,,,,,,,,,,
,,,,,,,,,,,,,
,,,,,,,,,,,,,
,,,,,,,,,,,,,
,,,,,,,,,,,,,
,,,,,,,,,,,,,
,,,,,,,,,,,,,
,,,,,,,,,,,,,
,,,,,,,,,,,,,
,,,,,,,,,,,,,
,,,,,,,,,,,,,
,,,,,,,,,,,,,
