"Outcome
Measure",Description,Source,Notes to consider when analysing the data
1A,Social care-related quality of life,ASCS,"Stratified sampling within councils was introduced for 2011-12 which resulted in council level data being weighted to reflect the size of the eligible population in each stratum. Therefore, care should be taken when comparing 2011-12, 2012-13 and 2013-14 data with data from 2010-11. This measure was formerly NI 127 in the National Indicator Set."
1B,Proportion of people who use services who have control over their daily life,ASCS,"The question behind this measure was in the ASCS in 2010-11, as it was in 2011-12, 2012-13 and 2013-14. However, stratified sampling within councils was introduced for 2011-12 which  resulted in council level data being weighted to reflect the size of the eligible population in each stratum. Therefore care should be taken when comparing 2011-12 and 2012-13 data with data from 2010-11."
1C,"Proportion of people using social care who receive self-directed support, and those receiving direct payments",RAP,This measure is in two parts; part 1 was formerly NI 130 in the National Indicator Set.
1D,Carer-reported quality of life,Carers' Survey,"The Carers' Survey is a biennial survey, therefore no data are available for 2013-14."
1E,Proportion of adults with learning disabilities in paid employment,ASC-CAR,"A change to the definition of the data used to populate this measure occurred in 2011-12. This change allowed councils to include service users in the numerator as long as their employment status had been 'captured or confirmed' during 2011-12. Previously, the employment status had to have been recorded at assessment or review. This change should be borne in mind when comparing 2011-12, 2012-13 and 2013-14 data with data from 2010-11. This measure was formerly NI 146 in the National Indicator Set."
1F,Proportion of adults in contact with secondary mental health services in paid employment,MHMDS,"The calculation of this measure was changed for 2013-14; the outcome scores being calculated as an average of monthly outcomes (these are available for download in a separate file on the publication page, please see link at foot of this page). Previously, scores were calculated from annual totals. There were changes to the dataset in April 2011 and April 2013. These changes affect the comparability of data over time. For full details of measure definitions and calculations, please refer to the Handbook of Definitions. This measure was formerly NI 150 in the National Indicator Set."
1G,Proportion of adults with learning disabilities who live in their own home or with their family,ASC-CAR,"A change to the definition of the data used to populate this measure occurred in 2011-12. This change allowed councils to include service users in the numerator as long as their accommodation status had been 'captured or confirmed' during 2011-12. Previously, the accommodation status had to have been recorded at assessment or review. This change should be borne in mind when comparing 2011-12 and 2012-13 data with data from 2010-11. This measure was formerly NI 145 in the National Indicator Set."
1H,"Proportion of adults in contact with secondary mental health services who live independently, with or without support",MHMDS,"The calculation of this measure was changed for 2013-14; the outcome scores being calculated as an average of monthly outcomes (these are available for download in a separate file on the publication page, please see link at foot of this page). Previously, scores were calculated from annual totals. There were changes to the dataset in April 2011 and April 2013. These changes affect the comparability of data over time. For full details of measure definitions and calculations, please refer to the Handbook of Definitions. This measure was formerly NI 149 in the National Indicator Set."
1I,"Proportion of people who use services and their carers, who reported that they have as much social contact as they would like.","ASCS, Carers' Survey","This measure is in two parts.
There are no data for part 2 for 2013-14, as the Carers' Survey is a biennial survey.
The question behind this measure was in the ASCS in 2010-11. However, stratified sampling within councils was introduced for 2011-12 which resulted in council level data being weighted to reflect the size of the eligible population in each stratum. Therefore, care should be taken when making comparisons over time."
2A,"Permanent admissions to residential and nursing care homes, per 100,000 population","ASC-CAR, ONS mid-year population estimates","This measure is in two parts.  
The data used in this measure was collected in previous years from the ASC-CAR return. However, in 2011-12 the responsibility for some learning disability services was transferred from the NHS to local authorities. In 2011-12 these service users were treated as new admissions. This change should be borne in mind when making comparisons over time.
The ONS mid-year estimates used to calculate these figures are for 2013."
2B,Proportion of older people (65 and over) who were still at home 91 days after discharge from hospital into reablement/rehabilitation services,"ASC-CAR, HES","In 2011-12 there was a  change to the definition of the data used to populate this measure so comparisons with previous years should be treated with caution. The change involved allowing service users who were discharged from hospital who had an assessment from social care services only to be included. Previously, they were excluded from NI 125 and only those who had an assessment from health and social care services were included. This measure is in two parts; part 1 was formerly NI 125 in the National Indicator Set."
2C,"Delayed transfers of care from hospital, and those which are attributable to adult social care","DToC, ONS mid-year population estimates","The ONS mid-year estimates used to calculate these figures are for 2013.
This measure is in two parts; part 1 was formerly NI 131 in the National Indicator Set."
3A,Overall satisfaction of people who use services with their care and support,ASCS,"The question used to populate this measure was in the ASCS in 2010-11. However, stratified sampling within councils was introduced for 2011-12 which resulted in council level data being weighted to reflect the size of the eligible population in each stratum. Therefore, care should be taken when comparing with 2011-12, 2012-12-13 and 2013-14 data with data from 2010-11."
3B,Overall satisfaction of carers with social services,Carers' Survey,"The Carers' Survey is a biennial survey, therefore no data are available for 2013-14."
3C,Proportion of carers who report that they have been included or consulted in discussion about the person they care for,Carers' Survey,"The Carers' Survey is a biennial survey, therefore no data are available for 2013-14."
3D,Proportion of people who use services and carers who find it easy to find information about services,"ASCS, Carers' Survey","This measure is now in two parts, accounting for service user and carer responses separately. There are no data for part 2 for 2013-14, as the Carers' Survey is a biennial survey.
When comparing the previous single measure 3D, note the following:
The question behind this measure was in the ASCS in 2010-11. However, stratified sampling within councils was introduced for 2011-12 which resulted in council level data being weighted to reflect the size of the eligible population in each stratum. Also, in 2011-12, this measure was based on the ASCS only, as the Carer's Survey did not take place in that year. 
Therefore, care should be taken when making comparisons over time."
4A,Proportion of people who use services who feel safe,ASCS,"The question used to populate this measure was in the ASCS in 2010-11. However, stratified sampling within councils was introduced for 2011-12 which resulted in council level data being weighted to reflect the size of the eligible population in each stratum. Therefore, care should be taken when making comparisons over time."
4B,Proportion of people who use services who say that those services have made them feel safe and secure,ASCS,The question used to populate this measure was included in the ASCS for the first time in 2011-12 therefore no data are available for 2010-11.
,,,
Key,,,
ASCS,Adult Social Care Survey,,
RAP,"Referrals, Assessments and Packages of Care",,
ASC-CAR,Adult Social Care - Combined Activity Return,,
MHMDS,Mental Health Minimum Dataset,,
ONS,Office for National Statistics,,
HES,Hospital Episode Statistics,,
DToC,Delayed Transfers of Care,,
,,,
Further information,,,
"ASCOF Handbook of Definitions, England, 2013-14:",,,
www.gov.uk/government/publications/the-adult-social-care-outcomes-framework-2013-to-2014,,,
,,,
"Measures from the Adult Social Care Outcomes Framework, England - 2013-14, Final release:",,,
www.hscic.gov.uk/pubs/adusoccareof1314fin,,,
,,,
Responsible Statistician,,,
"Katharine Robbins - Programme Manager, Adult Social Care Statistics",,,
,,,
ISBN,,,
978-1-78386-262-7,,,
,,,
"Copyright � 2014, Health and Social Care Information Centre. All Rights Reserved.",,,
