ASCOF Outcomes 2013-14,Proportion of older people (65 and over) who were still at home 91 days after discharge from hospital into reablement/rehabilitation services (effectiveness of the service),,,Proportion of older people (65 and over) who were still at home 91 days after discharge from hospital into reablement/rehabilitation services (effectiveness of the service),,,Proportion of older people (65 and over) who were still at home 91 days after discharge from hospital into reablement/rehabilitation services (effectiveness of the service),,,Proportion of older people (65 and over) who were still at home 91 days after discharge from hospital into reablement/rehabilitation services (effectiveness of the service),,,Proportion of older people (65 and over) who were still at home 91 days after discharge from hospital into reablement/rehabilitation services (effectiveness of the service),,,Proportion of older people (65 and over) who were still at home 91 days after discharge from hospital into reablement/rehabilitation services (effectiveness of the service),,,
,TOTAL,,,MALE,,,FEMALE,,,Adults aged 65 to 74,,,Adults aged 75 to 84,,,Adults aged 85 and over,,,
,2B(1),2B(1),2B(1),2B(1),2B(1),2B(1),2B(1),2B(1),2B(1),2B(1),2B(1),2B(1),2B(1),2B(1),2B(1),2B(1),2B(1),2B(1),
,Numerator,Denominator,Outcome,Numerator,Denominator,Outcome,Numerator,Denominator,Outcome,Numerator,Denominator,Outcome,Numerator,Denominator,Outcome,Numerator,Denominator,Outcome,
,,,,,,,,,,,,,,,,,,,
,"Number of older people (aged 65 and over) discharged from acute or community hospitals to their own home or to a residential or nursing care home or extra care housing for rehabilitation, with a clear intention that they will move on/back to their own home (including a place in extra care housing or an adult placement scheme setting), who are at home or in extra care housing or an adult placement scheme setting 91 days after the date of their discharge from hospital. This should only include the outcome for those cases referred to in the denominator.","Number of older people (aged 65 and over) discharged from acute or community hospitals from hospital to their own home or to a residential or nursing care home or extra care housing for rehabilitation, with the clear intention that they will move on/back to their own home (including a place in extra care housing or an adult placement scheme setting).","Proportion of older people (aged 65 and over) discharged from acute or community hospitals to their own home or to a residential or nursing care home or extra care housing for rehabilitation, with a clear intention that they will move on/back to their own home (including a place in extra care housing or an adult placement scheme setting), who are at home or in extra care housing or an adult placement scheme setting 91 days after the date of their discharge from hospital. ","Number of older people (male, aged 65 and over) discharged from acute or community hospitals to their own home or to a residential or nursing care home or extra care housing for rehabilitation, with a clear intention that they will move on/back to their own home (including a place in extra care housing or an adult placement scheme setting), who are at home or in extra care housing or an adult placement scheme setting 91 days after the date of their discharge from hospital. This should only include the outcome for those cases referred to in the denominator.","Number of older people (male, aged 65 and over) discharged from acute or community hospitals from hospital to their own home or to a residential or nursing care home or extra care housing for rehabilitation, with the clear intention that they will move on/back to their own home (including a place in extra care housing or an adult placement scheme setting).","Proportion of older people (male, aged 65 and over) discharged from acute or community hospitals to their own home or to a residential or nursing care home or extra care housing for rehabilitation, with a clear intention that they will move on/back to their own home (including a place in extra care housing or an adult placement scheme setting), who are at home or in extra care housing or an adult placement scheme setting 91 days after the date of their discharge from hospital. ","Number of older people (female, aged 65 and over) discharged from acute or community hospitals to their own home or to a residential or nursing care home or extra care housing for rehabilitation, with a clear intention that they will move on/back to their own home (including a place in extra care housing or an adult placement scheme setting), who are at home or in extra care housing or an adult placement scheme setting 91 days after the date of their discharge from hospital. This should only include the outcome for those cases referred to in the denominator.","Number of older people (female, aged 65 and over) discharged from acute or community hospitals from hospital to their own home or to a residential or nursing care home or extra care housing for rehabilitation, with the clear intention that they will move on/back to their own home (including a place in extra care housing or an adult placement scheme setting).","Proportion of older people (female, aged 65 and over) discharged from acute or community hospitals to their own home or to a residential or nursing care home or extra care housing for rehabilitation, with a clear intention that they will move on/back to their own home (including a place in extra care housing or an adult placement scheme setting), who are at home or in extra care housing or an adult placement scheme setting 91 days after the date of their discharge from hospital. ","Number of older people (aged 65 to 74) discharged from acute or community hospitals to their own home or to a residential or nursing care home or extra care housing for rehabilitation, with a clear intention that they will move on/back to their own home (including a place in extra care housing or an adult placement scheme setting), who are at home or in extra care housing or an adult placement scheme setting 91 days after the date of their discharge from hospital. This should only include the outcome for those cases referred to in the denominator.","Number of older people (aged 65 to 74) discharged from acute or community hospitals from hospital to their own home or to a residential or nursing care home or extra care housing for rehabilitation, with the clear intention that they will move on/back to their own home (including a place in extra care housing or an adult placement scheme setting).","Proportion of older people (aged 65 to 74) discharged from acute or community hospitals to their own home or to a residential or nursing care home or extra care housing for rehabilitation, with a clear intention that they will move on/back to their own home (including a place in extra care housing or an adult placement scheme setting), who are at home or in extra care housing or an adult placement scheme setting 91 days after the date of their discharge from hospital. ","Number of older people (aged 75 to 84) discharged from acute or community hospitals to their own home or to a residential or nursing care home or extra care housing for rehabilitation, with a clear intention that they will move on/back to their own home (including a place in extra care housing or an adult placement scheme setting), who are at home or in extra care housing or an adult placement scheme setting 91 days after the date of their discharge from hospital. This should only include the outcome for those cases referred to in the denominator.","Number of older people (aged 75 to 84) discharged from acute or community hospitals from hospital to their own home or to a residential or nursing care home or extra care housing for rehabilitation, with the clear intention that they will move on/back to their own home (including a place in extra care housing or an adult placement scheme setting).","Proportion of older people (aged 75 to 84) discharged from acute or community hospitals to their own home or to a residential or nursing care home or extra care housing for rehabilitation, with a clear intention that they will move on/back to their own home (including a place in extra care housing or an adult placement scheme setting), who are at home or in extra care housing or an adult placement scheme setting 91 days after the date of their discharge from hospital. ","Number of older people (aged 85 and over) discharged from acute or community hospitals to their own home or to a residential or nursing care home or extra care housing for rehabilitation, with a clear intention that they will move on/back to their own home (including a place in extra care housing or an adult placement scheme setting), who are at home or in extra care housing or an adult placement scheme setting 91 days after the date of their discharge from hospital. This should only include the outcome for those cases referred to in the denominator.","Number of older people (aged 85 and over) discharged from acute or community hospitals from hospital to their own home or to a residential or nursing care home or extra care housing for rehabilitation, with the clear intention that they will move on/back to their own home (including a place in extra care housing or an adult placement scheme setting).","Proportion of older people (aged 85 and over) discharged from acute or community hospitals to their own home or to a residential or nursing care home or extra care housing for rehabilitation, with a clear intention that they will move on/back to their own home (including a place in extra care housing or an adult placement scheme setting), who are at home or in extra care housing or an adult placement scheme setting 91 days after the date of their discharge from hospital. ",
,ASC -CAR - Table l1 row 1 col 9,ASC -CAR - Table l1 row 2 col 9,,ASC -CAR - Table l1 row 1 sum col 7,ASC -CAR - Table l1 row 2 sum col 7,,ASC -CAR - Table l1 row 1 sum col 8,ASC -CAR - Table l1 row 2 sum col 8,,"ASC -CAR - Table l1 row 1 sum cols 1, 2","ASC -CAR - Table l1 row 2 sum cols 1, 2",,"ASC -CAR - Table l1 row 1 sum cols 3, 4","ASC -CAR - Table l1 row 2 sum cols 3, 4",,"ASC -CAR - Table l1 row 1 sum cols 5, 6","ASC -CAR - Table l1 sum cols 5, 6",,
,,,,,,,,,,,,,,,,,,,
Cumbria,375,415,89.7,225,245,91.9,145,170,86.4,90,100,91.8,170,185,92.9,110,135,83.6,
Northumberland,415,450,92.2,145,165,88.0,270,285,94.7,75,85,90.6,190,205,93.1,150,160,92.0,
Gateshead,255,300,86.0,80,100,81.2,175,200,88.4,55,60,88.7,105,120,85.2,100,115,85.2,
Newcastle upon Tyne,210,245,84.6,70,95,75.3,140,155,90.2,30,30,90.3,85,105,79.4,95,110,88.0,
North Tyneside,260,285,91.3,85,100,84.3,175,185,95.1,40,40,92.7,110,120,93.3,110,125,88.9,
South Tyneside,150,180,81.3,40,60,71.2,105,125,86.2,15,20,76.2,65,80,78.8,70,80,85.2,
Sunderland,265,310,85.5,100,125,81.6,165,185,88.2,55,65,88.9,100,115,85.3,110,130,84.1,
Hartlepool,55,65,87.5,20,25,76.0,35,40,94.9,10,15,92.3,25,30,92.9,20,25,78.3,
Middlesbrough,65,80,85.9,25,30,86.7,40,50,85.4,15,15,93.8,30,35,91.4,20,25,74.1,
Redcar and Cleveland,65,80,80.8,25,30,87.1,35,45,76.6,10,15,76.9,35,40,81.0,20,25,82.6,
Stockton-on-Tees,60,70,85.3,15,20,77.8,45,50,88.0,15,20,89.5,25,30,86.7,15,20,78.9,
Durham,295,330,89.4,85,100,84.2,210,230,91.7,35,45,81.4,140,150,90.8,125,135,90.4,
Darlington,120,150,81.2,50,60,80.6,70,85,81.6,20,20,95.5,45,55,80.4,55,70,77.5,
Barnsley,120,160,77.2,35,50,70.6,85,105,80.4,15,20,77.3,55,70,77.5,50,65,76.9,
Doncaster,145,190,77.0,50,65,76.6,100,125,77.2,15,25,68.0,60,85,72.6,70,80,84.1,
Rotherham,115,130,87.7,40,50,85.7,70,80,88.9,25,25,100.0,45,50,90.4,40,50,78.4,
Sheffield,335,395,84.8,110,135,81.8,225,260,86.5,40,50,85.4,130,150,86.7,165,200,83.3,
Bradford,165,175,93.2,55,55,94.7,110,120,92.4,25,25,95.8,65,65,97.0,75,85,89.4,
Calderdale,45,65,71.9,15,25,65.2,30,40,75.6,10,15,76.9,15,20,76.2,20,30,66.7,
Kirklees,160,175,89.8,40,50,80.0,120,125,93.7,25,25,100.0,70,80,87.5,65,70,88.7,
Leeds,80,90,90.0,35,40,92.3,45,50,88.2,15,20,83.3,45,50,91.7,20,25,91.7,
Wakefield,165,205,82.3,60,75,79.5,110,130,83.8,30,30,96.8,65,75,84.2,75,95,76.0,
East Riding of Yorkshire,80,90,88.6,30,35,80.0,50,55,94.3,5,10,77.8,40,40,100.0,30,40,80.0,
Kingston upon Hull,185,210,88.5,55,65,85.1,125,140,90.1,35,35,91.9,75,80,93.7,75,90,82.6,
North East Lincolnshire,50,55,94.4,20,20,100.0,30,35,91.4,-,-,-,-,-,-,-,-,-,
North Lincolnshire,90,100,90.0,35,40,87.5,55,60,91.7,10,10,100.0,45,50,84.3,35,40,94.7,
North Yorkshire,485,565,85.5,315,365,86.8,165,200,83.0,75,80,92.6,200,235,86.3,205,250,82.5,
York,55,70,80.9,35,45,76.7,20,25,88.0,5,5,85.7,25,25,88.5,25,35,74.3,
Bolton,330,420,78.5,95,115,81.0,235,300,77.5,45,55,79.6,140,165,83.1,145,200,74.2,
Bury,170,210,81.4,55,70,76.4,115,140,84.1,20,25,76.9,75,95,75.3,80,85,89.7,
Manchester,245,365,66.8,85,140,60.7,160,225,70.5,50,65,77.3,120,180,68.2,70,120,59.0,
Oldham,160,190,85.6,45,50,84.3,120,135,86.1,30,35,80.0,70,80,89.7,65,75,84.0,
Rochdale,125,165,77.4,50,65,81.0,75,100,75.2,30,30,90.6,50,70,74.3,45,60,74.2,
Salford,150,200,73.6,50,75,68.4,95,125,76.8,30,35,78.4,60,80,74.1,60,85,71.1,
Stockport,330,370,88.9,120,140,85.5,210,230,90.9,50,55,90.9,135,150,90.5,145,165,86.8,
Tameside,385,440,87.3,135,160,86.1,250,285,88.0,75,85,89.5,155,180,87.1,155,175,86.4,
Trafford,170,200,85.5,40,60,72.4,130,140,90.8,30,30,90.3,55,65,87.5,85,105,82.9,
Wigan,230,290,79.5,75,95,77.3,155,190,80.6,65,70,88.7,90,115,76.5,80,100,76.5,
Knowsley,90,115,77.6,30,45,74.4,60,75,79.5,20,25,88.0,35,45,82.2,30,45,67.4,
Liverpool,330,415,78.9,105,145,74.3,220,275,81.3,40,50,87.5,155,190,81.2,130,180,74.2,
Sefton,185,200,91.0,55,60,91.7,130,140,90.8,40,40,95.0,65,75,89.0,80,90,90.9,
St. Helens,95,105,88.6,35,40,92.3,55,65,86.4,15,15,86.7,45,50,84.6,35,40,94.7,
Wirral,220,245,89.4,65,75,86.5,155,170,90.7,25,30,93.1,95,105,92.4,95,110,85.7,
Halton,65,100,63.6,20,35,61.1,40,65,65.1,20,25,75.0,30,35,77.8,15,40,43.6,
Warrington,430,475,90.5,135,145,91.2,295,325,90.2,70,70,98.6,165,175,93.2,195,225,85.9,
Lancashire,445,565,78.8,160,215,76.1,285,355,80.5,65,80,81.0,195,230,84.6,190,260,73.0,
Blackburn with Darwen,55,55,94.7,20,20,94.7,35,40,94.7,10,10,90.0,20,20,100.0,25,25,92.6,
Blackpool,75,90,83.7,30,40,84.2,45,55,83.3,10,15,70.6,35,40,86.8,30,35,86.5,
Cheshire East,235,270,86.6,75,95,78.4,155,170,91.3,35,40,92.5,85,95,89.4,110,135,83.0,
Cheshire West and Chester,125,165,76.8,30,45,71.1,95,120,79.0,20,20,86.4,55,75,74.0,55,70,76.8,
Warwickshire,785,890,87.9,260,300,87.0,520,590,88.3,105,115,90.4,330,370,88.6,350,405,86.5,
Birmingham,430,495,86.9,170,190,88.0,260,305,86.1,60,65,96.8,165,190,86.9,205,240,84.2,
Coventry,275,340,81.2,105,130,82.0,170,210,80.7,40,50,78.8,100,125,79.2,135,165,83.4,
Dudley,265,300,87.4,90,110,80.4,175,190,91.6,35,40,92.3,95,115,83.3,135,150,89.3,
Sandwell,145,215,68.1,45,85,53.5,100,130,77.7,30,40,68.3,65,100,65.0,55,75,72.0,
Solihull,90,115,78.9,25,35,73.0,65,75,81.8,10,15,70.6,35,45,80.4,40,50,80.4,
Walsall,325,430,75.4,100,150,65.3,225,280,80.8,35,40,86.8,140,195,73.6,150,200,75.0,
Wolverhampton,300,350,85.8,125,160,76.5,180,190,93.7,55,65,85.7,125,135,91.2,125,150,80.9,
Staffordshire,615,715,86.3,200,240,83.4,415,475,87.8,70,75,93.5,240,290,84.0,305,350,86.6,
Stoke-on-Trent,75,85,85.1,20,25,84.0,55,60,85.5,10,10,100.0,40,45,84.4,30,35,82.4,
Herefordshire,30,35,83.3,20,25,87.0,10,15,76.9,-,-,-,-,-,-,-,-,-,
Worcestershire,430,560,76.6,145,195,74.0,285,365,78.0,55,65,85.1,180,225,79.7,190,265,71.8,
Shropshire,120,155,76.8,40,55,72.7,80,100,79.0,10,15,84.6,55,70,79.4,55,75,73.0,
Telford and the Wrekin,60,95,64.9,20,30,58.1,45,65,68.3,10,15,56.3,25,40,61.9,25,35,72.2,
Lincolnshire,870,"1,165",74.6,310,440,70.7,555,725,76.9,130,170,77.1,370,470,78.0,370,525,70.7,
Northamptonshire,290,495,58.9,105,195,53.4,190,300,62.5,35,70,51.5,120,170,68.6,140,255,54.3,
Derbyshire,175,215,79.7,60,85,70.2,115,135,85.7,30,30,87.5,60,80,77.5,85,105,79.0,
Derby,170,190,90.0,65,75,86.8,105,115,92.1,30,35,94.1,75,80,91.3,65,75,86.8,
Leicestershire,405,515,78.6,130,155,85.6,270,360,75.6,45,45,100.0,185,225,81.4,175,240,71.8,
Leicester,200,230,87.0,70,90,80.9,130,140,90.8,35,40,89.7,95,110,86.2,70,80,86.6,
Rutland,20,30,62.1,-,-,-,-,-,-,-,-,-,-,-,-,-,-,-,
Nottinghamshire,525,590,88.8,180,210,86.2,340,380,90.2,65,75,91.8,215,230,92.6,245,285,85.0,
Nottingham,185,300,61.5,80,130,59.1,105,170,63.3,35,55,60.0,60,100,62.2,90,150,61.5,
Hertfordshire,480,565,85.6,155,185,83.2,330,380,86.8,80,90,88.6,185,210,87.2,220,265,83.3,
Norfolk,885,"1,015",87.0,275,335,81.8,610,680,89.6,130,145,89.0,350,405,86.7,405,465,86.7,
Oxfordshire,350,435,80.0,110,155,73.2,235,280,83.7,30,40,71.4,165,190,87.4,150,205,74.9,
Suffolk,465,630,73.7,175,250,69.4,290,380,76.5,60,75,79.5,180,245,74.5,225,315,71.7,
Luton,95,115,80.3,30,40,76.2,60,75,82.7,20,20,90.0,45,55,82.1,30,40,73.2,
Buckinghamshire,415,685,60.8,155,295,53.6,260,390,66.2,50,95,53.1,175,290,60.1,190,300,64.0,
Milton Keynes,80,80,97.5,30,30,96.7,50,50,98.0,20,20,100.0,30,35,94.1,25,25,100.0,
Bracknell Forest,65,80,80.8,20,30,67.9,45,50,88.0,5,5,85.7,20,25,95.7,35,50,72.9,
West Berkshire,55,60,88.7,15,20,80.0,40,40,92.9,10,10,100.0,15,15,81.3,30,35,88.2,
Reading,80,90,87.8,30,35,88.9,45,55,87.0,15,15,93.8,25,35,79.4,35,40,92.5,
Slough,55,55,100.0,15,15,100.0,40,40,100.0,-,-,-,-,-,-,-,-,-,
Windsor and Maidenhead,105,120,87.4,40,50,85.4,65,70,88.7,15,20,89.5,50,55,85.7,40,45,88.6,
Wokingham,65,95,65.6,25,35,64.9,40,60,66.1,5,10,58.3,25,40,69.2,30,45,64.4,
Essex,"1,090","1,330",81.7,375,470,79.7,715,860,82.8,135,170,81.5,450,540,83.8,500,625,80.0,
Southend-on-Sea,110,140,80.0,40,50,80.0,70,90,80.0,15,20,77.3,55,60,90.3,40,55,69.6,
Thurrock,135,150,89.9,35,45,86.0,95,105,91.5,20,20,94.7,45,50,89.6,75,80,89.0,
Cambridgeshire,450,540,83.7,145,180,79.4,310,360,85.8,70,75,90.9,170,200,85.1,210,260,80.5,
Peterborough,50,65,73.8,20,30,69.0,30,35,77.8,10,10,66.7,20,25,91.7,20,30,62.1,
Bedford,20,40,50.0,5,15,37.5,15,20,59.1,-,-,-,-,-,-,-,-,-,
Central Bedfordshire,60,80,75.0,30,35,83.8,30,45,67.4,-,-,-,-,-,-,-,-,-,
Camden,80,80,97.6,25,25,96.2,55,55,98.2,20,20,100.0,35,35,97.1,25,30,96.4,
Greenwich,175,190,90.1,105,115,92.2,65,75,86.8,40,45,88.4,85,90,95.5,50,60,83.3,
Hackney,225,250,90.4,100,110,87.5,130,140,92.8,45,50,95.8,105,120,88.3,75,85,90.4,
Hammersmith and Fulham,260,280,92.9,100,105,94.4,160,175,92.0,55,55,94.6,95,100,92.1,115,125,92.8,
Islington,175,195,91.2,55,60,88.5,125,135,92.5,40,45,91.3,70,75,96.0,65,75,86.3,
Kensington and Chelsea,680,695,98.1,240,240,98.3,445,450,98.0,135,140,97.8,255,255,98.8,290,300,97.7,
Lambeth,305,320,95.6,115,115,98.3,195,205,94.1,70,70,97.2,130,130,97.7,110,120,92.4,
Lewisham,155,175,86.9,60,65,88.1,95,110,86.2,30,30,96.8,45,55,83.0,80,90,85.9,
Southwark,185,210,88.1,75,85,85.9,110,125,89.6,35,40,83.3,60,75,81.1,90,95,95.7,
Tower Hamlets,75,90,80.4,30,40,78.9,45,55,81.5,15,20,84.2,35,40,87.8,20,30,68.8,
Wandsworth,120,130,93.0,40,40,97.5,80,90,90.9,20,25,91.3,50,55,92.9,45,50,93.9,
Westminster,325,355,92.4,110,125,90.3,215,230,93.5,60,65,93.7,130,145,91.6,135,150,92.6,
City of London,10,10,100.0,-,-,-,-,-,-,-,-,-,-,-,-,-,-,-,
Barking and Dagenham,115,130,88.3,45,50,87.8,70,80,88.6,20,20,86.4,40,45,84.4,55,60,91.8,
Barnet,290,405,71.9,105,160,66.7,185,245,75.2,45,65,68.3,130,170,75.6,120,170,69.4,
Bexley,270,300,90.0,100,115,85.3,170,185,93.0,35,35,97.3,110,120,90.8,125,145,87.6,
Brent,530,640,83.4,235,285,81.8,300,350,84.7,110,120,93.2,215,260,82.0,210,260,80.3,
Bromley,70,85,82.6,15,25,73.9,55,65,85.7,-,-,-,-,-,-,-,-,-,
Croydon,140,160,85.2,50,60,80.3,90,100,88.1,15,20,77.8,45,60,79.7,75,85,90.6,
Ealing,250,265,93.6,80,85,91.9,170,180,94.4,45,50,88.2,90,90,97.8,115,120,92.6,
Enfield,205,250,82.3,65,90,76.1,140,160,85.7,30,30,96.8,90,95,90.7,85,120,71.9,
Haringey,80,90,87.6,30,35,83.3,50,55,90.6,25,25,92.6,30,30,90.3,25,30,80.6,
Harrow,280,345,82.0,115,145,79.7,170,200,83.6,55,70,81.4,120,140,85.1,105,135,78.9,
Havering,195,245,80.7,60,85,71.4,135,160,85.5,20,20,94.7,75,90,82.4,105,135,77.4,
Hillingdon,100,120,81.1,35,45,76.7,65,80,83.5,25,25,92.6,40,45,80.9,35,50,75.0,
Hounslow,165,185,89.7,55,60,88.5,110,125,90.3,40,45,88.6,60,70,88.6,65,70,91.5,
Kingston upon Thames,45,55,82.1,20,20,85.7,30,35,80.0,5,5,100.0,25,30,82.1,15,20,77.3,
Merton,45,55,83.3,10,15,84.6,35,40,82.9,-,-,-,-,-,-,-,-,-,
Newham,60,65,95.4,25,25,100.0,35,40,92.1,15,15,93.3,25,25,95.8,25,25,96.2,
Redbridge,190,235,81.0,60,75,77.9,130,160,82.5,35,40,80.5,80,95,86.3,75,100,76.2,
Richmond upon Thames,185,210,88.5,65,75,89.0,120,135,88.1,35,35,91.7,80,85,94.1,70,85,81.6,
Sutton,155,165,93.4,55,60,94.8,100,110,92.7,20,20,90.5,60,65,95.3,75,80,92.7,
Waltham Forest,145,160,91.2,50,60,86.7,95,100,93.9,20,20,90.5,55,65,87.5,70,75,94.6,
Isle of Wight,40,40,95.2,10,10,91.7,30,30,96.7,10,10,100.0,15,15,92.9,20,20,95.0,
Surrey,360,515,69.6,135,195,70.1,225,320,69.3,45,65,70.8,140,200,70.6,170,250,68.4,
West Sussex,200,270,74.4,70,95,73.1,135,175,75.1,25,35,78.8,75,105,72.6,100,130,74.8,
Dorset,600,670,89.9,220,250,87.9,385,420,91.0,75,85,91.7,265,280,93.3,260,305,86.2,
Bournemouth,350,440,80.2,125,160,76.4,230,280,82.4,70,85,82.4,115,135,83.7,170,220,77.2,
Poole,60,65,86.6,25,30,79.3,35,40,92.1,10,10,91.7,20,20,86.4,30,35,84.8,
Hampshire,695,860,80.6,235,300,78.3,460,565,81.9,105,125,83.1,290,360,80.0,305,380,80.4,
Portsmouth,80,100,81.8,30,35,83.3,50,65,81.0,10,10,75.0,35,40,84.6,40,50,81.3,
Southampton,195,220,87.4,65,80,81.3,130,140,90.8,30,35,88.6,80,90,84.8,85,95,89.5,
East Sussex,570,625,91.4,185,205,89.8,385,420,92.1,65,70,95.6,240,255,94.1,270,305,88.2,
Brighton and Hove,265,330,80.1,95,125,76.4,170,210,82.3,55,60,88.5,120,140,87.1,90,130,68.7,
Wiltshire,885,"1,285",68.9,375,545,69.4,505,740,68.5,170,235,72.5,335,475,70.4,380,575,66.1,
Swindon,65,65,94.0,25,25,92.6,40,40,95.0,5,5,100.0,20,20,100.0,35,40,89.5,
Kent,"1,240","1,480",83.8,405,510,80.1,830,970,85.7,200,235,85.5,505,600,84.3,535,645,82.6,
Medway Towns,110,120,92.5,35,35,100.0,75,85,89.5,20,20,100.0,45,50,93.9,45,50,88.2,
Cornwall,250,290,86.0,90,105,85.7,160,185,86.1,35,40,84.6,100,115,87.9,115,135,84.7,
Gloucestershire,375,535,70.4,120,190,64.4,255,345,73.7,45,60,72.9,150,215,70.0,185,260,70.2,
Somerset,775,965,80.2,315,405,78.0,460,565,81.9,140,160,86.3,310,365,84.2,330,440,74.8,
Isles of Scilly,-,5,-,-,-,-,-,-,-,-,-,-,-,-,-,-,-,-,
Bath and North East Somerset,140,160,86.3,55,75,77.0,80,85,94.3,15,15,94.1,60,70,87.3,60,75,83.6,
Bristol,115,160,73.1,40,60,66.1,75,100,77.6,20,25,80.8,50,70,73.2,45,65,69.8,
North Somerset,70,80,84.1,20,30,75.0,50,55,88.9,10,15,84.6,25,30,86.7,30,40,82.1,
South Gloucestershire,140,155,89.0,50,60,85.2,85,95,91.5,20,25,88.0,60,65,89.6,55,65,88.9,
Devon,465,520,89.8,135,155,87.6,335,365,90.7,55,60,93.4,190,210,91.8,220,250,87.3,
Plymouth,300,370,80.8,110,135,83.0,185,235,79.6,55,60,93.2,115,135,83.9,130,175,74.1,
Torbay,110,135,81.5,35,45,75.0,75,90,84.6,15,15,87.5,45,50,84.3,55,70,77.9,
,,,,,,,,,,,,,,,,,,,
ENGLAND,"36,140","43,790",82.5,"12,865","16,170",79.6,"23,275","27,620",84.3,"5,710","6,665",85.7,"14,790","17,620",83.9,"15,635","19,505",80.2,
Number of councils the national total is based on,152,152,152,152,152,152,152,152,152,152,152,152,152,152,152,152,152,152,
,,,,,,,,,,,,,,,,,,,
Shire Counties,"14,810","18,335",80.8,"5,305","6,805",78.0,"9,505","11,530",82.4,"2,080","2,485",83.7,"6,100","7,375",82.7,"6,635","8,475",78.3,
Unitary Authorities,"7,515","9,215",81.5,"2,705","3,445",78.5,"4,810","5,770",83.4,"1,255","1,485",84.3,"3,090","3,680",84.0,"3,170","4,050",78.3,
Metropolitan Districts,"7,520","9,090",82.7,"2,530","3,220",78.5,"4,990","5,875",85.0,"1,225","1,415",86.5,"3,090","3,740",82.6,"3,205","3,935",81.5,
Inner London,"2,775","2,985",92.9,"1,055","1,135",92.6,"1,720","1,845",93.1,565,600,94.0,"1,100","1,180",93.2,"1,105","1,200",92.1,
Outer London,"3,520","4,165",84.6,"1,275","1,565",81.4,"2,245","2,600",86.5,590,675,87.4,"1,410","1,645",85.8,"1,520","1,845",82.4,
,,,,,,,,,,,,,,,,,,,
North East,"2,220","2,545",87.2,750,915,82.1,"1,470","1,630",90.1,380,430,88.6,955,"1,090",87.4,885,"1,025",86.4,
North West,"5,010","6,070",82.6,"1,750","2,170",80.5,"3,260","3,900",83.7,880,"1,010",86.9,"2,095","2,490",84.0,"2,040","2,565",79.4,
Yorkshire and the Humber,"2,275","2,670",85.3,930,"1,110",83.7,"1,345","1,555",86.5,345,385,89.6,955,"1,100",86.7,980,"1,185",82.7,
East Midlands,"2,835","3,730",76.0,"1,005","1,385",72.6,"1,830","2,345",78.0,410,520,78.7,"1,185","1,485",79.8,"1,240","1,725",71.9,
West Midlands,"3,945","4,790",82.4,"1,365","1,740",78.6,"2,580","3,050",84.7,530,615,86.3,"1,610","1,960",82.2,"1,805","2,215",81.6,
South West,"4,705","5,910",79.6,"1,740","2,265",77.0,"2,960","3,645",81.2,745,900,83.1,"1,860","2,270",82.0,"2,095","2,740",76.5,
Eastern,"3,840","4,670",82.2,"1,285","1,640",78.5,"2,555","3,035",84.2,540,640,84.7,"1,545","1,840",84.0,"1,750","2,190",79.9,
London,"6,295","7,145",88.1,"2,325","2,700",86.1,"3,965","4,445",89.2,"1,155","1,280",90.5,"2,510","2,825",88.9,"2,625","3,045",86.2,
South East,"5,020","6,265",80.1,"1,710","2,245",76.1,"3,310","4,020",82.3,730,890,81.6,"2,075","2,560",81.1,"2,215","2,815",78.7,
,,,,,,,,,,,,,,,,,,,
,,,,,,,,,,,,,,,,,,,
Notes:,,,,,,,,,,,,,,,,,,,
..  represents data that are unavailable.,,,,,,,,,,,,,,,,,,,
"-  means constituent values less than six are suppressed. However, for Delayed Transfers of Care data (which are averages of 12 monthly values) the equivalent suppression is achieved by suppressing 
    annual values less than 0.5 (6/12) and for survey data, values of less than three are supressed. Where elements of an indicator are suppressed the indicator itself is also suppressed. 
    Measure 1F and 1H for 2013-14 have outcome data (the annual outcome is based on an average of the monthly outcomes), but not numerators and denominators, which are available for each month 
    with the ASCOF publication on the HSCIC website http://www.hscic.gov.uk/pubs/adusoccareof1314fin . Outcomes for 1F and 1H have been suppressed if the annual average numerator or 
   denominator is less than 0.5 (6/12).",,,,,,,,,,,,,,,,,,,
"1. Numerator and denominator values used to calculate the indicator are rounded to the nearest five. The exception is for Measure 2C, where the numerators are rounded to the nearest one.",,,,,,,,,,,,,,,,,,,
"2. 1A, 1B, 1D, 1I, 3A, 3B, 3C, 3D, 4A and 4B are based on survey data. The base for 1A, 1B, 1I, 3A, 3D, 4A and 4B (i.e. the number of responses on which the outcome is based) should be taken into 
    account when assessing the reliability of the outcome values. Outcomes based on a small base should be treated with caution.",,,,,,,,,,,,,,,,,,,
"3. 1A, 1B, 1I(1), 3A, 3D(1), 4A and 4B have been weighted to reflect that a stratified sample was taken and to account for non-response bias.",,,,,,,,,,,,,,,,,,,
"4. 1D, 1I(2), 3B, 3C and 3D(2) are based solely on the Carers' survey. This is a biennial survey which took place for the first time in 2012-13, therefore no data are available for 2013-14.",,,,,,,,,,,,,,,,,,,
,,,,,,,,,,,,,,,,,,,
,,,,,,,,,,,,,,,,,,,
,,,,,,,,,,,,,,,,,,,
,,,,,,,,,,,,,,,,,,,
,,,,,,,,,,,,,,,,,,,
,,,,,,,,,,,,,,,,,,,
,,,,,,,,,,,,,,,,,,,
,,,,,,,,,,,,,,,,,,,
,,,,,,,,,,,,,,,,,,,
,,,,,,,,,,,,,,,,,,,
,,,,,,,,,,,,,,,,,,,
,,,,,,,,,,,,,,,,,,,
,,,,,,,,,,,,,,,,,,,
,,,,,,,,,,,,,,,,,,,
,,,,,,,,,,,,,,,,,,,
,,,,,,,,,,,,,,,,,,,
,,,,,,,,,,,,,,,,,,,
,,,,,,,,,,,,,,,,,,,
,,,,,,,,,,,,,,,,,,,
,,,,,,,,,,,,,,,,,,,
,,,,,,,,,,,,,,,,,,,
,,,,,,,,,,,,,,,,,,,
,,,,,,,,,,,,,,,,,,,
,,,,,,,,,,,,,,,,,,,
,,,,,,,,,,,,,,,,,,,
,,,,,,,,,,,,,,,,,,,
,,,,,,,,,,,,,,,,,,,
,,,,,,,,,,,,,,,,,,,
,,,,,,,,,,,,,,,,,,,
,,,,,,,,,,,,,,,,,,,
,,,,,,,,,,,,,,,,,,,
,,,,,,,,,,,,,,,,,,,
,,,,,,,,,,,,,,,,,,,
,,,,,,,,,,,,,,,,,,,
,,,,,,,,,,,,,,,,,,,
,,,,,,,,,,,,,,,,,,,
,,,,,,,,,,,,,,,,,,,
,,,,,,,,,,,,,,,,,,,
,,,,,,,,,,,,,,,,,,,
,,,,,,,,,,,,,,,,,,,
,,,,,,,,,,,,,,,,,,,
,,,,,,,,,,,,,,,,,,,
,,,,,,,,,,,,,,,,,,,
,,,,,,,,,,,,,,,,,,,
,,,,,,,,,,,,,,,,,,,
,,,,,,,,,,,,,,,,,,,
,,,,,,,,,,,,,,,,,,,
,,,,,,,,,,,,,,,,,,,
,,,,,,,,,,,,,,,,,,,
,,,,,,,,,,,,,,,,,,,
,,,,,,,,,,,,,,,,,,,
,,,,,,,,,,,,,,,,,,,
,,,,,,,,,,,,,,,,,,,
,,,,,,,,,,,,,,,,,,,
,,,,,,,,,,,,,,,,,,,
,,,,,,,,,,,,,,,,,,,
,,,,,,,,,,,,,,,,,,,
,,,,,,,,,,,,,,,,,,,
,,,,,,,,,,,,,,,,,,,
,,,,,,,,,,,,,,,,,,,
,,,,,,,,,,,,,,,,,,,
,,,,,,,,,,,,,,,,,,,
,,,,,,,,,,,,,,,,,,,
,,,,,,,,,,,,,,,,,,,
,,,,,,,,,,,,,,,,,,,
,,,,,,,,,,,,,,,,,,,
,,,,,,,,,,,,,,,,,,,
,,,,,,,,,,,,,,,,,,,
,,,,,,,,,,,,,,,,,,,
,,,,,,,,,,,,,,,,,,,
,,,,,,,,,,,,,,,,,,,
,,,,,,,,,,,,,,,,,,,
,,,,,,,,,,,,,,,,,,,
,,,,,,,,,,,,,,,,,,,
,,,,,,,,,,,,,,,,,,,
,,,,,,,,,,,,,,,,,,,
,,,,,,,,,,,,,,,,,,,
,,,,,,,,,,,,,,,,,,,
,,,,,,,,,,,,,,,,,,,
,,,,,,,,,,,,,,,,,,,
,,,,,,,,,,,,,,,,,,,
,,,,,,,,,,,,,,,,,,,
,,,,,,,,,,,,,,,,,,,
,,,,,,,,,,,,,,,,,,,
,,,,,,,,,,,,,,,,,,,
,,,,,,,,,,,,,,,,,,,
,,,,,,,,,,,,,,,,,,,
,,,,,,,,,,,,,,,,,,,
,,,,,,,,,,,,,,,,,,,
,,,,,,,,,,,,,,,,,,,
,,,,,,,,,,,,,,,,,,,
,,,,,,,,,,,,,,,,,,,
,,,,,,,,,,,,,,,,,,,
,,,,,,,,,,,,,,,,,,,
,,,,,,,,,,,,,,,,,,,
,,,,,,,,,,,,,,,,,,,
,,,,,,,,,,,,,,,,,,,
,,,,,,,,,,,,,,,,,,,
,,,,,,,,,,,,,,,,,,,
,,,,,,,,,,,,,,,,,,,
,,,,,,,,,,,,,,,,,,,
,,,,,,,,,,,,,,,,,,,
,,,,,,,,,,,,,,,,,,,
,,,,,,,,,,,,,,,,,,,
,,,,,,,,,,,,,,,,,,,
,,,,,,,,,,,,,,,,,,,
,,,,,,,,,,,,,,,,,,,
,,,,,,,,,,,,,,,,,,,
,,,,,,,,,,,,,,,,,,,
,,,,,,,,,,,,,,,,,,,
,,,,,,,,,,,,,,,,,,,
,,,,,,,,,,,,,,,,,,,
,,,,,,,,,,,,,,,,,,,
,,,,,,,,,,,,,,,,,,,
,,,,,,,,,,,,,,,,,,,
,,,,,,,,,,,,,,,,,,,
,,,,,,,,,,,,,,,,,,,
,,,,,,,,,,,,,,,,,,,
,,,,,,,,,,,,,,,,,,,
,,,,,,,,,,,,,,,,,,,
,,,,,,,,,,,,,,,,,,,
,,,,,,,,,,,,,,,,,,,
,,,,,,,,,,,,,,,,,,,
,,,,,,,,,,,,,,,,,,,
,,,,,,,,,,,,,,,,,,,
,,,,,,,,,,,,,,,,,,,
,,,,,,,,,,,,,,,,,,,
,,,,,,,,,,,,,,,,,,,
,,,,,,,,,,,,,,,,,,,
,,,,,,,,,,,,,,,,,,,
,,,,,,,,,,,,,,,,,,,
,,,,,,,,,,,,,,,,,,,
,,,,,,,,,,,,,,,,,,,
,,,,,,,,,,,,,,,,,,,
,,,,,,,,,,,,,,,,,,,
,,,,,,,,,,,,,,,,,,,
,,,,,,,,,,,,,,,,,,,
,,,,,,,,,,,,,,,,,,,
,,,,,,,,,,,,,,,,,,,
,,,,,,,,,,,,,,,,,,,
,,,,,,,,,,,,,,,,,,,
,,,,,,,,,,,,,,,,,,,
,,,,,,,,,,,,,,,,,,,
,,,,,,,,,,,,,,,,,,,
,,,,,,,,,,,,,,,,,,,
,,,,,,,,,,,,,,,,,,,
,,,,,,,,,,,,,,,,,,,
,,,,,,,,,,,,,,,,,,,
,,,,,,,,,,,,,,,,,,,
,,,,,,,,,,,,,,,,,,,
,,,,,,,,,,,,,,,,,,,
,,,,,,,,,,,,,,,,,,,
,,,,,,,,,,,,,,,,,,,
,,,,,,,,,,,,,,,,,,,
,,,,,,,,,,,,,,,,,,,
,,,,,,,,,,,,,,,,,,,
,,,,,,,,,,,,,,,,,,,
,,,,,,,,,,,,,,,,,,,
,,,,,,,,,,,,,,,,,,,
,,,,,,,,,,,,,,,,,,,
,,,,,,,,,,,,,,,,,,,
,,,,,,,,,,,,,,,,,,,
,,,,,,,,,,,,,,,,,,,
,,,,,,,,,,,,,,,,,,,
,,,,,,,,,,,,,,,,,,,
,,,,,,,,,,,,,,,,,,,
,,,,,,,,,,,,,,,,,,,
,,,,,,,,,,,,,,,,,,,
,,,,,,,,,,,,,,,,,,,
,,,,,,,,,,,,,,,,,,,
,,,,,,,,,,,,,,,,,,,
,,,,,,,,,,,,,,,,,,,
,,,,,,,,,,,,,,,,,,,
,,,,,,,,,,,,,,,,,,,
,,,,,,,,,,,,,,,,,,,
,,,,,,,,,,,,,,,,,,,
,,,,,,,,,,,,,,,,,,,
,,,,,,,,,,,,,,,,,,,
,,,,,,,,,,,,,,,,,,,
,,,,,,,,,,,,,,,,,,,
,,,,,,,,,,,,,,,,,,,
,,,,,,,,,,,,,,,,,,,
,,,,,,,,,,,,,,,,,,,
,,,,,,,,,,,,,,,,,,,
,,,,,,,,,,,,,,,,,,,
,,,,,,,,,,,,,,,,,,,
,,,,,,,,,,,,,,,,,,,
,,,,,,,,,,,,,,,,,,,
,,,,,,,,,,,,,,,,,,,
,,,,,,,,,,,,,,,,,,,
,,,,,,,,,,,,,,,,,,,
,,,,,,,,,,,,,,,,,,,
,,,,,,,,,,,,,,,,,,,
,,,,,,,,,,,,,,,,,,,
,,,,,,,,,,,,,,,,,,,
,,,,,,,,,,,,,,,,,,,
,,,,,,,,,,,,,,,,,,,
,,,,,,,,,,,,,,,,,,,
,,,,,,,,,,,,,,,,,,,
,,,,,,,,,,,,,,,,,,,
