ASCOF Outcomes 2013-14,Proportion of people who use services who feel safe,,,Proportion of people who use services who feel safe,,,Proportion of people who use services who feel safe,,,Proportion of people who use services who feel safe,,,Proportion of people who use services who feel safe,,
,TOTAL,,,MALE,,,FEMALE,,,18 to 64,,,65 and over,,
,4A,4A,4A,4A,4A,4A,4A,4A,4A,4A,4A,4A,4A,4A,4A
,Confidence Interval,Base,Outcome,Confidence Interval,Base,Outcome,Confidence Interval,Base,Outcome,Confidence Interval,Base,Outcome,Confidence Interval,Base,Outcome
,,,,,,,,,,,,,,,
,,Number of respondents that have answered question 7a,Respondents who answered 'I feel as safe as I want' as a percentage of all respondents to question 7a,,Number of male respondents that have answered question 7a,Male respondents who answered 'I feel as safe as I want' as a percentage of all male respondents to question 7a,,Number of female respondents that have answered question 7a,Female respondents who answered 'I feel as safe as I want' as a percentage of all female respondents to question 7a,,Number of respondents (aged 18 to 64) that have answered question 7a,Respondents (aged 18 to 64) who answered 'I feel as safe as I want' as a percentage of all respondents (aged 18 to 64) to question 7a,,Number of respondents (aged 65 and over) that have answered question 7a,Respondents (aged 65 and over) who answered 'I feel as safe as I want' as a percentage of all respondents (aged 65 and over) to question 7a
,,ASCS - question 7a,"* Outcome is a
  weighted value",,ASCS - question 7a,"* Outcome is a
  weighted value",,ASCS - question 7a,"* Outcome is a
  weighted value",,ASCS - question 7a,"* Outcome is a
  weighted value",,ASCS - question 7a,"* Outcome is a
  weighted value"
,Confidence Interval,Base,Outcome,MALE Confidence Interval,MALE Base,MALE Outcome,FEMALE Confidence Interval,FEMALE Base,FEMALE Outcome,18 to 64 Confidence Interval,18 to 64 Base,18 to 64 Outcome,65 and over Confidence Interval,65 and over Base,65 and over Outcome
Cumbria,3.8,490,68.8,5.9,205,73.7,5.2,290,65.6,6.9,170,61.7,4.6,325,71.8
Northumberland,3.6,475,73.3,5.8,190,74.4,4.8,285,72.7,6.4,170,65.9,4.4,300,76.7
Gateshead,4.1,455,67.3,6.8,175,65.3,5.3,280,68.4,7.0,140,64.6,5.0,315,68.4
Newcastle upon Tyne,4.1,415,69.4,6.5,175,72.5,5.6,240,67.1,6.9,150,68.5,5.2,265,69.9
North Tyneside,3.6,490,74.3,5.9,190,78.7,4.8,295,71.8,4.6,240,78.4,5.0,250,72.0
South Tyneside,4.6,330,69.7,8.1,120,67.5,5.9,210,70.9,9.2,90,65.7,5.4,240,71.3
Sunderland,3.2,530,76.1,5.2,205,80.1,4.3,325,73.6,5.1,200,75.4,4.1,330,76.4
Hartlepool,3.5,545,65.8,6.1,200,67.2,4.5,350,65.0,6.8,135,55.3,4.1,410,70.5
Middlesbrough,3.6,465,73.1,5.6,200,74.5,5.0,265,72.1,5.8,195,71.0,4.6,265,74.5
Redcar and Cleveland,4.3,405,64.8,7.9,130,66.9,5.3,280,63.8,8.1,125,61.4,5.1,285,66.3
Stockton-on-Tees,4.1,490,61.6,7.3,170,64.6,5.1,320,60.1,7.0,185,57.1,5.1,305,63.9
Durham,4.1,460,67.4,6.5,180,69.4,5.5,280,66.1,8.0,135,63.7,4.7,325,69.4
Darlington,4.6,325,69.5,8.0,135,65.7,6.0,190,72.1,8.9,105,61.2,5.4,220,73.8
Barnsley,5.3,360,71.0,8.8,130,77.8,6.9,230,66.9,10.3,105,73.9,5.4,255,68.9
Doncaster,4.6,400,59.8,7.1,165,62.0,6.2,235,58.3,6.2,190,57.9,6.4,210,61.1
Rotherham,4.2,395,68.8,7.0,140,72.1,5.5,255,67.0,6.4,175,64.2,5.6,220,72.2
Sheffield,4.9,380,58.8,8.5,115,62.7,6.0,265,57.1,8.2,120,56.8,6.1,260,59.8
Bradford,3.8,860,71.5,5.8,385,73.8,5.1,475,69.5,6.3,350,73.5,4.3,510,69.7
Calderdale,4.0,475,66.9,6.5,205,70.3,5.3,270,64.7,6.3,210,63.1,5.1,265,68.8
Kirklees,3.5,685,62.6,5.9,255,65.4,4.5,430,61.1,6.6,215,62.4,4.1,470,62.7
Leeds,4.2,470,60.2,7.4,170,56.0,5.0,300,63.0,8.1,140,43.5,4.7,330,70.0
Wakefield,4.2,395,70.4,7.0,145,73.2,5.4,255,68.9,7.3,140,66.1,5.1,255,72.8
East Riding of Yorkshire,2.9,840,72.4,4.8,340,72.3,3.9,500,72.4,4.2,380,64.5,3.9,460,76.1
Kingston upon Hull,4.3,405,66.0,7.3,155,62.5,5.4,250,68.2,8.3,125,62.8,4.9,280,67.6
North East Lincolnshire,4.3,380,65.2,6.8,145,69.6,5.9,235,62.4,7.8,130,55.0,5.2,250,69.4
North Lincolnshire,4.5,330,72.1,8.8,105,71.5,5.3,225,72.4,7.3,130,70.5,5.7,200,73.3
North Yorkshire,3.9,500,69.7,5.8,205,73.4,5.3,295,67.1,7.5,135,70.2,4.6,360,69.5
York,3.6,595,63.4,6.3,220,64.3,4.7,375,63.0,7.6,140,67.8,4.2,455,62.2
Bolton,3.9,625,61.4,6.4,250,56.5,5.2,375,65.2,7.1,180,51.8,3.9,445,70.2
Bury,4.2,350,75.1,6.9,140,76.4,5.6,205,74.2,6.0,160,77.5,5.9,185,73.0
Manchester,5.0,355,60.5,8.0,145,62.9,6.7,215,58.8,7.5,150,51.6,6.7,205,69.4
Oldham,4.2,335,72.3,6.7,145,76.6,5.5,190,69.0,8.4,110,68.2,4.6,225,74.7
Rochdale,4.0,510,55.3,6.7,195,56.8,5.1,310,54.3,6.7,180,53.2,4.9,325,56.6
Salford,2.5,"1,180",57.2,4.2,485,58.1,3.3,695,56.6,3.5,530,51.4,3.3,650,60.2
Stockport,4.5,425,63.5,6.7,195,67.7,6.2,230,60.1,7.6,160,62.8,5.5,265,64.0
Tameside,4.2,410,62.0,7.5,155,61.4,5.2,255,62.4,8.0,120,53.3,4.9,290,66.0
Trafford,4.9,365,66.4,8.2,130,72.4,6.2,230,62.9,9.8,100,61.5,5.3,265,69.3
Wigan,4.3,400,64.1,6.8,150,69.1,5.7,250,60.9,7.9,120,55.7,5.1,280,68.4
Knowsley,3.9,470,69.2,6.3,205,69.0,5.5,265,69.3,6.2,180,70.3,5.1,290,68.5
Liverpool,3.5,640,70.5,5.1,295,72.9,4.9,345,68.7,5.4,270,69.7,4.5,365,70.9
Sefton,4.1,400,68.7,6.6,160,67.1,5.4,240,69.7,7.2,140,60.8,5.0,260,72.7
St. Helens,5.5,315,64.5,10.0,105,63.0,6.8,205,65.2,12.8,75,63.1,6.0,240,64.9
Wirral,3.8,540,66.9,6.3,200,66.0,4.8,340,67.5,6.9,170,66.8,4.5,370,67.0
Halton,3.6,590,67.8,6.1,235,67.2,4.8,355,68.3,5.1,195,71.2,4.4,390,66.8
Warrington,4.4,365,73.9,8.1,135,71.8,5.5,235,75.0,7.1,130,70.3,5.5,235,75.5
Lancashire,3.9,430,66.4,6.3,165,70.9,5.1,265,63.6,6.3,175,58.6,5.1,260,71.0
Blackburn with Darwen,2.8,365,81.8,5.2,120,88.5,4.0,245,78.8,4.2,105,87.3,3.4,260,80.2
Blackpool,3.9,390,69.6,5.1,245,68.7,6.6,145,71.2,8.2,110,66.6,4.4,280,70.7
Cheshire East,4.8,345,69.2,7.7,130,71.6,6.3,215,67.6,7.6,130,70.9,6.1,210,67.8
Cheshire West and Chester,4.0,685,69.6,6.7,290,67.8,5.1,395,70.7,6.0,410,66.8,5.2,270,72.6
Warwickshire,3.8,485,70.5,6.8,180,68.4,4.7,305,71.8,6.8,140,75.6,4.6,345,68.3
Birmingham,3.8,500,69.2,5.8,210,72.4,5.1,295,67.0,6.6,180,66.7,4.6,320,70.4
Coventry,4.4,395,69.3,7.4,145,73.4,5.5,250,66.9,8.0,140,62.4,5.1,255,73.4
Dudley,3.3,625,70.8,5.4,270,69.7,4.4,355,71.5,4.4,280,71.7,4.3,350,70.3
Sandwell,4.0,405,73.5,7.3,145,73.2,4.9,260,73.6,6.5,150,71.8,4.9,255,74.2
Solihull,3.6,535,62.7,5.9,210,64.2,4.9,325,61.8,6.5,185,58.9,4.4,355,65.0
Walsall,2.1,"1,095",72.6,4.0,415,74.0,2.8,680,71.8,3.4,380,74.3,2.6,715,71.8
Wolverhampton,4.5,325,73.2,7.2,145,70.3,6.1,180,75.5,7.8,110,74.7,5.5,215,72.4
Staffordshire,4.8,365,60.3,8.2,120,62.8,6.1,240,59.2,8.6,100,58.1,5.9,260,61.8
Stoke-on-Trent,4.5,365,63.2,7.8,145,60.7,5.7,220,64.9,8.4,120,55.4,5.3,245,67.9
Herefordshire,4.5,370,67.1,8.0,125,72.7,5.6,245,63.9,8.7,95,72.0,5.0,270,64.4
Worcestershire,4.0,440,71.7,6.1,185,75.2,5.5,250,69.1,7.2,150,68.4,4.9,285,73.5
Shropshire,4.8,330,62.8,7.7,130,60.9,6.3,195,64.1,7.5,150,60.8,6.1,180,64.6
Telford and the Wrekin,4.1,440,63.8,6.5,190,64.2,5.6,250,63.5,6.1,210,59.0,5.5,230,67.0
Lincolnshire,4.3,430,62.8,7.5,150,63.8,5.2,280,62.3,8.6,105,60.2,4.9,325,63.8
Northamptonshire,4.3,440,65.0,7.1,160,69.3,5.5,280,62.7,6.8,170,67.3,5.5,270,63.9
Derbyshire,3.6,685,67.2,5.8,295,66.0,4.7,395,67.9,4.7,315,69.9,4.7,370,66.1
Derby,4.0,425,70.8,6.5,150,76.1,5.2,275,67.8,7.3,140,70.0,4.7,290,71.2
Leicestershire,4.6,380,67.3,7.5,150,66.0,5.8,235,68.1,8.3,125,65.6,5.5,255,68.1
Leicester,3.6,605,61.6,5.7,280,60.2,5.0,325,62.7,5.1,315,61.0,5.1,290,62.0
Rutland,5.4,125,73.8,11.2,35,84.1,7.3,90,69.7,9.9,35,82.0,6.5,95,70.5
Nottinghamshire,4.6,365,65.9,8.3,130,59.5,5.6,235,69.5,7.9,130,64.1,5.7,235,67.0
Nottingham,3.9,540,64.3,6.3,225,62.6,5.2,310,65.5,6.6,205,61.4,4.9,335,65.7
Hertfordshire,4.3,345,66.0,7.7,130,63.5,5.8,215,67.4,6.9,135,60.1,5.5,210,69.6
Norfolk,4.0,455,69.6,6.7,170,72.2,5.1,285,67.9,7.7,130,65.2,4.6,325,71.9
Oxfordshire,4.0,480,68.5,6.4,185,70.2,5.2,295,67.5,5.5,240,69.3,5.5,245,68.0
Suffolk,3.7,685,69.9,6.4,240,70.5,4.6,440,69.7,6.1,265,62.6,4.6,415,73.2
Luton,3.8,510,65.9,5.8,230,66.2,5.4,280,65.6,5.6,230,67.6,5.1,280,64.7
Buckinghamshire,4.1,500,61.6,6.7,185,64.6,5.3,315,59.9,8.3,130,64.9,4.7,375,60.3
Milton Keynes,3.9,455,66.4,6.7,175,62.4,5.1,280,68.9,6.7,140,67.1,4.7,315,66.1
Bracknell Forest,2.5,725,63.4,5.0,285,65.1,3.7,440,62.3,4.1,320,60.0,3.3,400,66.4
West Berkshire,3.7,455,63.9,6.2,180,69.2,5.0,275,60.3,6.5,160,56.8,4.3,295,69.1
Reading,3.7,425,69.0,6.2,185,67.1,5.3,240,70.4,5.9,165,69.4,4.9,260,68.6
Slough,4.5,340,65.3,7.7,130,74.7,6.1,210,60.1,6.5,170,69.8,6.3,170,61.8
Windsor and Maidenhead,4.2,310,67.5,7.8,105,72.1,5.4,210,65.2,7.3,105,64.8,5.2,205,69.1
Wokingham,4.7,310,66.2,7.1,135,74.2,6.8,175,60.0,6.9,150,63.3,6.2,160,69.6
Essex,2.9,690,62.9,5.1,270,66.9,4.0,420,60.5,4.7,275,60.2,3.8,415,64.7
Southend-on-Sea,4.0,390,69.1,8.2,125,67.5,4.8,265,69.9,7.7,115,66.4,4.8,275,70.2
Thurrock,4.3,365,64.2,8.8,110,66.3,5.2,260,63.2,10.6,75,47.3,4.6,295,69.4
Cambridgeshire,3.7,545,67.8,6.3,215,62.4,4.6,335,71.1,6.3,195,65.0,4.5,350,69.3
Peterborough,3.5,580,63.9,6.2,215,62.1,4.7,360,64.9,6.3,190,63.9,4.2,390,63.9
Bedford,3.8,430,64.7,6.3,165,67.4,5.3,260,63.0,6.7,155,59.1,4.7,275,68.0
Central Bedfordshire,4.0,440,66.0,7.0,175,63.1,5.2,265,67.8,7.3,145,64.4,4.9,295,66.7
Camden,4.7,385,57.5,7.3,165,60.5,6.7,200,53.4,7.2,165,54.7,6.0,220,60.1
Greenwich,4.5,390,60.4,7.2,155,64.5,6.0,230,57.7,6.0,195,59.0,6.6,190,61.8
Hackney,5.1,305,61.5,8.1,115,68.4,6.8,190,57.4,7.1,165,63.5,7.5,140,59.2
Hammersmith and Fulham,4.9,345,59.7,7.6,145,65.7,6.6,200,55.4,8.7,110,63.7,5.9,235,57.6
Islington,2.5,990,59.8,4.4,415,60.2,3.5,575,59.5,4.3,395,50.8,3.0,595,66.9
Kensington and Chelsea,5.0,330,57.5,8.6,125,60.1,6.6,205,55.9,7.1,145,53.0,6.6,185,59.5
Lambeth,4.4,430,61.7,7.0,185,62.7,5.9,250,61.0,6.3,220,56.1,6.2,210,67.1
Lewisham,3.4,765,64.5,5.2,355,65.8,4.7,405,63.4,5.1,385,61.8,4.5,380,66.6
Southwark,2.1,"1,250",60.4,3.6,510,64.7,3.1,745,57.5,3.5,460,59.5,2.7,790,60.9
Tower Hamlets,2.3,"1,105",63.5,3.8,495,65.0,3.4,610,62.2,3.9,445,59.9,2.8,660,66.4
Wandsworth,3.1,690,60.8,4.9,310,63.2,4.5,380,59.0,4.4,335,58.8,4.4,355,62.5
Westminster,4.8,370,61.7,7.7,150,64.7,6.4,220,59.9,6.7,185,60.0,6.8,185,63.0
City of London,..,..,..,..,..,..,..,..,..,..,..,..,..,..,..
Barking and Dagenham,4.3,345,73.2,8.6,130,69.1,4.8,215,75.6,7.1,155,60.5,5.2,190,83.1
Barnet,3.9,480,65.2,6.3,195,65.7,5.3,285,64.8,6.9,170,64.0,4.8,310,65.9
Bexley,5.0,340,54.7,8.2,135,59.9,6.6,205,51.2,7.5,160,52.7,6.7,185,56.9
Brent,3.5,495,63.2,5.6,225,61.2,5.1,270,64.8,5.0,200,70.2,4.8,295,58.7
Bromley,3.5,725,66.5,5.7,280,72.9,4.6,445,63.2,3.8,345,70.3,4.7,380,64.9
Croydon,4.3,415,64.0,7.1,150,67.8,5.5,265,61.9,7.1,155,60.5,5.4,260,65.7
Ealing,4.7,430,62.3,6.8,210,65.6,6.8,220,59.2,7.7,150,69.2,5.9,280,58.6
Enfield,3.7,580,63.0,6.3,215,65.3,4.7,365,61.6,5.9,225,59.9,4.8,350,64.9
Haringey,4.7,345,63.9,7.5,135,65.0,6.3,210,63.2,6.7,160,58.9,6.6,185,67.6
Harrow,4.3,420,56.9,7.6,150,60.4,5.4,270,54.9,7.3,150,54.8,5.3,270,58.1
Havering,4.5,390,63.8,8.1,115,72.6,5.6,275,60.2,7.9,125,64.5,5.5,265,63.6
Hillingdon,3.5,560,63.6,5.7,235,68.4,4.8,330,60.3,5.6,220,65.3,4.6,340,62.7
Hounslow,3.4,605,58.5,5.9,250,59.6,4.7,355,57.7,6.0,230,54.9,4.0,370,61.3
Kingston upon Thames,5.2,290,60.2,8.8,115,57.8,7.0,175,61.7,7.9,140,59.8,7.0,150,60.6
Merton,3.4,515,68.9,5.5,210,74.3,4.8,305,65.1,5.7,195,67.8,4.2,320,69.5
Newham,3.8,575,67.8,5.6,235,76.7,5.3,335,62.7,4.4,340,69.0,5.8,235,67.0
Redbridge,4.4,365,71.2,7.2,140,73.4,5.9,225,69.9,8.0,100,75.4,5.3,265,69.8
Richmond upon Thames,4.4,295,71.3,6.4,130,77.4,6.5,165,66.6,7.1,100,74.5,5.7,190,69.5
Sutton,4.0,395,63.2,7.1,160,63.9,5.2,235,62.8,6.6,155,64.4,5.1,240,62.5
Waltham Forest,5.0,320,60.1,8.0,135,64.4,6.7,185,57.1,7.2,165,59.3,6.9,155,61.0
Isle of Wight,3.4,465,74.4,6.3,170,71.9,4.3,295,75.8,6.6,155,68.0,3.9,310,77.5
Surrey,3.6,580,70.4,5.7,240,72.5,4.8,345,68.9,6.2,200,70.9,4.4,380,70.2
West Sussex,4.1,445,68.7,6.9,160,70.6,5.2,285,67.7,7.2,155,67.1,5.0,290,69.7
Dorset,4.3,395,59.4,6.6,170,66.8,6.1,225,54.1,6.0,195,54.3,6.0,200,63.3
Bournemouth,3.5,495,71.4,5.6,215,72.5,4.8,280,70.5,5.5,205,63.9,4.4,295,74.9
Poole,4.4,365,65.8,7.5,140,68.5,5.9,225,64.0,9.1,95,63.8,5.0,270,66.7
Hampshire,2.6,"1,140",69.0,4.3,445,69.9,3.3,695,68.6,3.6,535,68.8,3.4,605,69.1
Portsmouth,3.0,615,64.5,5.4,230,64.8,4.1,385,64.3,4.6,250,69.5,4.0,365,61.5
Southampton,5.2,370,59.5,8.7,135,62.2,6.8,235,57.9,9.1,115,53.8,6.3,255,63.5
East Sussex,4.3,450,63.0,7.2,160,66.4,5.4,290,61.1,8.5,115,65.4,4.9,335,61.9
Brighton and Hove,4.3,325,75.5,7.2,140,72.5,5.5,185,77.7,7.6,125,68.1,5.2,200,79.8
Wiltshire,4.5,380,67.5,6.9,140,71.3,5.9,240,65.4,7.6,115,76.6,5.5,265,63.8
Swindon,4.5,365,59.1,7.7,140,56.5,5.7,225,60.6,6.5,175,51.6,6.2,190,64.9
Kent,3.7,595,65.0,6.0,215,67.6,4.7,380,63.4,6.0,230,63.1,4.6,365,66.2
Medway Towns,4.4,380,64.1,7.2,150,63.8,5.8,230,64.3,7.5,125,65.8,5.4,255,63.1
Cornwall,4.1,435,66.6,6.9,155,65.0,5.3,275,67.3,8.0,125,65.7,4.8,310,66.9
Gloucestershire,3.8,500,66.5,6.5,195,64.5,4.9,305,67.7,7.2,155,69.5,4.4,345,65.0
Somerset,3.7,535,67.1,6.2,190,68.2,4.7,345,66.5,7.3,165,59.2,4.3,370,70.5
Isles of Scilly,..,..,..,..,..,..,..,..,..,..,..,..,..,..,..
Bath and North East Somerset,3.5,480,70.4,6.4,175,69.1,4.5,305,71.2,5.4,190,71.4,4.5,290,69.9
Bristol,4.1,465,56.7,6.9,185,60.6,5.5,280,54.2,6.5,185,52.7,5.3,285,58.7
North Somerset,4.1,380,70.8,6.5,145,75.7,5.6,235,67.6,6.9,120,70.0,5.1,260,71.1
South Gloucestershire,3.4,530,70.1,6.0,195,70.8,4.5,335,69.7,5.9,195,64.3,4.3,335,73.3
Devon,4.6,405,65.9,7.2,160,66.9,6.0,245,65.2,7.4,170,58.3,5.8,235,71.9
Plymouth,4.4,370,69.2,6.9,160,71.1,5.9,215,67.7,7.0,150,69.7,5.6,225,68.9
Torbay,4.6,375,62.3,7.2,155,66.1,6.3,215,59.6,6.8,180,58.5,6.4,195,65.5
,,,,,,,,,,,,,,,
ENGLAND,0.4,"72,025",66.0,0.7,"28,475",67.6,0.5,"43,520",65.1,0.7,"27,335",63.5,0.5,"44,685",67.4
Number of councils the national total is based on,150,150,150,150,150,150,150,150,150,150,150,150,150,150,150
,,,,,,,,,,,,,,,
Shire Counties,0.8,"13,765",66.5,1.4,"5,275",68.0,1.1,"8,490",65.7,1.5,"5,020",64.2,1.0,"8,740",67.8
Unitary Authorities,0.7,"24,185",66.7,1.1,"9,460",67.4,0.9,"14,725",66.2,1.2,"8,925",64.3,0.9,"15,260",68.0
Metropolitan Districts,0.7,"17,845",66.4,1.2,"7,075",68.2,1.0,"10,770",65.3,1.3,"6,535",63.2,0.9,"11,305",68.2
Inner London,1.2,"7,355",60.9,1.9,"3,130",63.9,1.6,"4,210",58.7,1.8,"3,205",58.5,1.6,"4,155",62.9
Outer London,1.0,"8,870",64.1,1.6,"3,540",67.1,1.3,"5,330",62.2,1.6,"3,645",62.9,1.3,"5,225",64.7
,,,,,,,,,,,,,,,
North East,1.4,"5,385",68.7,2.2,"2,070",70.3,1.8,"3,315",67.6,2.6,"1,880",65.1,1.6,"3,505",70.5
North West,1.0,"10,970",66.2,1.6,"4,480",68.1,1.4,"6,485",65.0,1.8,"4,070",61.5,1.3,"6,900",68.8
Yorkshire and the Humber,1.1,"7,475",66.2,1.9,"2,880",68.4,1.5,"4,595",64.9,2.0,"2,690",63.8,1.4,"4,785",67.4
East Midlands,1.5,"4,005",65.5,2.6,"1,575",64.7,2.0,"2,425",65.9,2.6,"1,540",64.8,1.9,"2,460",65.8
West Midlands,1.4,"6,675",66.7,2.3,"2,610",67.9,1.9,"4,060",66.0,2.5,"2,390",64.4,1.7,"4,280",68.0
South West,1.4,"6,480",66.3,2.2,"2,530",67.6,1.8,"3,950",65.5,2.4,"2,420",64.1,1.7,"4,060",67.5
Eastern,1.5,"5,435",67.8,2.5,"2,050",67.6,1.9,"3,385",67.9,2.7,"1,905",63.4,1.8,"3,530",70.0
London,0.8,"16,230",62.8,1.2,"6,670",65.7,1.0,"9,540",60.8,1.2,"6,850",61.0,1.0,"9,380",64.0
South East,1.2,"9,370",66.4,1.9,"3,610",68.4,1.5,"5,765",65.2,2.0,"3,585",65.7,1.4,"5,785",66.8
,,,,,,,,,,,,,,,
,,,,,,,,,,,,,,,
Notes:,,,,,,,,,,,,,,,
..  represents data that are unavailable.,,,,,,,,,,,,,,,
"-  means constituent values less than six are suppressed. However, for Delayed Transfers of Care data (which are averages of 12 monthly values) the equivalent suppression is achieved by suppressing 
    annual values less than 0.5 (6/12) and for survey data, values of less than three are supressed. Where elements of an indicator are suppressed the indicator itself is also suppressed. 
    Measure 1F and 1H for 2013-14 have outcome data (the annual outcome is based on an average of the monthly outcomes), but not numerators and denominators, which are available for each month 
    with the ASCOF publication on the HSCIC website http://www.hscic.gov.uk/pubs/adusoccareof1314fin . Outcomes for 1F and 1H have been suppressed if the annual average numerator or 
   denominator is less than 0.5 (6/12).",,,,,,,,,,,,,,,
"1. Numerator and denominator values used to calculate the indicator are rounded to the nearest five. The exception is for Measure 2C, where the numerators are rounded to the nearest one.",,,,,,,,,,,,,,,
"2. 1A, 1B, 1D, 1I, 3A, 3B, 3C, 3D, 4A and 4B are based on survey data. The base for 1A, 1B, 1I, 3A, 3D, 4A and 4B (i.e. the number of responses on which the outcome is based) should be taken into 
    account when assessing the reliability of the outcome values. Outcomes based on a small base should be treated with caution.",,,,,,,,,,,,,,,
"3. 1A, 1B, 1I(1), 3A, 3D(1), 4A and 4B have been weighted to reflect that a stratified sample was taken and to account for non-response bias.",,,,,,,,,,,,,,,
"4. 1D, 1I(2), 3B, 3C and 3D(2) are based solely on the Carers' survey. This is a biennial survey which took place for the first time in 2012-13, therefore no data are available for 2013-14.",,,,,,,,,,,,,,,
,,,,,,,,,,,,,,,
,,,,,,,,,,,,,,,
,,,,,,,,,,,,,,,
,,,,,,,,,,,,,,,
,,,,,,,,,,,,,,,
,,,,,,,,,,,,,,,
,,,,,,,,,,,,,,,
,,,,,,,,,,,,,,,
,,,,,,,,,,,,,,,
,,,,,,,,,,,,,,,
,,,,,,,,,,,,,,,
,,,,,,,,,,,,,,,
,,,,,,,,,,,,,,,
,,,,,,,,,,,,,,,
,,,,,,,,,,,,,,,
,,,,,,,,,,,,,,,
,,,,,,,,,,,,,,,
,,,,,,,,,,,,,,,
,,,,,,,,,,,,,,,
,,,,,,,,,,,,,,,
,,,,,,,,,,,,,,,
,,,,,,,,,,,,,,,
,,,,,,,,,,,,,,,
,,,,,,,,,,,,,,,
,,,,,,,,,,,,,,,
,,,,,,,,,,,,,,,
,,,,,,,,,,,,,,,
,,,,,,,,,,,,,,,
,,,,,,,,,,,,,,,
,,,,,,,,,,,,,,,
,,,,,,,,,,,,,,,
,,,,,,,,,,,,,,,
,,,,,,,,,,,,,,,
,,,,,,,,,,,,,,,
,,,,,,,,,,,,,,,
,,,,,,,,,,,,,,,
,,,,,,,,,,,,,,,
,,,,,,,,,,,,,,,
,,,,,,,,,,,,,,,
,,,,,,,,,,,,,,,
,,,,,,,,,,,,,,,
,,,,,,,,,,,,,,,
,,,,,,,,,,,,,,,
,,,,,,,,,,,,,,,
,,,,,,,,,,,,,,,
,,,,,,,,,,,,,,,
,,,,,,,,,,,,,,,
,,,,,,,,,,,,,,,
,,,,,,,,,,,,,,,
,,,,,,,,,,,,,,,
,,,,,,,,,,,,,,,
,,,,,,,,,,,,,,,
,,,,,,,,,,,,,,,
,,,,,,,,,,,,,,,
,,,,,,,,,,,,,,,
,,,,,,,,,,,,,,,
,,,,,,,,,,,,,,,
,,,,,,,,,,,,,,,
,,,,,,,,,,,,,,,
,,,,,,,,,,,,,,,
,,,,,,,,,,,,,,,
,,,,,,,,,,,,,,,
,,,,,,,,,,,,,,,
,,,,,,,,,,,,,,,
,,,,,,,,,,,,,,,
,,,,,,,,,,,,,,,
,,,,,,,,,,,,,,,
,,,,,,,,,,,,,,,
,,,,,,,,,,,,,,,
,,,,,,,,,,,,,,,
,,,,,,,,,,,,,,,
,,,,,,,,,,,,,,,
,,,,,,,,,,,,,,,
,,,,,,,,,,,,,,,
,,,,,,,,,,,,,,,
,,,,,,,,,,,,,,,
,,,,,,,,,,,,,,,
,,,,,,,,,,,,,,,
,,,,,,,,,,,,,,,
,,,,,,,,,,,,,,,
,,,,,,,,,,,,,,,
,,,,,,,,,,,,,,,
,,,,,,,,,,,,,,,
,,,,,,,,,,,,,,,
,,,,,,,,,,,,,,,
,,,,,,,,,,,,,,,
,,,,,,,,,,,,,,,
,,,,,,,,,,,,,,,
,,,,,,,,,,,,,,,
,,,,,,,,,,,,,,,
,,,,,,,,,,,,,,,
,,,,,,,,,,,,,,,
,,,,,,,,,,,,,,,
,,,,,,,,,,,,,,,
,,,,,,,,,,,,,,,
,,,,,,,,,,,,,,,
,,,,,,,,,,,,,,,
,,,,,,,,,,,,,,,
,,,,,,,,,,,,,,,
,,,,,,,,,,,,,,,
,,,,,,,,,,,,,,,
,,,,,,,,,,,,,,,
,,,,,,,,,,,,,,,
,,,,,,,,,,,,,,,
,,,,,,,,,,,,,,,
,,,,,,,,,,,,,,,
,,,,,,,,,,,,,,,
,,,,,,,,,,,,,,,
,,,,,,,,,,,,,,,
,,,,,,,,,,,,,,,
,,,,,,,,,,,,,,,
,,,,,,,,,,,,,,,
,,,,,,,,,,,,,,,
,,,,,,,,,,,,,,,
,,,,,,,,,,,,,,,
,,,,,,,,,,,,,,,
,,,,,,,,,,,,,,,
,,,,,,,,,,,,,,,
,,,,,,,,,,,,,,,
,,,,,,,,,,,,,,,
,,,,,,,,,,,,,,,
,,,,,,,,,,,,,,,
,,,,,,,,,,,,,,,
,,,,,,,,,,,,,,,
,,,,,,,,,,,,,,,
,,,,,,,,,,,,,,,
,,,,,,,,,,,,,,,
,,,,,,,,,,,,,,,
,,,,,,,,,,,,,,,
,,,,,,,,,,,,,,,
,,,,,,,,,,,,,,,
,,,,,,,,,,,,,,,
,,,,,,,,,,,,,,,
,,,,,,,,,,,,,,,
,,,,,,,,,,,,,,,
,,,,,,,,,,,,,,,
,,,,,,,,,,,,,,,
,,,,,,,,,,,,,,,
,,,,,,,,,,,,,,,
,,,,,,,,,,,,,,,
,,,,,,,,,,,,,,,
,,,,,,,,,,,,,,,
,,,,,,,,,,,,,,,
,,,,,,,,,,,,,,,
,,,,,,,,,,,,,,,
,,,,,,,,,,,,,,,
,,,,,,,,,,,,,,,
,,,,,,,,,,,,,,,
,,,,,,,,,,,,,,,
,,,,,,,,,,,,,,,
,,,,,,,,,,,,,,,
,,,,,,,,,,,,,,,
,,,,,,,,,,,,,,,
,,,,,,,,,,,,,,,
,,,,,,,,,,,,,,,
,,,,,,,,,,,,,,,
,,,,,,,,,,,,,,,
,,,,,,,,,,,,,,,
,,,,,,,,,,,,,,,
,,,,,,,,,,,,,,,
,,,,,,,,,,,,,,,
,,,,,,,,,,,,,,,
,,,,,,,,,,,,,,,
,,,,,,,,,,,,,,,
,,,,,,,,,,,,,,,
,,,,,,,,,,,,,,,
,,,,,,,,,,,,,,,
,,,,,,,,,,,,,,,
,,,,,,,,,,,,,,,
,,,,,,,,,,,,,,,
,,,,,,,,,,,,,,,
,,,,,,,,,,,,,,,
,,,,,,,,,,,,,,,
,,,,,,,,,,,,,,,
,,,,,,,,,,,,,,,
,,,,,,,,,,,,,,,
,,,,,,,,,,,,,,,
,,,,,,,,,,,,,,,
,,,,,,,,,,,,,,,
,,,,,,,,,,,,,,,
,,,,,,,,,,,,,,,
,,,,,,,,,,,,,,,
,,,,,,,,,,,,,,,
,,,,,,,,,,,,,,,
,,,,,,,,,,,,,,,
,,,,,,,,,,,,,,,
,,,,,,,,,,,,,,,
,,,,,,,,,,,,,,,
,,,,,,,,,,,,,,,
,,,,,,,,,,,,,,,
,,,,,,,,,,,,,,,
,,,,,,,,,,,,,,,
,,,,,,,,,,,,,,,
,,,,,,,,,,,,,,,
,,,,,,,,,,,,,,,
,,,,,,,,,,,,,,,
,,,,,,,,,,,,,,,
,,,,,,,,,,,,,,,
,,,,,,,,,,,,,,,
,,,,,,,,,,,,,,,
