ASCOF Outcomes 2013-14,"Delayed transfers of care from hospital which are attributable to adult social care per 100,000 population",,,,,,,,,,,,
,TOTAL,,,,,,,,,,,,
,2C(2),2C(2),2C(2),,,,,,,,,,
,Numerator,Denominator,Outcome,,,,,,,,,,
,,,,,,,,,,,,,
,Average number of delayed transfers of care on a particular day taken over the year that are attributable to social care or jointly to social care and the NHS (aged 18 and over) - this is the average of the 12 monthly snapshots,Size of the adult population in area (aged 18 and over),"Average number of delayed transfers of care on a particular day taken over the year that are attributable to social care or jointly to social care and the NHS divided by the size of the adult population in the area (aged 18 and over) multiplied by 100,000",,,,,,,,,,
,Delayed Transfers of Care (DToC),"ONS, mid-year population estimates",,,,,,,,,,,
,,,,,,,,,,,,,
Cumbria,10,"404,065",2.4,,,,,,,,,,
Northumberland,6,"255,420",2.3,,,,,,,,,,
Gateshead,5,"159,800",3.3,,,,,,,,,,
Newcastle upon Tyne,4,"231,455",1.9,,,,,,,,,,
North Tyneside,3,"161,680",1.8,,,,,,,,,,
South Tyneside,1,"119,085",1.2,,,,,,,,,,
Sunderland,11,"221,535",4.8,,,,,,,,,,
Hartlepool,-,"72,480",-,,,,,,,,,,
Middlesbrough,3,"107,220",2.5,,,,,,,,,,
Redcar and Cleveland,3,"107,470",2.7,,,,,,,,,,
Stockton-on-Tees,1,"150,920",0.4,,,,,,,,,,
Durham,4,"415,740",1.0,,,,,,,,,,
Darlington,1,"82,635",0.8,,,,,,,,,,
Barnsley,1,"186,295",0.3,,,,,,,,,,
Doncaster,6,"238,645",2.7,,,,,,,,,,
Rotherham,2,"202,590",1.0,,,,,,,,,,
Sheffield,22,"445,430",4.9,,,,,,,,,,
Bradford,5,"388,065",1.2,,,,,,,,,,
Calderdale,3,"160,675",1.7,,,,,,,,,,
Kirklees,5,"330,310",1.6,,,,,,,,,,
Leeds,14,"602,910",2.3,,,,,,,,,,
Wakefield,4,"260,845",1.5,,,,,,,,,,
East Riding of Yorkshire,4,"272,605",1.5,,,,,,,,,,
Kingston upon Hull,1,"202,325",0.7,,,,,,,,,,
North East Lincolnshire,4,"125,405",3.3,,,,,,,,,,
North Lincolnshire,2,"133,410",1.1,,,,,,,,,,
North Yorkshire,15,"484,430",3.1,,,,,,,,,,
York,19,"166,100",11.1,,,,,,,,,,
Bolton,4,"214,210",2.0,,,,,,,,,,
Bury,2,"144,170",1.4,,,,,,,,,,
Manchester,16,"401,610",4.0,,,,,,,,,,
Oldham,-,"170,145",-,,,,,,,,,,
Rochdale,2,"161,560",1.0,,,,,,,,,,
Salford,1,"186,745",0.3,,,,,,,,,,
Stockport,-,"224,010",-,,,,,,,,,,
Tameside,3,"171,930",2.0,,,,,,,,,,
Trafford,7,"177,255",3.8,,,,,,,,,,
Wigan,2,"251,915",0.7,,,,,,,,,,
Knowsley,2,"113,705",1.3,,,,,,,,,,
Liverpool,8,"381,380",2.2,,,,,,,,,,
Sefton,4,"219,645",1.8,,,,,,,,,,
St. Helens,2,"139,950",1.4,,,,,,,,,,
Wirral,4,"252,840",1.6,,,,,,,,,,
Halton,1,"97,820",0.9,,,,,,,,,,
Warrington,3,"160,810",2.1,,,,,,,,,,
Lancashire,10,"936,100",1.1,,,,,,,,,,
Blackburn with Darwen,-,"108,835",-,,,,,,,,,,
Blackpool,6,"112,370",5.0,,,,,,,,,,
Cheshire East,2,"297,775",0.7,,,,,,,,,,
Cheshire West and Chester,2,"264,905",0.7,,,,,,,,,,
Warwickshire,8,"436,800",1.8,,,,,,,,,,
Birmingham,87,"812,305",10.7,,,,,,,,,,
Coventry,16,"256,635",6.2,,,,,,,,,,
Dudley,18,"246,785",7.3,,,,,,,,,,
Sandwell,10,"237,460",4.3,,,,,,,,,,
Solihull,6,"163,585",3.7,,,,,,,,,,
Walsall,6,"208,275",3.0,,,,,,,,,,
Wolverhampton,8,"194,710",4.1,,,,,,,,,,
Staffordshire,35,"686,780",5.1,,,,,,,,,,
Stoke-on-Trent,7,"195,150",3.5,,,,,,,,,,
Herefordshire,5,"150,025",3.1,,,,,,,,,,
Worcestershire,16,"457,205",3.5,,,,,,,,,,
Shropshire,8,"248,550",3.1,,,,,,,,,,
Telford and the Wrekin,2,"129,500",1.8,,,,,,,,,,
Lincolnshire,8,"583,730",1.4,,,,,,,,,,
Northamptonshire,11,"547,425",2.1,,,,,,,,,,
Derbyshire,30,"621,360",4.8,,,,,,,,,,
Derby,2,"193,590",1.0,,,,,,,,,,
Leicestershire,13,"526,920",2.4,,,,,,,,,,
Leicester,14,"254,325",5.3,,,,,,,,,,
Rutland,2,"29,840",5.6,,,,,,,,,,
Nottinghamshire,23,"633,575",3.6,,,,,,,,,,
Nottingham,7,"246,985",2.8,,,,,,,,,,
Hertfordshire,52,"882,290",5.9,,,,,,,,,,
Norfolk,14,"703,640",2.0,,,,,,,,,,
Oxfordshire,72,"525,860",13.6,,,,,,,,,,
Suffolk,22,"584,750",3.7,,,,,,,,,,
Luton,4,"154,310",2.6,,,,,,,,,,
Buckinghamshire,5,"398,215",1.3,,,,,,,,,,
Milton Keynes,3,"191,510",1.4,,,,,,,,,,
Bracknell Forest,2,"89,180",2.1,,,,,,,,,,
West Berkshire,11,"119,665",8.9,,,,,,,,,,
Reading,5,"124,170",4.1,,,,,,,,,,
Slough,-,"104,010",-,,,,,,,,,,
Windsor and Maidenhead,1,"113,295",1.3,,,,,,,,,,
Wokingham,3,"121,370",2.5,,,,,,,,,,
Essex,24,"1,118,165",2.1,,,,,,,,,,
Southend-on-Sea,3,"137,930",1.8,,,,,,,,,,
Thurrock,2,"121,435",1.8,,,,,,,,,,
Cambridgeshire,41,"502,055",8.2,,,,,,,,,,
Peterborough,4,"142,555",2.8,,,,,,,,,,
Bedford,1,"124,625",0.4,,,,,,,,,,
Central Bedfordshire,4,"206,520",1.7,,,,,,,,,,
Camden,7,"187,335",3.6,,,,,,,,,,
Greenwich,4,"200,320",2.1,,,,,,,,,,
Hackney,14,"198,400",6.9,,,,,,,,,,
Hammersmith and Fulham,5,"145,355",3.7,,,,,,,,,,
Islington,3,"177,320",1.6,,,,,,,,,,
Kensington and Chelsea,7,"128,270",5.3,,,,,,,,,,
Lambeth,7,"252,275",2.8,,,,,,,,,,
Lewisham,5,"220,490",2.1,,,,,,,,,,
Southwark,2,"237,370",0.9,,,,,,,,,,
Tower Hamlets,3,"212,380",1.5,,,,,,,,,,
Wandsworth,1,"252,280",0.5,,,,,,,,,,
Westminster,9,"187,730",4.7,,,,,,,,,,
City of London,-,"6,820",-,,,,,,,,,,
Barking and Dagenham,1,"136,745",1.0,,,,,,,,,,
Barnet,6,"282,465",2.0,,,,,,,,,,
Bexley,5,"181,780",2.7,,,,,,,,,,
Brent,7,"244,715",3.0,,,,,,,,,,
Bromley,1,"247,450",0.5,,,,,,,,,,
Croydon,4,"281,125",1.4,,,,,,,,,,
Ealing,6,"262,980",2.1,,,,,,,,,,
Enfield,2,"239,600",0.7,,,,,,,,,,
Haringey,5,"204,425",2.6,,,,,,,,,,
Harrow,2,"187,630",1.2,,,,,,,,,,
Havering,3,"189,960",1.4,,,,,,,,,,
Hillingdon,5,"219,260",2.1,,,,,,,,,,
Hounslow,10,"201,965",4.8,,,,,,,,,,
Kingston upon Thames,2,"131,100",1.3,,,,,,,,,,
Merton,-,"158,250",-,,,,,,,,,,
Newham,6,"237,000",2.6,,,,,,,,,,
Redbridge,3,"215,220",1.5,,,,,,,,,,
Richmond upon Thames,3,"148,510",2.2,,,,,,,,,,
Sutton,7,"151,230",4.7,,,,,,,,,,
Waltham Forest,3,"202,000",1.4,,,,,,,,,,
Isle of Wight,1,"112,700",1.0,,,,,,,,,,
Surrey,20,"899,845",2.2,,,,,,,,,,
West Sussex,19,"653,830",2.8,,,,,,,,,,
Dorset,16,"339,405",4.6,,,,,,,,,,
Bournemouth,5,"155,210",3.4,,,,,,,,,,
Poole,1,"119,565",0.8,,,,,,,,,,
Hampshire,42,"1,056,195",4.0,,,,,,,,,,
Portsmouth,1,"164,660",0.8,,,,,,,,,,
Southampton,12,"194,255",6.1,,,,,,,,,,
East Sussex,11,"429,505",2.6,,,,,,,,,,
Brighton and Hove,3,"227,450",1.2,,,,,,,,,,
Wiltshire,32,"376,200",8.6,,,,,,,,,,
Swindon,6,"166,065",3.4,,,,,,,,,,
Kent,24,"1,167,475",2.1,,,,,,,,,,
Medway Towns,1,"209,265",0.6,,,,,,,,,,
Cornwall,25,"437,100",5.8,,,,,,,,,,
Gloucestershire,6,"482,920",1.3,,,,,,,,,,
Somerset,19,"429,380",4.4,,,,,,,,,,
Isles of Scilly,-,"1,875",-,,,,,,,,,,
Bath and North East Somerset,8,"145,885",5.7,,,,,,,,,,
Bristol,9,"346,950",2.5,,,,,,,,,,
North Somerset,1,"163,910",0.7,,,,,,,,,,
South Gloucestershire,13,"212,160",6.0,,,,,,,,,,
Devon,20,"616,505",3.2,,,,,,,,,,
Plymouth,14,"207,875",6.9,,,,,,,,,,
Torbay,2,"107,155",1.8,,,,,,,,,,
,,,,,,,,,,,,,
ENGLAND,"1,310","42,359,365",3.1,,,,,,,,,,
Number of councils the national total is based on,152,152,152,,,,,,,,,,
,,,,,,,,,,,,,
Shire Counties,585,"17,108,430",3.4,,,,,,,,,,
Unitary Authorities,283,"9,681,055",2.9,,,,,,,,,,
Metropolitan Districts,294,"9,040,130",3.3,,,,,,,,,,
Inner London,67,"2,406,350",2.8,,,,,,,,,,
Outer London,81,"4,123,400",2.0,,,,,,,,,,
,,,,,,,,,,,,,
North East,42,"2,085,435",2.0,,,,,,,,,,
North West,91,"5,593,740",1.6,,,,,,,,,,
Yorkshire and the Humber,106,"4,200,040",2.5,,,,,,,,,,
East Midlands,109,"3,637,740",3.0,,,,,,,,,,
West Midlands,232,"4,423,765",5.2,,,,,,,,,,
South West,177,"4,308,160",4.1,,,,,,,,,,
Eastern,170,"4,678,280",3.6,,,,,,,,,,
London,147,"6,529,750",2.3,,,,,,,,,,
South East,236,"6,902,450",3.4,,,,,,,,,,
,,,,,,,,,,,,,
,,,,,,,,,,,,,
Notes:,,,,,,,,,,,,,
..  represents data that are unavailable.,,,,,,,,,,,,,
"-  means constituent values less than six are suppressed. However, for Delayed Transfers of Care data (which are averages of 12 monthly values) the equivalent 
    suppression is achieved by suppressing annual values less than 0.5 (6/12) and for survey data, values of less than three are supressed. Where elements of an 
    indicator are suppressed the indicator itself is also suppressed. Measure 1F and 1H for 2013-14 have outcome data (the annual outcome is based on an average of 
    the monthly outcomes), but not numerators and denominators, which are available for each month with the ASCOF publication on the HSCIC website 
    http://www.hscic.gov.uk/pubs/adusoccareof1314fin . Outcomes for 1F and 1H have been suppressed if the annual average numerator or denominator is less than 
    0.5 (6/12).",,,,,,,,,,,,,
"1. Numerator and denominator values used to calculate the indicator are rounded to the nearest five. The exception is for Measure 2C, where the numerators are 
    rounded to the nearest one.",,,,,,,,,,,,,
"2. 1A, 1B, 1D, 1I, 3A, 3B, 3C, 3D, 4A and 4B are based on survey data. The base for 1A, 1B, 1I, 3A, 3D, 4A and 4B (i.e. the number of responses on which the 
    outcome is based) should be taken into account when assessing the reliability of the outcome values. Outcomes based on a small base should be treated with 
    caution.",,,,,,,,,,,,,
"3. 1A, 1B, 1I(1), 3A, 3D(1), 4A and 4B have been weighted to reflect that a stratified sample was taken and to account for non-response bias.",,,,,,,,,,,,,
"4. 1D, 1I(2), 3B, 3C and 3D(2) are based solely on the Carers' survey. This is a biennial survey which took place for the first time in 2012-13, therefore no data are available for 2013-14.",,,,,,,,,,,,,
,,,,,,,,,,,,,
,,,,,,,,,,,,,
,,,,,,,,,,,,,
,,,,,,,,,,,,,
,,,,,,,,,,,,,
,,,,,,,,,,,,,
,,,,,,,,,,,,,
,,,,,,,,,,,,,
,,,,,,,,,,,,,
,,,,,,,,,,,,,
,,,,,,,,,,,,,
,,,,,,,,,,,,,
,,,,,,,,,,,,,
,,,,,,,,,,,,,
,,,,,,,,,,,,,
,,,,,,,,,,,,,
,,,,,,,,,,,,,
,,,,,,,,,,,,,
,,,,,,,,,,,,,
,,,,,,,,,,,,,
,,,,,,,,,,,,,
,,,,,,,,,,,,,
,,,,,,,,,,,,,
,,,,,,,,,,,,,
,,,,,,,,,,,,,
,,,,,,,,,,,,,
,,,,,,,,,,,,,
,,,,,,,,,,,,,
,,,,,,,,,,,,,
,,,,,,,,,,,,,
,,,,,,,,,,,,,
,,,,,,,,,,,,,
,,,,,,,,,,,,,
,,,,,,,,,,,,,
,,,,,,,,,,,,,
,,,,,,,,,,,,,
,,,,,,,,,,,,,
,,,,,,,,,,,,,
,,,,,,,,,,,,,
,,,,,,,,,,,,,
,,,,,,,,,,,,,
,,,,,,,,,,,,,
,,,,,,,,,,,,,
,,,,,,,,,,,,,
,,,,,,,,,,,,,
,,,,,,,,,,,,,
,,,,,,,,,,,,,
,,,,,,,,,,,,,
,,,,,,,,,,,,,
,,,,,,,,,,,,,
,,,,,,,,,,,,,
,,,,,,,,,,,,,
,,,,,,,,,,,,,
,,,,,,,,,,,,,
,,,,,,,,,,,,,
,,,,,,,,,,,,,
,,,,,,,,,,,,,
,,,,,,,,,,,,,
,,,,,,,,,,,,,
,,,,,,,,,,,,,
,,,,,,,,,,,,,
,,,,,,,,,,,,,
,,,,,,,,,,,,,
,,,,,,,,,,,,,
,,,,,,,,,,,,,
,,,,,,,,,,,,,
,,,,,,,,,,,,,
,,,,,,,,,,,,,
,,,,,,,,,,,,,
,,,,,,,,,,,,,
,,,,,,,,,,,,,
,,,,,,,,,,,,,
,,,,,,,,,,,,,
,,,,,,,,,,,,,
,,,,,,,,,,,,,
,,,,,,,,,,,,,
,,,,,,,,,,,,,
,,,,,,,,,,,,,
,,,,,,,,,,,,,
,,,,,,,,,,,,,
,,,,,,,,,,,,,
,,,,,,,,,,,,,
,,,,,,,,,,,,,
,,,,,,,,,,,,,
,,,,,,,,,,,,,
,,,,,,,,,,,,,
,,,,,,,,,,,,,
,,,,,,,,,,,,,
,,,,,,,,,,,,,
,,,,,,,,,,,,,
,,,,,,,,,,,,,
,,,,,,,,,,,,,
,,,,,,,,,,,,,
,,,,,,,,,,,,,
,,,,,,,,,,,,,
,,,,,,,,,,,,,
,,,,,,,,,,,,,
,,,,,,,,,,,,,
,,,,,,,,,,,,,
,,,,,,,,,,,,,
,,,,,,,,,,,,,
,,,,,,,,,,,,,
,,,,,,,,,,,,,
,,,,,,,,,,,,,
,,,,,,,,,,,,,
,,,,,,,,,,,,,
,,,,,,,,,,,,,
,,,,,,,,,,,,,
,,,,,,,,,,,,,
,,,,,,,,,,,,,
,,,,,,,,,,,,,
,,,,,,,,,,,,,
,,,,,,,,,,,,,
,,,,,,,,,,,,,
,,,,,,,,,,,,,
,,,,,,,,,,,,,
,,,,,,,,,,,,,
,,,,,,,,,,,,,
,,,,,,,,,,,,,
,,,,,,,,,,,,,
,,,,,,,,,,,,,
,,,,,,,,,,,,,
,,,,,,,,,,,,,
,,,,,,,,,,,,,
,,,,,,,,,,,,,
,,,,,,,,,,,,,
,,,,,,,,,,,,,
,,,,,,,,,,,,,
,,,,,,,,,,,,,
,,,,,,,,,,,,,
,,,,,,,,,,,,,
,,,,,,,,,,,,,
,,,,,,,,,,,,,
,,,,,,,,,,,,,
,,,,,,,,,,,,,
,,,,,,,,,,,,,
,,,,,,,,,,,,,
,,,,,,,,,,,,,
,,,,,,,,,,,,,
,,,,,,,,,,,,,
,,,,,,,,,,,,,
,,,,,,,,,,,,,
,,,,,,,,,,,,,
,,,,,,,,,,,,,
,,,,,,,,,,,,,
,,,,,,,,,,,,,
,,,,,,,,,,,,,
,,,,,,,,,,,,,
,,,,,,,,,,,,,
,,,,,,,,,,,,,
,,,,,,,,,,,,,
,,,,,,,,,,,,,
,,,,,,,,,,,,,
,,,,,,,,,,,,,
,,,,,,,,,,,,,
,,,,,,,,,,,,,
,,,,,,,,,,,,,
,,,,,,,,,,,,,
,,,,,,,,,,,,,
,,,,,,,,,,,,,
,,,,,,,,,,,,,
,,,,,,,,,,,,,
,,,,,,,,,,,,,
,,,,,,,,,,,,,
,,,,,,,,,,,,,
,,,,,,,,,,,,,
,,,,,,,,,,,,,
,,,,,,,,,,,,,
,,,,,,,,,,,,,
,,,,,,,,,,,,,
,,,,,,,,,,,,,
,,,,,,,,,,,,,
,,,,,,,,,,,,,
,,,,,,,,,,,,,
,,,,,,,,,,,,,
,,,,,,,,,,,,,
,,,,,,,,,,,,,
,,,,,,,,,,,,,
,,,,,,,,,,,,,
,,,,,,,,,,,,,
,,,,,,,,,,,,,
,,,,,,,,,,,,,
,,,,,,,,,,,,,
,,,,,,,,,,,,,
,,,,,,,,,,,,,
,,,,,,,,,,,,,
,,,,,,,,,,,,,
,,,,,,,,,,,,,
,,,,,,,,,,,,,
,,,,,,,,,,,,,
,,,,,,,,,,,,,
,,,,,,,,,,,,,
,,,,,,,,,,,,,
,,,,,,,,,,,,,
,,,,,,,,,,,,,
,,,,,,,,,,,,,
,,,,,,,,,,,,,
,,,,,,,,,,,,,
,,,,,,,,,,,,,
,,,,,,,,,,,,,
