"NI 149 by Commissioner, 2010/11
",,"Numerator:  Those aged 18 to 69 who are receiving secondary mental health services, who are on the Care Programme Approach and have a settled accommodation indicator recorded as 'Settled'.","Denominator:  Those aged 18 to 69 who are receiving secondary mental health services, who are on the Care Programme Approach",Indicator value %
England,,"138,695","207,505",66.8
5A3,SOUTH GLOUCESTERSHIRE PCT,629,751,83.8
5A4,HAVERING PCT,579,627,92.3
5A5,KINGSTON PCT,837,989,84.6
5A7,BROMLEY PCT,812,"1,071",75.8
5A8,GREENWICH TEACHING PCT,748,977,76.6
5A9,BARNET PCT,952,"1,475",64.5
5AT,HILLINGDON PCT,514,670,76.7
5C1,ENFIELD PCT,990,"1,619",61.2
5C2,BARKING AND DAGENHAM PCT,444,509,87.2
5C3,CITY AND HACKNEY TEACHING PCT,"1,128","1,682",67.1
5C4,TOWER HAMLETS PCT,"1,567","1,888",83
5C5,NEWHAM PCT,"1,461","1,782",82
5C9,HARINGEY TEACHING PCT,"1,005","1,657",60.7
5CN,HEREFORDSHIRE PCT,292,623,46.9
5CQ,MILTON KEYNES PCT,300,411,73
5D7,NEWCASTLE PCT,"1,940","2,459",78.9
5D8,NORTH TYNESIDE PCT,"1,241","1,446",85.8
5D9,HARTLEPOOL PCT,456,574,79.4
5E1,STOCKTON-ON-TEES TEACHING PCT,715,"1,000",71.5
5EF,NORTH LINCOLNSHIRE PCT,325,565,57.5
5EM,NOTTINGHAM CITY PCT,753,"1,175",64.1
5ET,BASSETLAW PCT,115,202,56.9
5F1,PLYMOUTH TEACHING PCT,622,"1,221",50.9
5F5,SALFORD PCT,"1,237","1,476",83.8
5F7,STOCKPORT PCT,995,"1,275",78
5FE,PORTSMOUTH CITY TEACHING PCT,230,455,50.6
5FL,BATH AND NORTH EAST SOMERSET PCT,857,"1,026",83.5
5GC,LUTON PCT,574,655,87.6
5H1,HAMMERSMITH AND FULHAM PCT,848,"1,027",82.6
5H8,ROTHERHAM PCT,590,938,62.9
5HG,"ASHTON, LEIGH AND WIGAN PCT","1,337","2,209",60.5
5HP,BLACKPOOL PCT,790,"1,080",73.2
5HQ,BOLTON PCT,"1,406","1,580",89
5HX,EALING PCT,"1,491","1,938",76.9
5HY,HOUNSLOW PCT,"1,015","1,204",84.3
5J2,WARRINGTON PCT,"1,238","1,614",76.7
5J4,KNOWSLEY PCT,"1,027","1,246",82.4
5J5,OLDHAM PCT,822,"1,082",76
5J6,CALDERDALE PCT,435,861,50.5
5J9,DARLINGTON PCT,513,721,71.2
5JE,BARNSLEY PCT,494,"1,308",37.8
5JX,BURY PCT,672,880,76.4
5K3,SWINDON PCT,849,989,85.8
5K5,BRENT TEACHING PCT,697,"1,155",60.4
5K6,HARROW PCT,525,724,72.5
5K7,CAMDEN PCT,"1,057","1,599",66.1
5K8,ISLINGTON PCT,948,"1,415",67
5K9,CROYDON PCT,"1,114","1,642",67.8
5KF,GATESHEAD PCT,893,"1,016",87.9
5KG,SOUTH TYNESIDE PCT,889,"1,044",85.2
5KL,SUNDERLAND TEACHING PCT,"1,374","1,732",79.3
5KM,MIDDLESBROUGH PCT,509,821,62
5L1,SOUTHAMPTON CITY PCT,69,495,13.9
5L3,MEDWAY PCT,550,843,65.2
5LA,KENSINGTON AND CHELSEA PCT,537,828,64.9
5LC,WESTMINSTER PCT,248,926,26.8
5LD,LAMBETH PCT,886,"1,445",61.3
5LE,SOUTHWARK PCT,"1,083","1,602",67.6
5LF,LEWISHAM PCT,"1,054","1,535",68.7
5LG,WANDSWORTH PCT,"1,166","1,385",84.2
5LH,TAMESIDE AND GLOSSOP PCT,734,866,84.8
5LQ,BRIGHTON AND HOVE CITY PCT,868,"1,298",66.9
5M1,SOUTH BIRMINGHAM PCT,"1,482","2,442",60.7
5M2,SHROPSHIRE COUNTY PCT,177,209,84.7
5M3,WALSALL TEACHING PCT,46,64,71.9
5M6,RICHMOND AND TWICKENHAM PCT,705,792,89
5M7,SUTTON AND MERTON PCT,"1,065","1,293",82.4
5M8,NORTH SOMERSET PCT,642,855,75.1
5MD,COVENTRY TEACHING PCT,795,"1,219",65.2
5MK,TELFORD AND WREKIN PCT,15,37,40.5
5MV,WOLVERHAMPTON CITY PCT,858,"1,032",83.1
5MX,HEART OF BIRMINGHAM TEACHING PCT,"1,318","2,179",60.5
5N1,LEEDS PCT,"2,303","4,786",48.1
5N2,KIRKLEES PCT,435,"1,577",27.6
5N3,WAKEFIELD DISTRICT PCT,545,"1,055",51.7
5N4,SHEFFIELD PCT,"1,421","1,935",73.4
5N5,DONCASTER PCT,420,900,46.7
5N6,DERBYSHIRE COUNTY PCT,875,"1,108",79
5N7,DERBY CITY PCT,291,415,70.1
5N8,NOTTINGHAMSHIRE COUNTY TEACHING PCT,842,"1,281",65.7
5N9,LINCOLNSHIRE TEACHING PCT,"1,419","2,184",65
5NA,REDBRIDGE PCT,717,872,82.2
5NC,WALTHAM FOREST PCT,522,665,78.5
5ND,COUNTY DURHAM PCT,"2,323","3,000",77.4
5NE,CUMBRIA TEACHING PCT,"1,468","1,777",82.6
5NF,NORTH LANCASHIRE TEACHING PCT,877,"1,196",73.3
5NG,CENTRAL LANCASHIRE PCT,"1,234","1,961",62.9
5NH,EAST LANCASHIRE TEACHING PCT,"1,219","1,879",64.9
5NJ,SEFTON PCT,707,"1,003",70.5
5NK,WIRRAL PCT,"1,571","1,866",84.2
5NL,LIVERPOOL PCT,"1,771","2,477",71.5
5NM,HALTON AND ST HELENS PCT,"1,678","2,148",78.1
5NN,WESTERN CHESHIRE PCT,876,"1,197",73.2
5NP,CENTRAL AND EASTERN CHESHIRE PCT,"1,559","1,978",78.8
5NQ,"HEYWOOD, MIDDLETON AND ROCHDALE PCT",806,"1,060",76
5NR,TRAFFORD PCT,872,"1,010",86.3
5NT,MANCHESTER PCT,"2,248","3,248",69.2
5NV,NORTH YORKSHIRE AND YORK PCT,845,"2,640",32
5NW,EAST RIDING OF YORKSHIRE PCT,802,"1,034",77.6
5NX,HULL TEACHING PCT,685,"1,060",64.6
5NY,BRADFORD AND AIREDALE TEACHING PCT,"1,166","1,648",70.8
5P1,SOUTH EAST ESSEX PCT,738,"1,109",66.6
5P2,BEDFORDSHIRE PCT,"1,108","1,279",86.6
5P5,SURREY PCT,"1,444","1,979",73
5P6,WEST SUSSEX PCT,"2,118","2,941",72
5P7,EAST SUSSEX DOWNS AND WEALD PCT,690,"1,083",63.7
5P8,HASTINGS AND ROTHER PCT,699,"1,043",67
5P9,WEST KENT PCT,"1,037","1,572",66
5PA,LEICESTERSHIRE COUNTY AND RUTLAND PCT,"1,519","2,243",67.7
5PC,LEICESTER CITY PCT,"1,267","1,925",65.8
5PD,NORTHAMPTONSHIRE TEACHING PCT,"2,366","2,940",80.5
5PE,DUDLEY PCT,"1,055","1,584",66.6
5PF,SANDWELL PCT,651,947,68.7
5PG,BIRMINGHAM EAST AND NORTH PCT,"1,967","2,889",68.1
5PH,NORTH STAFFORDSHIRE PCT,730,941,77.6
5PJ,STOKE ON TRENT PCT,"1,865","2,216",84.2
5PK,SOUTH STAFFORDSHIRE PCT,"1,602","2,128",75.3
5PL,WORCESTERSHIRE PCT,596,839,71
5PM,WARWICKSHIRE PCT,"1,760","2,675",65.8
5PN,PETERBOROUGH PCT,756,"1,509",50.1
5PP,CAMBRIDGESHIRE PCT,"2,764","4,801",57.6
5PQ,NORFOLK PCT,398,"1,325",30
5PR,GREAT YARMOUTH AND WAVENEY PCT,131,386,33.9
5PT,SUFFOLK PCT,832,979,85
5PV,WEST ESSEX PCT,375,566,66.3
5PW,NORTH EAST ESSEX PCT,698,784,89
5PX,MID ESSEX PCT,728,799,91.1
5PY,SOUTH WEST ESSEX PCT,"1,040","1,504",69.2
5QA,EASTERN AND COASTAL KENT PCT,"1,691","2,454",68.9
5QC,HAMPSHIRE PCT,339,"1,294",26.2
5QD,BUCKINGHAMSHIRE PCT,30,"1,050",2.9
5QE,OXFORDSHIRE PCT,20,"1,994",1
5QF,BERKSHIRE WEST PCT,332,679,48.9
5QG,BERKSHIRE EAST PCT,522,"1,005",51.9
5QH,GLOUCESTERSHIRE PCT,538,"1,175",45.8
5QJ,BRISTOL PCT,"1,716","2,264",75.8
5QK,WILTSHIRE PCT,"1,673","2,006",83.4
5QL,SOMERSET PCT,"1,101","1,946",56.6
5QM,DORSET PCT,576,835,69
5QN,BOURNEMOUTH AND POOLE TEACHING PCT,672,909,73.9
5QP,CORNWALL AND ISLES OF SCILLY PCT,"1,338","2,454",54.5
5QQ,DEVON PCT,362,"1,819",19.9
5QR,REDCAR AND CLEVELAND PCT,427,633,67.5
5QT,ISLE OF WIGHT NHS PCT,25,59,42.4
5QV,HERTFORDSHIRE PCT,"1,869","3,024",61.8
7A1,BETSI CADWALADR UNIVERSITY LHB,27,78,34.6
7A2,HYWEL DDA LHB,6,11,54.6
7A3,ABERTAWE BRO MORGANNWG UNIVERSITY LHB,7,10,70
7A4,CARDIFF & VALE UNIVERSITY LHB,6,31,19.4
7A5,CWM TAF LHB,-,14,35.7
7A6,ANEURIN BEVAN LHB,12,45,26.7
7A7,POWYS TEACHING LHB,-,12,33.3
TAC,NORTHUMBERLAND CARE TRUST,"1,709","2,534",67.4
TAK,BEXLEY CARE TRUST,314,442,71
TAL,TORBAY CARE TRUST,133,445,29.9
TAM,SOLIHULL CARE TRUST,606,886,68.4
TAN,NORTH EAST LINCOLNSHIRE CARE TRUST PLUS,492,596,82.6
TAP,BLACKBURN WITH DARWEN TEACHING CARE TRUST PLUS,482,835,57.7
