NIS Indicators,Self reported experience of social care users,,,,,,,,,,,,,,,,,,,,,,
,"In 2010/11 a new annual survey covering all social care service users was introduced and the definition and methodology for the NI127 calculation was changed and so is not comparable to previous years.
The measure is based on a survey, a self completion questionnaire sent to a random sample of social care service users selected according to guidance issued by the NHS Information Centre for health and social care. A combination of questions in the Adult Social Care Survey which cover 8 different outcome domains relating to quality of life will be used to calculate this indicator.",,,,,,,,,,,,,,,,,,,,,,
,TOTAL,,,,MALE,,,,FEMALE,,,,Adults aged 18 - 64,,,,Older people aged 65 and over,,,,,,
,NI 127,NI 127,NI127,NI127,NI 127,NI 127,NI127,NI127,NI 127,NI 127,NI127,NI127,NI 127,NI 127,NI127,NI127,NI 127,NI 127,NI127,NI127,,,
,Numerator,Denominator,Indicator,Margin of Error,Numerator,Denominator,Indicator,Margin of Error,Numerator,Denominator,Indicator,Margin of Error,Numerator,Denominator,Indicator,Margin of Error,Numerator,Denominator,Indicator,Margin of Error,,,
,,,,,,,,,,,,,,,,,,,,,,,
,The sum of the scores for each respondent based on their answers to questions 3 to 9 and 11. ,The number of respondents that have answered questions 3 to 9 and 11. ,The average score ,95% Confidence Interval,The sum of the scores for each respondent based on their answers to questions 3 to 9 and 11. ,The number of respondents that have answered questions 3 to 9 and 11. ,The average score ,95% Confidence Interval,The sum of the scores for each respondent based on their answers to questions 3 to 9 and 11. ,The number of respondents that have answered questions 3 to 9 and 11. ,The average score ,95% Confidence Interval,The sum of the scores for each respondent based on their answers to questions 3 to 9 and 11. ,The number of respondents that have answered questions 3 to 9 and 11. ,The average score ,95% Confidence Interval,The sum of the scores for each respondent based on their answers to questions 3 to 9 and 11. ,The number of respondents that have answered questions 3 to 9 and 11. ,The average score ,95% Confidence Interval,,,
,,,,,,,,,,,,,,,,,,,,,,,
,,,,,,,,,,,,,,,,,,,,,,,
CUMBRIA," 7,255 ", 375 ,19.5,0.4," 2,170 ", 110 ,19.4,0.7," 5,090 ", 260 ,19.5,0.4," 1,765 ", 95 ,19.0,0.8," 5,490 ", 280 ,19.6,0.4,,,
NORTHUMBERLAND," 6,895 ", 375 ,18.4,0.4," 2,735 ", 150 ,18.3,0.6," 4,165 ", 225 ,18.4,0.5," 2,405 ", 130 ,18.2,0.7," 4,495 ", 245 ,18.5,0.5,,,
GATESHEAD," 5,270 ", 275 ,19.1,0.4," 1,985 ", 100 ,19.5,0.7," 3,290 ", 175 ,18.9,0.5," 1,945 ", 100 ,19.1,0.8," 3,325 ", 175 ,19.1,0.5,,,
NEWCASTLE UPON TYNE," 6,670 ", 355 ,18.9,0.4," 2,805 ", 145 ,19.1,0.5," 3,865 ", 205 ,18.8,0.5," 2,085 ", 110 ,18.9,0.7," 4,585 ", 245 ,18.9,0.5,,,
NORTH TYNESIDE," 5,375 ", 285 ,18.8,0.5," 1,755 ", 90 ,19.1,0.8," 3,620 ", 195 ,18.7,0.6," 1,590 ", 85 ,18.9,1.0," 3,785 ", 200 ,18.7,0.5,,,
SOUTH TYNESIDE," 4,975 ", 265 ,18.6,0.5," 1,430 ", 80 ,18.3,0.9," 3,545 ", 190 ,18.8,0.6," 1,295 ", 70 ,18.8,0.9," 3,680 ", 200 ,18.6,0.5,,,
SUNDERLAND," 5,360 ", 280 ,19.0,0.4," 1,755 ", 95 ,18.7,0.7," 3,610 ", 190 ,19.2,0.5," 1,340 ", 70 ,19.1,0.8," 4,020 ", 210 ,19.0,0.4,,,
HARTLEPOOL UA," 5,910 ", 305 ,19.3,0.4," 2,195 ", 115 ,19.4,0.7," 3,715 ", 195 ,19.3,0.5," 1,580 ", 85 ,19.0,0.9," 4,330 ", 225 ,19.4,0.5,,,
MIDDLESBROUGH UA," 6,355 ", 325 ,19.7,0.4," 2,525 ", 125 ,20.0,0.7," 3,830 ", 195 ,19.4,0.5," 3,065 ", 150 ,20.2,0.6," 3,290 ", 170 ,19.2,0.5,,,
REDCAR AND CLEVELAND UA," 5,810 ", 315 ,18.5,0.4," 2,165 ", 115 ,18.5,0.7," 3,640 ", 195 ,18.5,0.5," 1,865 ", 105 ,17.9,0.9," 3,945 ", 210 ,18.8,0.5,,,
STOCKTON ON TEES UA," 4,775 ", 255 ,18.8,0.4," 1,890 ", 100 ,19.1,0.7," 2,885 ", 155 ,18.6,0.6," 1,430 ", 80 ,18.3,0.9," 3,345 ", 175 ,19.0,0.5,,,
DURHAM," 6,255 ", 330 ,19.1,0.4," 2,255 ", 115 ,19.3,0.6," 4,000 ", 210 ,19.0,0.5," 2,085 ", 105 ,19.5,0.7," 4,170 ", 220 ,18.9,0.5,,,
DARLINGTON UA," 4,120 ", 215 ,19.2,0.4," 1,180 ", 65 ,18.8,0.9," 2,940 ", 150 ,19.3,0.5, 985 , 50 ,18.9,1.0," 3,140 ", 165 ,19.3,0.5,,,
BARNSLEY," 6,910 ", 365 ,18.9,0.4," 2,205 ", 115 ,19.2,0.7," 4,710 ", 250 ,18.8,0.5," 1,660 ", 85 ,20.0,0.7," 5,255 ", 280 ,18.6,0.5,,,
DONCASTER," 6,015 ", 310 ,19.5,0.4," 1,895 ", 95 ,19.7,0.7," 4,120 ", 210 ,19.4,0.5," 1,800 ", 90 ,20.5,0.7," 4,215 ", 220 ,19.2,0.5,,,
ROTHERHAM," 7,080 ", 370 ,19.1,0.4," 2,180 ", 115 ,18.8,0.9," 4,900 ", 255 ,19.2,0.4," 1,870 ", 95 ,19.5,1.0," 5,210 ", 275 ,19.0,0.4,,,
SHEFFIELD," 8,610 ", 470 ,18.3,0.4," 3,370 ", 190 ,17.7,0.6," 5,240 ", 280 ,18.7,0.5," 2,940 ", 170 ,17.2,0.8," 5,670 ", 300 ,19.0,0.4,,,
BRADFORD," 7,490 ", 405 ,18.5,0.4," 2,955 ", 160 ,18.6,0.6," 4,530 ", 245 ,18.4,0.5," 2,820 ", 145 ,19.2,0.6," 4,670 ", 260 ,18.1,0.5,,,
CALDERDALE," 7,395 ", 380 ,19.4,0.3," 2,390 ", 120 ,19.6,0.6," 5,010 ", 260 ,19.3,0.4," 1,865 ", 95 ,19.4,0.7," 5,530 ", 285 ,19.3,0.4,,,
KIRKLEES," 5,765 ", 310 ,18.5,0.4," 1,830 ", 100 ,18.7,0.8," 3,935 ", 215 ,18.5,0.5," 1,430 ", 75 ,19.3,0.8," 4,335 ", 235 ,18.3,0.5,,,
LEEDS," 6,775 ", 360 ,18.9,0.4," 2,620 ", 135 ,19.3,0.7," 4,155 ", 225 ,18.6,0.5," 2,765 ", 145 ,19.1,0.6," 4,010 ", 215 ,18.7,0.5,,,
WAKEFIELD," 6,930 ", 365 ,19.1,0.4," 2,475 ", 130 ,19.3,0.6," 4,460 ", 235 ,19.0,0.5," 2,315 ", 120 ,19.1,0.7," 4,615 ", 240 ,19.1,0.4,,,
EAST RIDING OF YORKSHIRE UA," 5,325 ", 275 ,19.4,0.4," 2,195 ", 110 ,19.8,0.6," 3,130 ", 165 ,19.1,0.6," 1,515 ", 75 ,20.2,0.7," 3,810 ", 200 ,19.0,0.5,,,
KINGSTON UPON HULL UA," 7,465 ", 390 ,19.2,0.4," 2,750 ", 145 ,18.8,0.6," 4,715 ", 245 ,19.4,0.4," 1,950 ", 105 ,18.9,0.8," 5,515 ", 285 ,19.3,0.4,,,
NORTH EAST LINCOLNSHIRE UA," 5,035 ", 265 ,18.9,0.5," 2,040 ", 110 ,18.9,0.8," 2,995 ", 160 ,18.8,0.6," 1,290 ", 70 ,18.1,1.1," 3,745 ", 195 ,19.1,0.5,,,
NORTH LINCOLNSHIRE UA," 5,620 ", 285 ,19.6,0.4," 1,695 ", 90 ,19.3,0.7," 3,920 ", 200 ,19.8,0.5," 1,130 ", 60 ,19.1,1.1," 4,490 ", 225 ,19.8,0.4,,,
NORTH YORKSHIRE," 7,060 ", 370 ,19.0,0.4," 2,875 ", 150 ,19.2,0.6," 4,180 ", 220 ,18.9,0.5," 2,255 ", 115 ,19.3,0.7," 4,800 ", 255 ,18.9,0.4,,,
YORK UA," 8,355 ", 440 ,18.9,0.3," 2,585 ", 135 ,19.0,0.6," 5,770 ", 305 ,18.9,0.4," 2,155 ", 110 ,19.2,0.8," 6,200 ", 330 ,18.8,0.4,,,
BOLTON," 10,595 ", 560 ,19.0,0.3," 3,720 ", 195 ,18.9,0.5," 6,875 ", 360 ,19.0,0.4," 3,210 ", 175 ,18.3,0.6," 7,330 ", 380 ,19.3,0.3,,,
BURY," 6,870 ", 355 ,19.3,0.4," 2,470 ", 125 ,19.6,0.6," 4,405 ", 230 ,19.1,0.4," 1,995 ", 100 ,19.5,0.7," 4,880 ", 255 ,19.2,0.4,,,
MANCHESTER," 6,375 ", 345 ,18.4,0.5," 2,680 ", 145 ,18.3,0.7," 3,700 ", 200 ,18.4,0.6," 3,305 ", 180 ,18.5,0.7," 3,070 ", 170 ,18.3,0.6,,,
OLDHAM," 8,325 ", 460 ,18.1,0.4," 3,155 ", 175 ,17.9,0.6," 5,170 ", 285 ,18.2,0.5," 3,575 ", 195 ,18.2,0.6," 4,750 ", 265 ,18.0,0.5,,,
ROCHDALE," 6,515 ", 350 ,18.6,0.4," 2,440 ", 130 ,18.6,0.6," 4,075 ", 220 ,18.6,0.6," 2,145 ", 120 ,18.0,0.8," 4,375 ", 230 ,18.9,0.5,,,
SALFORD," 12,165 ", 655 ,18.6,0.3," 4,265 ", 235 ,18.3,0.5," 7,900 ", 420 ,18.7,0.4," 3,125 ", 175 ,17.9,0.7," 9,045 ", 480 ,18.8,0.3,,,
STOCKPORT," 6,820 ", 375 ,18.3,0.4," 2,100 ", 115 ,18.0,0.6," 4,720 ", 255 ,18.4,0.5," 1,245 ", 65 ,18.6,1.0," 5,575 ", 305 ,18.2,0.4,,,
TAMESIDE," 6,195 ", 345 ,17.9,0.4," 2,280 ", 130 ,17.7,0.8," 3,915 ", 220 ,18.0,0.5," 2,060 ", 115 ,17.6,0.9," 4,135 ", 230 ,18.0,0.5,,,
TRAFFORD," 6,210 ", 345 ,18.1,0.4," 2,325 ", 130 ,17.9,0.7," 3,885 ", 215 ,18.2,0.5," 2,310 ", 130 ,18.1,0.8," 3,900 ", 215 ,18.1,0.5,,,
WIGAN," 6,260 ", 335 ,18.6,0.4," 2,200 ", 115 ,18.8,0.8," 4,060 ", 220 ,18.5,0.5," 2,000 ", 105 ,18.9,0.9," 4,260 ", 230 ,18.5,0.5,,,
KNOWSLEY," 6,635 ", 350 ,18.8,0.4," 2,345 ", 120 ,19.7,0.7," 4,290 ", 235 ,18.4,0.5," 2,160 ", 110 ,19.3,0.8," 4,470 ", 240 ,18.6,0.5,,,
LIVERPOOL," 6,885 ", 365 ,19.0,0.4," 2,710 ", 140 ,19.5,0.7," 4,175 ", 225 ,18.6,0.5," 2,530 ", 130 ,19.8,0.7," 4,335 ", 235 ,18.5,0.5,,,
SEFTON," 6,650 ", 345 ,19.4,0.4," 2,445 ", 125 ,19.7,0.6," 4,205 ", 220 ,19.2,0.5," 1,855 ", 95 ,19.3,0.7," 4,795 ", 245 ,19.4,0.4,,,
ST HELENS," 6,135 ", 320 ,19.3,0.4," 1,935 ", 100 ,19.0,0.7," 4,200 ", 215 ,19.4,0.5," 1,690 ", 90 ,18.8,0.8," 4,445 ", 230 ,19.5,0.4,,,
WIRRAL," 4,410 ", 235 ,18.9,0.5," 1,715 ", 90 ,18.6,0.9," 2,695 ", 140 ,19.0,0.6," 1,335 ", 70 ,18.8,1.0," 3,075 ", 165 ,18.9,0.6,,,
HALTON UA," 5,240 ", 275 ,18.9,0.4," 2,125 ", 110 ,19.0,0.7," 3,115 ", 165 ,18.9,0.5," 1,590 ", 85 ,18.7,0.9," 3,645 ", 190 ,19.0,0.4,,,
WARRINGTON UA," 7,825 ", 425 ,18.5,0.4," 2,715 ", 145 ,18.5,0.6," 5,110 ", 275 ,18.5,0.5," 1,780 ", 100 ,17.5,1.0," 6,045 ", 320 ,18.8,0.4,,,
LANCASHIRE," 7,600 ", 395 ,19.2,0.4," 2,830 ", 145 ,19.3,0.6," 4,770 ", 250 ,19.2,0.5," 2,930 ", 150 ,19.3,0.6," 4,675 ", 245 ,19.2,0.5,,,
BLACKBURN WITH DARWEN UA," 6,415 ", 340 ,19.0,0.4," 2,300 ", 120 ,19.0,0.7," 4,090 ", 215 ,18.9,0.5," 1,325 ", 70 ,18.7,1.0," 5,065 ", 265 ,19.0,0.4,,,
BLACKPOOL UA," 6,740 ", 355 ,19.0,0.4," 2,280 ", 120 ,18.7,0.7," 4,460 ", 235 ,19.1,0.5," 1,980 ", 100 ,19.6,0.8," 4,760 ", 255 ,18.7,0.5,,,
CHESHIRE EAST," 6,230 ", 330 ,18.8,0.4," 2,265 ", 120 ,18.9,0.7," 3,965 ", 210 ,18.8,0.5," 2,005 ", 105 ,18.9,0.8," 4,225 ", 225 ,18.8,0.5,,,
CHESHIRE WEST AND CHESTER," 10,295 ", 545 ,18.9,0.3," 3,970 ", 210 ,19.0,0.5," 6,325 ", 335 ,18.8,0.4," 4,045 ", 210 ,19.3,0.5," 6,255 ", 335 ,18.6,0.4,,,
WARWICKSHIRE," 6,855 ", 370 ,18.5,0.4," 2,200 ", 115 ,19.1,0.6," 4,655 ", 255 ,18.2,0.5," 1,780 ", 90 ,19.5,0.7," 5,010 ", 275 ,18.2,0.5,,,
BIRMINGHAM," 6,275 ", 340 ,18.6,0.4," 1,995 ", 110 ,18.5,0.8," 4,280 ", 230 ,18.6,0.5," 1,890 ", 100 ,18.7,0.9," 4,390 ", 235 ,18.5,0.5,,,
COVENTRY," 7,355 ", 395 ,18.5,0.4," 3,010 ", 165 ,18.4,0.6," 4,345 ", 235 ,18.6,0.5," 2,700 ", 145 ,18.7,0.7," 4,660 ", 255 ,18.4,0.5,,,
DUDLEY," 13,425 ", 710 ,18.9,0.3," 4,450 ", 240 ,18.7,0.5," 8,975 ", 475 ,18.9,0.3," 2,810 ", 150 ,18.7,0.7," 10,615 ", 560 ,18.9,0.3,,,
SANDWELL," 6,860 ", 365 ,18.7,0.4," 2,320 ", 125 ,18.9,0.7," 4,535 ", 245 ,18.6,0.5," 2,145 ", 115 ,18.5,0.9," 4,715 ", 250 ,18.8,0.4,,,
SOLIHULL," 7,710 ", 425 ,18.1,0.4," 2,725 ", 150 ,18.4,0.6," 4,915 ", 275 ,17.9,0.5," 2,880 ", 150 ,19.2,0.6," 4,760 ", 270 ,17.5,0.5,,,
WALSALL," 5,240 ", 285 ,18.4,0.4," 1,685 ", 90 ,18.5,0.7," 3,555 ", 195 ,18.3,0.5," 1,485 ", 80 ,18.8,0.9," 3,755 ", 205 ,18.2,0.5,,,
WOLVERHAMPTON," 5,150 ", 270 ,19.1,0.5," 1,720 ", 90 ,18.9,0.8," 3,425 ", 180 ,19.3,0.6," 1,525 ", 80 ,18.6,1.0," 3,625 ", 185 ,19.4,0.5,,,
STAFFORDSHIRE," 6,190 ", 335 ,18.5,0.4," 2,245 ", 125 ,18.1,0.6," 3,935 ", 210 ,18.7,0.5," 1,630 ", 90 ,18.5,0.9," 4,560 ", 245 ,18.5,0.4,,,
STOKE-ON-TRENT UA," 6,755 ", 360 ,18.8,0.4," 2,470 ", 135 ,18.6,0.7," 4,285 ", 225 ,19.0,0.5," 2,260 ", 125 ,18.4,0.8," 4,480 ", 235 ,19.1,0.5,,,
HEREFORDSHIRE UA," 5,175 ", 270 ,19.2,0.4," 1,850 ", 95 ,19.3,0.7," 3,325 ", 175 ,19.2,0.6," 1,865 ", 95 ,19.2,0.8," 3,310 ", 170 ,19.2,0.5,,,
WORCESTERSHIRE," 8,920 ", 475 ,18.8,0.3," 3,780 ", 200 ,19.0,0.5," 5,140 ", 275 ,18.6,0.4," 3,400 ", 175 ,19.5,0.5," 5,525 ", 300 ,18.3,0.4,,,
SHROPSHIRE," 5,925 ", 310 ,19.1,0.4," 2,230 ", 120 ,18.9,0.7," 3,695 ", 195 ,19.2,0.5," 1,945 ", 100 ,19.0,0.8," 3,980 ", 210 ,19.1,0.5,,,
TELFORD AND WREKIN UA," 8,135 ", 450 ,18.0,0.4," 2,955 ", 160 ,18.2,0.6," 5,180 ", 290 ,17.9,0.4," 2,800 ", 155 ,18.1,0.7," 5,340 ", 295 ,18.0,0.4,,,
LINCOLNSHIRE," 6,325 ", 335 ,18.9,0.4," 2,185 ", 115 ,19.0,0.6," 4,140 ", 220 ,18.9,0.5," 1,955 ", 100 ,19.4,0.7," 4,370 ", 235 ,18.8,0.4,,,
NORTHAMPTONSHIRE," 6,195 ", 325 ,19.2,0.4," 2,195 ", 115 ,19.4,0.7," 3,995 ", 210 ,19.0,0.5," 1,845 ", 95 ,19.6,0.8," 4,345 ", 230 ,19.0,0.5,,,
DERBYSHIRE," 3,275 ", 175 ,18.5,0.5," 1,200 ", 65 ,18.2,1.0," 2,075 ", 110 ,18.7,0.6, 720 , 35 ,19.5,1.2," 2,555 ", 140 ,18.3,0.6,,,
DERBY UA," 6,040 ", 330 ,18.4,0.4," 2,305 ", 125 ,18.5,0.7," 3,730 ", 205 ,18.4,0.5," 2,150 ", 115 ,18.9,0.8," 3,885 ", 215 ,18.2,0.5,,,
LEICESTERSHIRE," 7,620 ", 420 ,18.1,0.4," 2,725 ", 145 ,18.5,0.6," 4,895 ", 275 ,17.9,0.5," 2,275 ", 125 ,18.2,0.7," 5,345 ", 295 ,18.1,0.4,,,
LEICESTER UA," 6,780 ", 370 ,18.3,0.4," 2,610 ", 140 ,18.5,0.7," 4,170 ", 230 ,18.1,0.5," 2,935 ", 160 ,18.5,0.7," 3,845 ", 210 ,18.1,0.5,,,
RUTLAND UA," 3,910 ", 205 ,18.9,0.5," 1,320 ", 70 ,18.6,1.0," 2,590 ", 135 ,19.1,0.6, 825 , 45 ,18.4,1.3," 3,085 ", 160 ,19.0,0.5,,,
NOTTINGHAMSHIRE," 6,625 ", 355 ,18.6,0.4," 2,245 ", 115 ,19.2,0.7," 4,385 ", 240 ,18.3,0.5," 2,110 ", 115 ,18.7,0.8," 4,515 ", 245 ,18.6,0.4,,,
NOTTINGHAM UA," 6,310 ", 340 ,18.7,0.4," 2,285 ", 120 ,19.0,0.7," 3,695 ", 200 ,18.7,0.5," 1,620 ", 90 ,18.4,0.9," 4,365 ", 230 ,19.0,0.5,,,
HERTFORDSHIRE," 7,000 ", 370 ,18.8,0.4," 2,600 ", 140 ,18.7,0.6," 4,405 ", 235 ,18.9,0.5," 2,380 ", 120 ,19.5,0.6," 4,620 ", 250 ,18.5,0.5,,,
NORFOLK," 5,030 ", 280 ,18.1,0.4," 1,910 ", 105 ,17.8,0.8," 3,120 ", 170 ,18.3,0.5, 980 , 55 ,17.8,1.1," 4,050 ", 225 ,18.2,0.5,,,
OXFORDSHIRE," 9,025 ", 480 ,18.8,0.3," 3,490 ", 185 ,19.1,0.6," 5,535 ", 295 ,18.7,0.4," 2,680 ", 140 ,18.9,0.7," 6,345 ", 335 ,18.8,0.4,,,
SUFFOLK," 7,190 ", 380 ,18.9,0.4," 2,840 ", 155 ,18.6,0.6," 4,350 ", 225 ,19.2,0.5," 2,065 ", 110 ,18.9,0.7," 5,130 ", 270 ,18.9,0.4,,,
LUTON UA," 5,855 ", 320 ,18.2,0.4," 2,225 ", 120 ,18.2,0.7," 3,630 ", 200 ,18.2,0.6," 2,065 ", 110 ,18.6,0.8," 3,790 ", 210 ,18.0,0.5,,,
BUCKINGHAMSHIRE," 6,425 ", 345 ,18.5,0.4," 2,565 ", 140 ,18.3,0.7," 3,860 ", 205 ,18.7,0.5," 1,870 ", 105 ,18.2,0.8," 4,555 ", 245 ,18.7,0.5,,,
MILTON KEYNES UA," 6,175 ", 340 ,18.2,0.4," 2,455 ", 130 ,18.6,0.8," 3,720 ", 210 ,17.9,0.5," 2,220 ", 125 ,17.8,0.9," 3,955 ", 215 ,18.4,0.5,,,
BRACKNELL FOREST UA," 4,470 ", 245 ,18.4,0.5," 1,655 ", 95 ,17.8,0.9," 2,815 ", 150 ,18.8,0.6," 1,880 ", 105 ,17.6,0.8," 2,590 ", 135 ,19.0,0.6,,,
WEST BERKSHIRE UA," 6,050 ", 320 ,19.0,0.4," 2,240 ", 120 ,19.0,0.7," 3,810 ", 200 ,19.0,0.5," 2,225 ", 115 ,19.2,0.7," 3,820 ", 205 ,18.8,0.5,,,
READING UA," 6,205 ", 340 ,18.4,0.4," 2,455 ", 135 ,18.2,0.7," 3,750 ", 205 ,18.5,0.6," 2,585 ", 140 ,18.7,0.7," 3,620 ", 200 ,18.1,0.6,,,
SLOUGH UA," 5,395 ", 300 ,18.0,0.5," 2,005 ", 110 ,18.4,0.8," 3,385 ", 190 ,17.7,0.6," 2,605 ", 140 ,18.4,0.7," 2,785 ", 160 ,17.6,0.6,,,
WINDSOR AND MAIDENHEAD UA," 5,865 ", 310 ,18.8,0.4," 2,325 ", 120 ,19.1,0.6," 3,540 ", 190 ,18.6,0.5," 2,605 ", 135 ,19.0,0.7," 3,260 ", 175 ,18.6,0.5,,,
WOKINGHAM UA," 4,750 ", 260 ,18.3,0.5," 2,035 ", 105 ,19.2,0.6," 2,720 ", 155 ,17.6,0.6," 2,320 ", 120 ,19.0,0.7," 2,435 ", 140 ,17.6,0.6,,,
ESSEX," 7,200 ", 385 ,18.6,0.4," 2,400 ", 125 ,19.1,0.7," 4,800 ", 260 ,18.4,0.5," 2,165 ", 110 ,19.3,0.7," 5,040 ", 275 ,18.3,0.4,,,
SOUTHEND UA," 7,185 ", 380 ,18.9,0.4," 2,405 ", 125 ,19.3,0.6," 4,775 ", 255 ,18.7,0.5," 1,970 ", 100 ,19.7,0.8," 5,210 ", 280 ,18.6,0.4,,,
THURROCK UA," 5,465 ", 295 ,18.6,0.4," 1,795 ", 95 ,18.9,0.7," 3,670 ", 200 ,18.5,0.5," 1,305 ", 70 ,19.2,0.8," 4,160 ", 225 ,18.5,0.5,,,
CAMBRIDGESHIRE," 8,060 ", 425 ,19.0,0.3," 2,985 ", 155 ,19.2,0.6," 5,075 ", 270 ,18.9,0.4," 2,430 ", 125 ,19.3,0.7," 5,630 ", 300 ,18.9,0.4,,,
PETERBOROUGH UA," 7,275 ", 385 ,18.8,0.4," 2,245 ", 120 ,18.7,0.7," 5,030 ", 265 ,18.8,0.4," 2,145 ", 115 ,18.6,0.7," 5,135 ", 270 ,18.9,0.4,,,
BEDFORD," 7,350 ", 395 ,18.7,0.4," 3,105 ", 160 ,19.3,0.6," 4,225 ", 230 ,18.3,0.5," 3,010 ", 160 ,18.8,0.7," 4,325 ", 230 ,18.6,0.5,,,
CENTRAL BEDFORDSHIRE," 6,370 ", 350 ,18.3,0.4," 2,180 ", 120 ,18.3,0.7," 4,190 ", 230 ,18.3,0.5," 1,770 ", 100 ,18.1,0.9," 4,600 ", 250 ,18.4,0.4,,,
CAMDEN," 5,510 ", 315 ,17.6,0.5," 2,220 ", 125 ,17.8,0.8," 2,670 ", 150 ,17.8,0.7," 2,205 ", 125 ,17.6,0.8," 2,595 ", 145 ,17.9,0.7,,,
GREENWICH," 6,350 ", 355 ,18.0,0.4," 2,090 ", 115 ,18.5,0.9," 4,245 ", 240 ,17.8,0.5," 2,440 ", 135 ,17.8,0.8," 3,910 ", 215 ,18.1,0.5,,,
HACKNEY," 5,915 ", 320 ,18.4,0.5," 2,300 ", 125 ,18.4,0.7," 3,615 ", 195 ,18.4,0.6," 2,575 ", 140 ,18.1,0.8," 3,340 ", 180 ,18.6,0.6,,,
HAMMERSMITH AND FULHAM," 6,230 ", 345 ,18.0,0.5," 3,020 ", 160 ,18.7,0.7," 3,205 ", 185 ,17.4,0.7," 2,480 ", 140 ,18.0,0.8," 3,750 ", 210 ,18.0,0.6,,,
ISLINGTON," 6,600 ", 365 ,18.1,0.4," 2,465 ", 135 ,18.1,0.8," 4,135 ", 230 ,18.1,0.5," 2,700 ", 155 ,17.4,0.7," 3,900 ", 210 ,18.7,0.6,,,
KENSINGTON AND CHELSEA," 6,990 ", 390 ,17.9,0.4," 3,060 ", 175 ,17.5,0.7," 3,930 ", 215 ,18.3,0.6," 2,925 ", 170 ,17.2,0.7," 4,065 ", 220 ,18.5,0.5,,,
LAMBETH," 6,125 ", 350 ,17.4,0.5," 2,670 ", 150 ,17.7,0.8," 3,455 ", 200 ,17.2,0.7," 2,425 ", 140 ,17.1,0.9," 3,700 ", 210 ,17.6,0.6,,,
LEWISHAM," 6,720 ", 380 ,17.7,0.4," 2,525 ", 140 ,18.2,0.8," 4,195 ", 240 ,17.5,0.5," 2,050 ", 115 ,18.0,0.9," 4,670 ", 265 ,17.6,0.5,,,
SOUTHWARK," 5,985 ", 345 ,17.4,0.5," 2,495 ", 145 ,17.3,0.8," 3,490 ", 200 ,17.5,0.6," 3,210 ", 185 ,17.4,0.7," 2,780 ", 160 ,17.4,0.6,,,
TOWER HAMLETS," 9,125 ", 510 ,17.9,0.4," 3,770 ", 210 ,18.1,0.6," 5,350 ", 300 ,17.8,0.5," 3,210 ", 180 ,18.0,0.7," 5,915 ", 330 ,17.9,0.5,,,
WANDSWORTH," 6,585 ", 350 ,18.7,0.4," 2,690 ", 140 ,19.4,0.6," 3,480 ", 190 ,18.3,0.6," 2,605 ", 130 ,19.7,0.6," 3,535 ", 195 ,18.0,0.6,,,
WESTMINSTER," 7,410 ", 425 ,17.4,0.4," 2,755 ", 160 ,17.2,0.7," 4,655 ", 265 ,17.6,0.5," 2,510 ", 150 ,16.7,0.8," 4,865 ", 275 ,17.8,0.5,,,
CITY OF LONDON, .. , .. ,..,.., .. , .. ,..,.., .. , .. ,..,.., .. , .. ,..,.., .. , .. ,..,..,,,
BARKING AND DAGENHAM," 4,955 ", 255 ,19.5,0.4," 1,745 ", 90 ,19.4,0.9," 3,210 ", 165 ,19.6,0.5," 2,635 ", 135 ,19.8,0.6," 2,325 ", 120 ,19.2,0.6,,,
BARNET," 5,900 ", 320 ,18.4,0.4," 1,960 ", 105 ,18.3,0.8," 3,940 ", 215 ,18.5,0.5," 2,160 ", 120 ,18.2,0.9," 3,740 ", 200 ,18.6,0.5,,,
BEXLEY," 5,305 ", 295 ,17.9,0.5," 2,315 ", 125 ,18.8,0.7," 2,990 ", 175 ,17.2,0.6," 2,310 ", 125 ,18.5,0.8," 2,885 ", 165 ,17.5,0.6,,,
BRENT," 3,755 ", 215 ,17.5,0.6," 1,345 ", 75 ,17.7,1.0," 2,405 ", 140 ,17.4,0.7," 1,405 ", 75 ,18.3,1.0," 2,345 ", 135 ,17.1,0.7,,,
BROMLEY," 7,910 ", 430 ,18.4,0.4," 2,820 ", 155 ,18.4,0.7," 5,095 ", 280 ,18.3,0.5," 2,360 ", 125 ,19.0,0.7," 5,550 ", 305 ,18.1,0.4,,,
CROYDON," 6,290 ", 345 ,18.3,0.4," 2,405 ", 130 ,18.2,0.7," 3,885 ", 210 ,18.4,0.6," 2,260 ", 125 ,18.2,0.8," 4,030 ", 220 ,18.4,0.5,,,
EALING," 5,530 ", 315 ,17.7,0.5," 2,385 ", 130 ,18.5,0.8," 3,145 ", 185 ,17.1,0.7," 2,210 ", 125 ,17.8,0.9," 3,320 ", 190 ,17.6,0.6,,,
ENFIELD," 6,950 ", 390 ,17.9,0.4," 2,655 ", 150 ,17.9,0.7," 4,295 ", 240 ,17.8,0.5," 2,655 ", 150 ,17.7,0.7," 4,295 ", 240 ,18.0,0.5,,,
HARINGEY," 6,070 ", 335 ,18.0,0.4," 2,720 ", 150 ,18.4,0.7," 3,350 ", 190 ,17.7,0.6," 3,395 ", 185 ,18.3,0.6," 2,675 ", 150 ,17.7,0.6,,,
HARROW," 4,255 ", 235 ,18.2,0.5," 1,430 ", 80 ,17.6,1.0," 2,825 ", 155 ,18.5,0.5," 1,100 ", 65 ,17.5,1.2," 3,150 ", 170 ,18.4,0.5,,,
HAVERING," 6,845 ", 380 ,17.9,0.4," 2,280 ", 125 ,18.2,0.7," 4,570 ", 255 ,17.8,0.5," 1,815 ", 100 ,18.5,0.8," 5,030 ", 285 ,17.7,0.5,,,
HILLINGDON," 5,020 ", 275 ,18.3,0.5," 1,925 ", 105 ,18.3,0.8," 3,095 ", 170 ,18.3,0.6," 1,895 ", 100 ,19.0,0.8," 3,120 ", 175 ,17.9,0.6,,,
HOUNSLOW," 21,610 "," 1,235 ",17.5,0.3," 8,870 ", 510 ,17.4,0.4," 12,740 ", 725 ,17.5,0.3," 9,810 ", 570 ,17.2,0.4," 11,775 ", 665 ,17.7,0.3,,,
KINGSTON UPON THAMES," 3,790 ", 205 ,18.3,0.6," 1,560 ", 85 ,18.8,0.9," 2,230 ", 125 ,18.0,0.7," 1,665 ", 90 ,18.7,0.9," 2,120 ", 120 ,18.0,0.7,,,
MERTON," 5,865 ", 335 ,17.6,0.4," 2,375 ", 135 ,17.7,0.6," 3,495 ", 200 ,17.6,0.6," 1,965 ", 110 ,17.7,0.8," 3,905 ", 220 ,17.6,0.5,,,
NEWHAM," 6,865 ", 385 ,17.9,0.4," 3,180 ", 170 ,18.6,0.6," 3,685 ", 210 ,17.4,0.6," 2,530 ", 135 ,18.7,0.8," 4,335 ", 250 ,17.5,0.5,,,
REDBRIDGE," 7,820 ", 400 ,19.4,0.4," 2,980 ", 155 ,19.5,0.7," 4,840 ", 250 ,19.4,0.5," 2,495 ", 130 ,19.2,0.8," 5,320 ", 270 ,19.6,0.5,,,
RICHMOND UPON THAMES, .. , .. ,..,.., .. , .. ,..,.., .. , .. ,..,.., .. , .. ,..,.., .. , .. ,..,..,,,
SUTTON," 7,750 ", 420 ,18.5,0.4," 2,750 ", 150 ,18.5,0.6," 5,000 ", 270 ,18.4,0.5," 2,745 ", 145 ,18.8,0.7," 4,990 ", 275 ,18.3,0.4,,,
WALTHAM FOREST," 6,485 ", 365 ,17.7,0.4," 2,715 ", 150 ,17.9,0.7," 3,770 ", 215 ,17.5,0.6," 2,830 ", 160 ,17.9,0.7," 3,655 ", 210 ,17.5,0.6,,,
ISLE OF WIGHT UA," 4,730 ", 250 ,19.1,0.5," 1,625 ", 85 ,19.1,0.8," 3,105 ", 165 ,19.1,0.6," 1,215 ", 65 ,18.4,1.1," 3,515 ", 180 ,19.3,0.5,,,
SURREY," 7,630 ", 400 ,19.1,0.4," 2,785 ", 145 ,19.1,0.6," 4,850 ", 255 ,19.1,0.4," 2,690 ", 140 ,19.5,0.6," 4,940 ", 260 ,18.9,0.4,,,
WEST SUSSEX," 6,850 ", 370 ,18.4,0.4," 2,200 ", 120 ,18.6,0.7," 4,655 ", 255 ,18.3,0.5," 2,215 ", 120 ,18.8,0.7," 4,640 ", 255 ,18.3,0.5,,,
DORSET," 6,780 ", 355 ,19.2,0.3," 2,420 ", 130 ,18.9,0.6," 4,360 ", 225 ,19.3,0.4," 2,505 ", 130 ,19.1,0.6," 4,275 ", 225 ,19.2,0.5,,,
BOURNEMOUTH UA," 7,560 ", 400 ,18.9,0.4," 2,655 ", 140 ,19.1,0.6," 4,900 ", 260 ,18.9,0.4," 2,415 ", 125 ,19.2,0.6," 5,145 ", 275 ,18.8,0.4,,,
POOLE UA," 6,660 ", 365 ,18.3,0.4," 2,370 ", 130 ,18.4,0.7," 4,285 ", 235 ,18.3,0.5," 2,155 ", 115 ,18.7,0.8," 4,505 ", 250 ,18.2,0.5,,,
HAMPSHIRE," 7,530 ", 390 ,19.3,0.4," 2,600 ", 130 ,19.7,0.5," 4,930 ", 260 ,19.1,0.5," 2,420 ", 125 ,19.7,0.6," 5,105 ", 265 ,19.1,0.5,,,
PORTSMOUTH UA," 6,130 ", 315 ,19.4,0.4," 2,075 ", 105 ,19.6,0.7," 4,055 ", 210 ,19.3,0.5," 2,160 ", 105 ,20.2,0.7," 3,965 ", 210 ,19.0,0.5,,,
SOUTHAMPTON UA," 6,645 ", 360 ,18.4,0.4," 2,495 ", 135 ,18.5,0.7," 4,150 ", 225 ,18.4,0.5," 2,110 ", 115 ,18.3,0.8," 4,535 ", 245 ,18.4,0.4,,,
EAST SUSSEX," 6,175 ", 330 ,18.8,0.4," 2,420 ", 130 ,18.8,0.6," 3,755 ", 200 ,18.9,0.5," 1,950 ", 105 ,18.2,0.8," 4,225 ", 220 ,19.1,0.4,,,
BRIGHTON AND HOVE UA," 5,990 ", 320 ,18.7,0.5," 1,885 ", 100 ,19.0,0.9," 4,105 ", 220 ,18.5,0.5," 1,970 ", 105 ,18.8,0.9," 4,015 ", 215 ,18.6,0.5,,,
WILTSHIRE," 6,680 ", 345 ,19.4,0.4," 2,650 ", 140 ,19.2,0.6," 4,030 ", 205 ,19.6,0.5," 3,595 ", 185 ,19.3,0.6," 3,085 ", 160 ,19.5,0.5,,,
SWINDON UA," 4,875 ", 255 ,19.1,0.5," 1,915 ", 100 ,19.2,0.7," 2,960 ", 155 ,19.1,0.6," 2,625 ", 135 ,19.3,0.7," 2,255 ", 120 ,18.9,0.6,,,
KENT," 7,475 ", 405 ,18.5,0.4," 2,150 ", 115 ,18.5,0.8," 5,325 ", 290 ,18.4,0.4," 2,235 ", 120 ,18.3,0.7," 5,240 ", 285 ,18.5,0.4,,,
MEDWAY TOWNS UA," 6,505 ", 345 ,18.9,0.4," 2,160 ", 115 ,18.6,0.6," 4,345 ", 230 ,19.0,0.5," 1,550 ", 85 ,18.7,1.0," 4,955 ", 260 ,18.9,0.5,,,
CORNWALL," 16,345 ", 850 ,19.2,0.2," 5,615 ", 285 ,19.7,0.4," 10,715 ", 565 ,19.0,0.3," 4,870 ", 245 ,20.0,0.4," 11,475 ", 605 ,18.9,0.3,,,
GLOUCESTERSHIRE," 11,800 ", 630 ,18.7,0.3," 4,805 ", 260 ,18.6,0.5," 6,995 ", 375 ,18.7,0.4," 3,265 ", 175 ,18.6,0.6," 8,535 ", 455 ,18.7,0.3,,,
SOMERSET," 11,305 ", 610 ,18.6,0.3," 3,905 ", 210 ,18.8,0.5," 7,400 ", 400 ,18.5,0.4," 2,990 ", 160 ,18.7,0.6," 8,230 ", 445 ,18.6,0.3,,,
ISLES OF SCILLY, .. , .. ,..,.., .. , .. ,..,.., .. , .. ,..,.., .. , .. ,..,.., .. , .. ,..,..,,,
BATH AND NORTH EAST SOMERSET UA," 7,965 ", 425 ,18.8,0.4," 2,780 ", 150 ,18.8,0.6," 5,185 ", 275 ,18.8,0.4," 2,845 ", 145 ,19.3,0.6," 5,120 ", 275 ,18.5,0.4,,,
BRISTOL UA," 3,610 ", 195 ,18.5,0.6," 1,340 ", 70 ,18.6,1.0," 2,270 ", 125 ,18.4,0.8," 1,310 ", 70 ,18.2,1.2," 2,300 ", 125 ,18.7,0.6,,,
NORTH SOMERSET UA," 6,445 ", 335 ,19.1,0.4," 2,030 ", 105 ,19.1,0.7," 4,420 ", 230 ,19.1,0.5," 2,015 ", 105 ,19.2,0.7," 4,430 ", 230 ,19.1,0.5,,,
SOUTH GLOUCESTERSHIRE UA," 7,820 ", 415 ,18.7,0.4," 2,625 ", 135 ,19.3,0.5," 5,190 ", 280 ,18.5,0.4," 2,235 ", 120 ,18.8,0.8," 5,585 ", 300 ,18.7,0.4,,,
DEVON," 7,800 ", 415 ,18.8,0.4," 3,070 ", 160 ,19.0,0.6," 4,730 ", 255 ,18.7,0.5," 3,220 ", 175 ,18.4,0.7," 4,580 ", 240 ,19.1,0.4,,,
PLYMOUTH UA," 8,820 ", 460 ,19.2,0.3," 3,170 ", 170 ,18.8,0.6," 5,650 ", 290 ,19.4,0.4," 3,105 ", 160 ,19.3,0.6," 5,715 ", 300 ,19.1,0.4,,,
TORBAY UA," 8,685 ", 460 ,19.0,0.4," 2,770 ", 145 ,19.0,0.7," 5,915 ", 310 ,19.0,0.4," 2,810 ", 155 ,18.4,0.8," 5,875 ", 305 ,19.3,0.4,,,
,,,,,,,,,,,,,,,,,,,,,,,
ENGLAND," 16,060,845 "," 860,815 ",18.7,0.0," 5,848,960 "," 312,420 ",18.7,0.1," 10,193,970 "," 547,305 ",18.6,0.0," 5,247,835 "," 280,425 ",18.7,0.1," 10,789,140 "," 578,985 ",18.6,0.0,,,
Number of councils the National total is based,,,149,,,,149,,,,149,,,,149,,,,149,,,,
,,,,,,,,,,,,,,,,,,,,,,,
Shire Counties," 5,905,885 "," 315,085 ",18.7,0.1," 2,123,205 "," 112,765 ",18.8,0.1," 3,782,250 "," 202,275 ",18.7,0.1," 1,807,100 "," 95,700 ",18.9,0.2," 4,096,610 "," 219,250 ",18.7,0.1,,,
Unitary Authorities," 3,961,840 "," 210,405 ",18.8,0.1," 1,440,615 "," 76,225 ",18.9,0.1," 2,515,300 "," 133,820 ",18.8,0.1," 1,321,235 "," 70,045 ",18.9,0.1," 2,634,450 "," 139,990 ",18.8,0.1,,,
Metropolitan Districts," 3,920,045 "," 209,300 ",18.7,0.1," 1,394,100 "," 74,430 ",18.7,0.1," 2,525,520 "," 134,850 ",18.7,0.1," 1,235,955 "," 65,780 ",18.8,0.1," 2,682,730 "," 143,450 ",18.7,0.1,,,
Inner London," 897,855 "," 50,425 ",17.8,0.1," 362,135 "," 20,175 ",18.0,0.2," 524,575 "," 29,590 ",17.7,0.2," 361,930 "," 20,500 ",17.7,0.2," 523,165 "," 29,185 ",17.9,0.2,,,
Outer London," 1,375,220 "," 75,600 ",18.2,0.1," 528,900 "," 28,830 ",18.3,0.2," 846,320 "," 46,770 ",18.1,0.1," 521,615 "," 28,395 ",18.4,0.2," 852,185 "," 47,115 ",18.1,0.1,,,
,,,,,,,,,,,,,,,,,,,,,,,
North East," 1,102,455 "," 58,385 ",18.9,0.1," 398,005 "," 21,015 ",18.9,0.2," 704,450 "," 37,370 ",18.8,0.2," 346,110 "," 18,295 ",18.9,0.3," 756,345 "," 40,090 ",18.9,0.2,,,
North West," 2,607,820 "," 138,285 ",18.9,0.1," 943,790 "," 50,050 ",18.9,0.2," 1,663,950 "," 88,230 ",18.9,0.1," 854,855 "," 45,425 ",18.8,0.2," 1,751,960 "," 92,815 ",18.9,0.1,,,
Yorkshire and the Humber," 1,804,105 "," 95,500 ",18.9,0.1," 655,835 "," 34,675 ",18.9,0.2," 1,148,275 "," 60,825 ",18.9,0.1," 554,385 "," 29,135 ",19.0,0.2," 1,249,725 "," 66,360 ",18.8,0.1,,,
East Midlands," 1,155,100 "," 62,035 ",18.6,0.2," 409,470 "," 21,650 ",18.9,0.3," 740,050 "," 40,050 ",18.5,0.2," 363,880 "," 19,360 ",18.8,0.3," 785,640 "," 42,340 ",18.6,0.2,,,
West Midlands," 1,675,960 "," 89,870 ",18.6,0.1," 594,385 "," 31,935 ",18.6,0.2," 1,080,720 "," 57,860 ",18.7,0.1," 508,560 "," 27,050 ",18.8,0.2," 1,165,440 "," 62,700 ",18.6,0.1,,,
South West," 1,614,495 "," 85,510 ",18.9,0.1," 594,025 "," 31,350 ",18.9,0.2," 1,020,335 "," 54,150 ",18.8,0.1," 574,010 "," 30,460 ",18.8,0.2," 1,039,475 "," 54,985 ",18.9,0.1,,,
Eastern," 1,785,510 "," 96,045 ",18.6,0.2," 648,475 "," 34,810 ",18.6,0.3," 1,136,905 "," 61,225 ",18.6,0.2," 504,365 "," 26,600 ",19.0,0.3," 1,281,015 "," 69,440 ",18.4,0.2,,,
London," 2,273,075 "," 126,025 ",18.0,0.1," 891,035 "," 49,000 ",18.2,0.1," 1,370,895 "," 76,360 ",18.0,0.1," 883,545 "," 48,895 ",18.1,0.1," 1,375,350 "," 76,300 ",18.0,0.1,,,
South East," 2,042,325 "," 109,165 ",18.7,0.1," 713,930 "," 37,935 ",18.8,0.2," 1,328,395 "," 71,235 ",18.6,0.1," 658,130 "," 35,210 ",18.7,0.2," 1,384,195 "," 73,955 ",18.7,0.1,,,
,,,,,,,,,,,,,,,,,,,,,,,
Notes,,,,,,,,,,,,,,,,,,,,,,,
1. Caution should be taken when comparing data historically please refer to the notes in the table above highlighted in RED and the accompanying NIS Description sheet.,,,,,,,,,,,,,,,,,,,,,,,
2. Numerator and denominator values used to calculate the indicator are rounded to the nearest 5,,,,,,,,,,,,,,,,,,,,,,,
3. .. Represents data that is unavailable,,,,,,,,,,,,,,,,,,,,,,,
4. Some indicator values for some councils are based on small numbers and should be treated with caution,,,,,,,,,,,,,,,,,,,,,,,
5. Surveys produce statistics that are estimates of the real figure for the whole population which would only be known if the entire population was surveyed.  Therefore estimates from the sample surveys are always surrounded by a level of uncertainty and the margin of error has been provided.,,,,,,,,,,,,,,,,,,,,,,,
,,,,,,,,,,,,,,,,,,,,,,,
,,,,,,,,,,,,,,,,,,,,,,,
"Copyright � 2012, The Health and Social Care Information Centre.  All Rights Reserved.",,,,,,,,,,,,,,,,,,,,,,,
