NIS Indicators,Achieving Independence for older people through rehabilitation/intermediate care,,,,,,,,,,,,,,,,,,,
,"From 2010/11, the collection of the denominator will be over a three month period (1 October to 31 December), with the collection of the numerator beginning three months in.",,,,,,,,,,,,,,,,,,,
,TOTAL,,,MALE,,,FEMALE,,,65-74,,,75-84,,,85+,,,,
,NI 125,NI 125,NI125 (VSC04),NI 125,NI 125,NI125 (VSC04),NI 125,NI 125,NI125 (VSC04),NI 125,NI 125,NI125 (VSC04),NI 125,NI 125,NI125 (VSC04),NI 125,NI 125,NI125 (VSC04),,
,Numerator,Denominator,Indicator,Numerator,Denominator,Indicator,Numerator,Denominator,Indicator,Numerator,Denominator,Indicator,Numerator,Denominator,Indicator,Numerator,Denominator,Indicator,,
,,,,,,,,,,,,,,,,,,,,
,Number of discharges in denominator where person was still at home 91 days later (65 and over),Number of discharges to rehabilitation where the intention is for the patient to go back home (65 and over),The proportion of older people aged 65 and over discharged from hospital to intermediate care/rehabilitation/re-ablement who are still living 'at home' three months after the date of their discharge from hospital. (aged 65+),Number of discharges in denominator where person was still at home 91 days later (65 and over),Number of discharges to rehabilitation where the intention is for the patient to go back home (65 and over),The proportion of older people aged 65 and over discharged from hospital to intermediate care/rehabilitation/re-ablement who are still living 'at home' three months after the date of their discharge from hospital. (aged 65+),Number of discharges in denominator where person was still at home 91 days later (65 and over),Number of discharges to rehabilitation where the intention is for the patient to go back home (65 and over),The proportion of older people aged 65 and over discharged from hospital to intermediate care/rehabilitation/re-ablement who are still living 'at home' three months after the date of their discharge from hospital. (aged 65+),Number of discharges in denominator where person was still at home 91 days later (65-74),Number of discharges to rehabilitation where the intention is for the patient to go back home (65-74),The proportion of older people aged 65 and over discharged from hospital to intermediate care/rehabilitation/re-ablement who are still living 'at home' three months after the date of their discharge from hospital. (aged 65-74),Number of discharges in denominator where person was still at home 91 days later (75-84),Number of discharges to rehabilitation where the intention is for the patient to go back home (75-84),The proportion of older people aged 65 and over discharged from hospital to intermediate care/rehabilitation/re-ablement who are still living 'at home' three months after the date of their discharge from hospital. (aged 75-84),Number of discharges in denominator where person was still at home 91 days later (85 and over),Number of discharges to rehabilitation where the intention is for the patient to go back home (85 and over),The proportion of older people aged 65 and over discharged from hospital to intermediate care/rehabilitation/re-ablement who are still living 'at home' three months after the date of their discharge from hospital. (aged 85+),,
,ASC-CAR: Table I1,ASC-CAR: Table I1,,ASC-CAR: Table I1,ASC-CAR: Table I1,,ASC-CAR: Table I1,ASC-CAR: Table I1,,,,,,,,,,,,
,,,,,,,,,,,,,,,,,,,,
CUMBRIA, 265 , 305 ,86.2, 190 , 215 ,89.2, 75 , 90 ,79.3, 55 , 65 ,87.5, 115 , 130 ,90.6, 90 , 115 ,80.5,,
NORTHUMBERLAND, 190 , 210 ,90.0, 70 , 80 ,87.2, 120 , 130 ,91.7, 50 , 55 ,89.1, 90 , 100 ,93.9, 50 , 55 ,84.2,,
GATESHEAD, 180 , 205 ,89.2, 55 , 65 ,86.4, 125 , 140 ,90.6, 45 , 50 ,95.9, 85 , 100 ,86.7, 50 , 55 ,87.7,,
NEWCASTLE UPON TYNE, 135 , 150 ,90.5, 40 , 45 ,88.4, 95 , 105 ,91.4, 10 , 15 ,84.6, 75 , 80 ,92.7, 45 , 55 ,88.7,,
NORTH TYNESIDE, 115 , 135 ,83.1, 40 , 45 ,84.4, 75 , 90 ,82.4, 10 , 15 ,85.7, 50 , 60 ,88.1, 50 , 65 ,77.8,,
SOUTH TYNESIDE, 90 , 125 ,70.6, 25 , 35 ,68.6, 65 , 90 ,71.4, 15 , 15 ,93.3, 40 , 60 ,70.0, 35 , 50 ,64.7,,
SUNDERLAND, 185 , 240 ,77.1, 55 , 70 ,82.4, 130 , 170 ,75.0, 35 , 40 ,87.2, 90 , 115 ,78.9, 60 , 85 ,70.1,,
HARTLEPOOL UA, 50 , 60 ,89.7, 15 , 15 ,94.1, 35 , 40 ,87.8, 10 , 10 ,100.0, 25 , 25 ,92.6, 15 , 20 ,80.0,,
MIDDLESBROUGH UA, 85 , 100 ,83.2, 30 , 35 ,86.5, 50 , 65 ,81.3, 20 , 25 ,91.7, 40 , 50 ,80.8, 20 , 25 ,80.0,,
REDCAR AND CLEVELAND UA, 20 , 20 ,90.0, - , - ,-, - , - ,-, - , - ,-, - , - ,-, - , - ,-,,
STOCKTON ON TEES UA, 60 , 85 ,68.2, 20 , 25 ,75.0, 40 , 60 ,65.6, 20 , 30 ,67.9, 25 , 40 ,63.2, 15 , 20 ,78.9,,
DURHAM, 145 , 160 ,88.3, 40 , 45 ,93.0, 105 , 120 ,86.6, 25 , 25 ,92.3, 60 , 75 ,84.9, 55 , 65 ,90.5,,
DARLINGTON UA, 140 , 195 ,72.0, 50 , 70 ,71.4, 90 , 125 ,72.4, 20 , 25 ,79.2, 60 , 80 ,76.5, 60 , 90 ,65.9,,
BARNSLEY, 95 , 125 ,78.9, 30 , 35 ,75.7, 70 , 85 ,80.2, 15 , 15 ,76.5, 45 , 55 ,86.8, 40 , 55 ,71.7,,
DONCASTER, 75 , 140 ,51.4, 25 , 55 ,44.6, 50 , 85 ,55.8, 20 , 30 ,56.3, 35 , 55 ,63.0, 20 , 55 ,37.5,,
ROTHERHAM, 50 , 60 ,85.0, 20 , 20 ,90.0, 35 , 40 ,82.5, 10 , 10 ,90.0, 15 , 20 ,89.5, 25 , 30 ,80.6,,
SHEFFIELD, 500 , 595 ,83.6, 155 , 185 ,82.4, 345 , 410 ,84.1, 70 , 70 ,95.8, 205 , 235 ,87.7, 225 , 290 ,77.2,,
BRADFORD, 75 , 95 ,79.6, 20 , 25 ,75.0, 55 , 70 ,81.2, 15 , 15 ,87.5, 25 , 30 ,83.9, 35 , 45 ,73.9,,
CALDERDALE, 110 , 130 ,84.8, 70 , 85 ,86.7, 40 , 50 ,81.6, 30 , 30 ,93.5, 35 , 45 ,86.0, 45 , 60 ,79.3,,
KIRKLEES, 55 , 60 ,88.7, 20 , 25 ,74.1, 35 , 35 ,100.0, 10 , 15 ,84.6, 25 , 30 ,92.9, 20 , 20 ,85.7,,
LEEDS, 45 , 55 ,85.5, 20 , 20 ,85.7, 30 , 35 ,85.3, 10 , 15 ,92.3, 20 , 25 ,77.8, 15 , 15 ,93.3,,
WAKEFIELD, 85 , 130 ,65.1, 30 , 55 ,58.5, 55 , 75 ,69.7, 15 , 15 ,100.0, 20 , 45 ,48.8, 45 , 70 ,67.1,,
EAST RIDING OF YORKSHIRE UA, 55 , 60 ,91.7, 35 , 40 ,94.7, 20 , 20 ,86.4, 5 , 5 ,100.0, 25 , 30 ,89.7, 20 , 25 ,91.7,,
KINGSTON UPON HULL UA, 45 , 55 ,84.9, 15 , 20 ,78.9, 30 , 35 ,88.2, 5 , 5 ,85.7, 20 , 25 ,84.6, 15 , 20 ,85.0,,
NORTH EAST LINCOLNSHIRE UA, 60 , 60 ,96.7, 20 , 20 ,100.0, 40 , 45 ,95.3, 10 , 10 ,100.0, 30 , 30 ,96.8, 20 , 20 ,95.5,,
NORTH LINCOLNSHIRE UA, 40 , 50 ,84.0, 10 , 15 ,78.6, 30 , 35 ,86.1, - , - ,-, - , - ,-, - , - ,-,,
NORTH YORKSHIRE, 405 , 470 ,86.5, 265 , 300 ,88.3, 140 , 170 ,83.5, 65 , 65 ,94.0, 170 , 190 ,88.4, 175 , 210 ,82.5,,
YORK UA, 35 , 35 ,97.1, 5 , 5 ,85.7, 30 , 30 ,100.0, - , - ,-, - , - ,-, - , - ,-,,
BOLTON, 80 , 155 ,52.3, 30 , 60 ,51.6, 50 , 90 ,52.7, 15 , 30 ,55.2, 35 , 55 ,61.8, 30 , 70 ,43.5,,
BURY, 150 , 195 ,75.1, 45 , 75 ,60.8, 105 , 125 ,83.7, 20 , 20 ,90.5, 60 , 70 ,89.7, 70 , 110 ,63.0,,
MANCHESTER, 290 , 450 ,64.1, 105 , 170 ,62.6, 180 , 280 ,65.0, 65 , 100 ,64.0, 120 , 175 ,69.3, 105 , 175 ,58.9,,
OLDHAM, 95 , 125 ,76.8, 30 , 40 ,84.2, 65 , 85 ,73.6, 15 , 15 ,87.5, 40 , 55 ,74.1, 40 , 55 ,76.4,,
ROCHDALE, 125 , 200 ,62.4, 40 , 60 ,67.2, 85 , 140 ,60.3, 25 , 40 ,62.5, 55 , 70 ,74.6, 50 , 90 ,52.7,,
SALFORD, 240 , 290 ,82.2, 75 , 100 ,78.6, 165 , 195 ,84.0, 45 , 55 ,83.0, 115 , 135 ,84.6, 80 , 105 ,78.6,,
STOCKPORT, 130 , 160 ,80.2, 35 , 45 ,76.7, 95 , 120 ,81.5, 15 , 15 ,93.3, 50 , 55 ,85.7, 70 , 90 ,74.7,,
TAMESIDE, 205 , 240 ,84.3, 60 , 75 ,81.3, 145 , 165 ,85.6, 45 , 50 ,93.8, 85 , 105 ,83.5, 75 , 90 ,80.2,,
TRAFFORD, 170 , 230 ,73.7, 65 , 90 ,71.1, 105 , 140 ,75.4, 20 , 35 ,54.3, 75 , 95 ,79.8, 75 , 100 ,74.7,,
WIGAN, 385 , 475 ,81.1, 115 , 145 ,80.1, 270 , 330 ,81.5, 85 , 100 ,87.8, 180 , 210 ,85.6, 120 , 170 ,71.8,,
KNOWSLEY, 80 , 105 ,75.2, 35 , 50 ,71.4, 45 , 55 ,78.6, 25 , 30 ,93.1, 35 , 50 ,66.7, 20 , 25 ,72.0,,
LIVERPOOL, 305 , 355 ,85.4, 95 , 110 ,84.7, 210 , 245 ,85.7, 45 , 50 ,90.2, 145 , 160 ,89.9, 115 , 145 ,78.8,,
SEFTON, 350 , 410 ,85.4, 105 , 125 ,81.9, 245 , 285 ,86.9, 55 , 65 ,87.5, 155 , 180 ,86.6, 140 , 165 ,83.2,,
ST HELENS, 40 , 45 ,93.3, 15 , 15 ,93.8, 25 , 30 ,93.1, 10 , 10 ,100.0, 15 , 15 ,93.3, 20 , 20 ,90.9,,
WIRRAL, 210 , 230 ,91.8, 70 , 75 ,89.5, 145 , 155 ,92.9, 25 , 30 ,87.1, 90 , 95 ,94.7, 95 , 105 ,90.5,,
HALTON UA, 55 , 75 ,68.8, 15 , 25 ,61.5, 35 , 50 ,72.5, 15 , 15 ,82.4, 20 , 30 ,70.0, 20 , 30 ,60.0,,
WARRINGTON UA, 130 , 150 ,86.1, 45 , 50 ,89.6, 85 , 105 ,84.5, 25 , 25 ,92.3, 60 , 65 ,87.9, 50 , 60 ,81.4,,
LANCASHIRE, 245 , 330 ,75.1, 70 , 95 ,73.2, 175 , 230 ,75.9, 40 , 50 ,85.7, 110 , 155 ,71.2, 95 , 125 ,75.6,,
BLACKBURN WITH DARWEN UA, 65 , 75 ,89.3, 25 , 30 ,93.1, 40 , 45 ,87.0, 15 , 15 ,82.4, 35 , 40 ,92.3, 15 , 20 ,89.5,,
BLACKPOOL UA, 60 , 80 ,75.3, 20 , 30 ,65.6, 40 , 50 ,81.6, 10 , 10 ,72.7, 30 , 35 ,82.4, 25 , 35 ,69.4,,
CHESHIRE EAST, 300 , 390 ,76.8, 95 , 115 ,80.2, 210 , 275 ,75.4, 40 , 50 ,81.6, 120 , 145 ,82.5, 145 , 200 ,71.5,,
CHESHIRE WEST AND CHESTER, 90 , 105 ,83.2, 25 , 30 ,81.3, 65 , 75 ,84.0, 10 , 10 ,83.3, 45 , 50 ,88.2, 35 , 45 ,77.3,,
WARWICKSHIRE, 310 , 355 ,86.3, 120 , 140 ,83.1, 190 , 215 ,88.4, 60 , 65 ,92.4, 130 , 150 ,87.3, 115 , 140 ,82.3,,
BIRMINGHAM, 700 , 855 ,81.7, 240 , 300 ,80.6, 460 , 560 ,82.3, 100 , 105 ,92.5, 280 , 335 ,84.7, 320 , 415 ,76.5,,
COVENTRY, 170 , 200 ,86.9, 55 , 60 ,90.0, 120 , 140 ,85.5, 35 , 35 ,100.0, 60 , 65 ,89.6, 80 , 95 ,80.4,,
DUDLEY, 150 , 175 ,85.1, 50 , 65 ,77.8, 100 , 110 ,89.2, 15 , 15 ,88.2, 60 , 70 ,87.0, 75 , 90 ,83.0,,
SANDWELL, 165 , 190 ,85.4, 70 , 85 ,84.5, 95 , 110 ,86.1, 25 , 25 ,88.9, 75 , 85 ,84.9, 65 , 80 ,84.8,,
SOLIHULL, 75 , 95 ,76.0, 20 , 30 ,69.0, 55 , 65 ,79.1, 10 , 10 ,90.9, 25 , 40 ,68.4, 35 , 45 ,78.7,,
WALSALL, 80 , 100 ,79.8, 30 , 35 ,78.4, 50 , 60 ,80.6, 10 , 10 ,90.9, 35 , 40 ,82.5, 35 , 50 ,75.0,,
WOLVERHAMPTON, 230 , 265 ,87.2, 95 , 105 ,89.5, 135 , 160 ,85.6, 55 , 55 ,98.2, 90 , 105 ,85.8, 85 , 105 ,82.5,,
STAFFORDSHIRE," 1,510 "," 1,850 ",81.7, 450 , 535 ,83.8," 1,065 "," 1,315 ",80.8, 265 , 275 ,96.0, 550 , 680 ,80.7, 700 , 900 ,78.1,,
STOKE-ON-TRENT UA, 100 , 115 ,87.7, 25 , 35 ,79.4, 75 , 80 ,91.3, 20 , 25 ,73.1, 45 , 45 ,95.7, 35 , 40 ,87.8,,
HEREFORDSHIRE UA, 125 , 150 ,81.6, 40 , 50 ,80.4, 85 , 100 ,82.2, 20 , 25 ,84.0, 40 , 50 ,78.4, 65 , 75 ,82.9,,
WORCESTERSHIRE, 185 , 270 ,67.5, 50 , 80 ,61.5, 135 , 195 ,69.9, 25 , 35 ,70.6, 85 , 120 ,71.2, 75 , 120 ,63.0,,
SHROPSHIRE, 45 , 50 ,84.3, 15 , 15 ,94.1, 25 , 35 ,79.4, - , - ,-, - , - ,-, - , - ,-,,
TELFORD AND WREKIN UA, 105 , 135 ,77.9, 35 , 45 ,79.1, 70 , 95 ,77.4, 20 , 25 ,77.8, 40 , 60 ,70.7, 45 , 50 ,86.3,,
LINCOLNSHIRE, 415 , 500 ,83.3, 135 , 165 ,80.1, 280 , 330 ,84.9, 55 , 60 ,88.5, 185 , 210 ,86.3, 180 , 225 ,79.1,,
NORTHAMPTONSHIRE, 395 , 545 ,72.7, 130 , 180 ,71.9, 265 , 365 ,73.2, 50 , 75 ,70.3, 160 , 200 ,78.2, 185 , 265 ,69.3,,
DERBYSHIRE, 135 , 160 ,84.3, 35 , 40 ,84.6, 100 , 120 ,84.2, 25 , 30 ,82.8, 65 , 75 ,85.1, 45 , 55 ,83.9,,
DERBY UA, 165 , 175 ,93.8, 55 , 60 ,93.1, 110 , 120 ,94.1, 35 , 35 ,94.4, 60 , 65 ,93.8, 70 , 75 ,93.4,,
LEICESTERSHIRE, 320 , 375 ,85.8, 100 , 120 ,84.3, 220 , 255 ,86.6, 40 , 50 ,85.4, 155 , 180 ,87.6, 125 , 150 ,83.8,,
LEICESTER UA, 130 , 155 ,83.8, 50 , 60 ,86.2, 80 , 95 ,82.3, 25 , 25 ,92.6, 55 , 60 ,88.7, 50 , 65 ,75.4,,
RUTLAND UA, .. , .. ,.., .. , .. ,.., .. , .. ,.., .. , .. ,.., .. , .. ,.., .. , .. ,..,,
NOTTINGHAMSHIRE, 380 , 440 ,86.6, 90 , 110 ,81.3, 290 , 330 ,88.4, 50 , 55 ,92.7, 165 , 190 ,87.2, 165 , 195 ,84.3,,
NOTTINGHAM UA, 40 , 55 ,77.8, 5 , 10 ,58.3, 35 , 40 ,83.3, - , - ,-, - , - ,-, - , - ,-,,
HERTFORDSHIRE," 1,515 "," 1,915 ",79.1, 540 , 705 ,76.5, 975 ," 1,210 ",80.7, 275 , 305 ,89.9, 650 , 830 ,78.7, 590 , 780 ,75.3,,
NORFOLK, 275 , 350 ,79.4, 105 , 135 ,79.1, 170 , 215 ,79.5, 40 , 50 ,78.8, 125 , 150 ,81.5, 115 , 145 ,77.4,,
OXFORDSHIRE, 195 , 235 ,82.2, 60 , 75 ,82.4, 135 , 160 ,82.1, 45 , 50 ,86.0, 70 , 90 ,78.7, 80 , 95 ,83.5,,
SUFFOLK, 150 , 250 ,60.8, 50 , 85 ,59.5, 100 , 165 ,61.4, 20 , 30 ,71.0, 70 , 115 ,60.2, 60 , 105 ,58.5,,
LUTON UA, 100 , 125 ,80.3, 40 , 55 ,77.4, 60 , 75 ,82.4, 20 , 25 ,73.1, 45 , 45 ,93.5, 40 , 55 ,72.7,,
BUCKINGHAMSHIRE, 120 , 155 ,79.1, 40 , 50 ,75.0, 80 , 100 ,81.2, 15 , 20 ,78.9, 45 , 60 ,73.8, 60 , 75 ,83.6,,
MILTON KEYNES UA, 65 , 75 ,84.2, 30 , 40 ,81.6, 35 , 40 ,86.8, 15 , 15 ,100.0, 30 , 35 ,82.4, 20 , 25 ,76.9,,
BRACKNELL FOREST UA, 65 , 70 ,91.4, 20 , 20 ,90.9, 45 , 50 ,91.7, 15 , 15 ,92.9, 30 , 30 ,93.5, 20 , 25 ,88.0,,
WEST BERKSHIRE UA, 50 , 55 ,98.1, 10 , 10 ,100.0, 40 , 45 ,97.7, - , - ,-, - , - ,-, - , - ,-,,
READING UA, 140 , 160 ,86.4, 50 , 60 ,83.1, 90 , 105 ,88.3, 30 , 30 ,96.8, 50 , 60 ,86.2, 60 , 75 ,82.2,,
SLOUGH UA, 45 , 50 ,94.0, 20 , 20 ,86.4, 30 , 30 ,100.0, 5 , 5 ,100.0, 15 , 15 ,93.8, 25 , 30 ,92.9,,
WINDSOR AND MAIDENHEAD UA, 90 , 105 ,87.5, 30 , 40 ,84.2, 60 , 65 ,89.4, 10 , 15 ,78.6, 40 , 45 ,89.4, 40 , 45 ,88.4,,
WOKINGHAM UA, 50 , 65 ,78.5, 20 , 25 ,79.2, 30 , 40 ,78.0, 10 , 10 ,88.9, 25 , 30 ,86.2, 20 , 25 ,66.7,,
ESSEX, 500 , 645 ,77.4, 175 , 225 ,77.8, 325 , 420 ,77.3, 55 , 70 ,81.4, 190 , 245 ,76.8, 255 , 330 ,77.0,,
SOUTHEND UA, 170 , 210 ,81.0, 45 , 55 ,78.9, 125 , 155 ,81.7, 25 , 30 ,78.1, 60 , 70 ,84.5, 85 , 105 ,79.4,,
THURROCK UA, 35 , 40 ,94.7, 10 , 10 ,83.3, 25 , 25 ,100.0, - , - ,-, - , - ,-, - , - ,-,,
CAMBRIDGESHIRE, 235 , 280 ,83.9, 80 , 100 ,80.2, 155 , 180 ,86.0, 35 , 45 ,84.1, 105 , 135 ,79.3, 90 , 100 ,90.0,,
PETERBOROUGH UA, 150 , 175 ,86.7, 45 , 50 ,84.6, 105 , 120 ,87.6, 20 , 25 ,81.5, 75 , 80 ,91.4, 55 , 65 ,83.1,,
BEDFORD, 45 , 70 ,63.4, 15 , 30 ,57.1, 30 , 45 ,67.4, 20 , 25 ,78.3, 20 , 30 ,61.3, 10 , 15 ,47.1,,
CENTRAL BEDFORDSHIRE, 115 , 145 ,79.6, 40 , 55 ,79.2, 75 , 95 ,79.8, 20 , 25 ,87.0, 55 , 65 ,81.5, 45 , 60 ,74.6,,
CAMDEN, 185 , 200 ,93.9, 75 , 75 ,96.1, 115 , 120 ,92.6, 35 , 35 ,97.1, 70 , 75 ,97.3, 80 , 90 ,90.0,,
GREENWICH, 150 , 185 ,81.1, 95 , 120 ,78.7, 55 , 65 ,85.7, 25 , 30 ,87.1, 50 , 60 ,82.3, 70 , 90 ,78.3,,
HACKNEY, 160 , 170 ,95.2, 55 , 60 ,95.0, 105 , 110 ,95.4, 35 , 35 ,97.2, 65 , 70 ,95.7, 60 , 60 ,93.5,,
HAMMERSMITH AND FULHAM, 105 , 110 ,95.4, 30 , 30 ,100.0, 75 , 80 ,93.7, 25 , 25 ,96.2, 35 , 35 ,94.4, 45 , 45 ,95.7,,
ISLINGTON, 145 , 155 ,93.6, 50 , 55 ,91.2, 95 , 100 ,94.9, 40 , 40 ,97.6, 65 , 70 ,92.6, 40 , 45 ,91.3,,
KENSINGTON AND CHELSEA, 125 , 130 ,94.6, 40 , 40 ,97.6, 80 , 90 ,93.2, 25 , 25 ,100.0, 50 , 55 ,98.1, 50 , 55 ,88.9,,
LAMBETH, 145 , 170 ,84.6, 55 , 65 ,84.4, 90 , 105 ,84.8, 35 , 35 ,91.9, 55 , 65 ,83.6, 55 , 65 ,81.5,,
LEWISHAM, 70 , 80 ,88.6, 30 , 35 ,91.2, 40 , 45 ,86.7, 15 , 15 ,100.0, 35 , 40 ,84.6, 25 , 25 ,88.5,,
SOUTHWARK, 135 , 135 ,99.3, 50 , 50 ,100.0, 80 , 85 ,98.8, 25 , 25 ,100.0, 50 , 50 ,100.0, 55 , 55 ,98.2,,
TOWER HAMLETS, 175 , 200 ,87.4, 65 , 70 ,92.6, 110 , 130 ,84.6, 40 , 45 ,86.7, 85 , 95 ,90.4, 50 , 60 ,83.1,,
WANDSWORTH, 180 , 205 ,88.8, 50 , 55 ,89.3, 130 , 150 ,88.6, 40 , 40 ,97.4, 80 , 90 ,89.8, 65 , 80 ,83.3,,
WESTMINSTER, 205 , 240 ,85.0, 90 , 100 ,89.1, 115 , 140 ,82.0, 40 , 50 ,87.5, 80 , 100 ,82.7, 80 , 95 ,86.2,,
CITY OF LONDON, - , - ,-, - , - ,-, - , - ,-, - , - ,-, - , - ,-, - , - ,-,,
BARKING AND DAGENHAM, 80 , 90 ,90.0, 25 , 25 ,88.9, 55 , 65 ,90.5, 10 , 15 ,84.6, 25 , 25 ,92.6, 45 , 50 ,90.0,,
BARNET, 315 , 375 ,84.3, 110 , 140 ,78.4, 210 , 235 ,87.8, 50 , 55 ,92.5, 125 , 145 ,87.0, 140 , 175 ,79.7,,
BEXLEY, 130 , 140 ,94.9, 40 , 40 ,97.6, 90 , 95 ,93.8, 10 , 10 ,100.0, 45 , 50 ,95.8, 75 , 80 ,93.9,,
BRENT, 85 , 95 ,89.7, 25 , 35 ,77.1, 60 , 60 ,96.8, 30 , 35 ,90.9, 35 , 40 ,94.7, 20 , 25 ,80.8,,
BROMLEY, 220 , 280 ,79.5, 65 , 85 ,79.8, 155 , 195 ,79.4, 15 , 20 ,84.2, 85 , 105 ,81.1, 120 , 155 ,77.8,,
CROYDON, 175 , 235 ,73.3, 60 , 85 ,72.9, 110 , 150 ,73.5, 30 , 45 ,72.1, 70 , 95 ,74.5, 70 , 100 ,72.7,,
EALING, 225 , 245 ,92.6, 70 , 80 ,89.7, 155 , 165 ,94.0, 45 , 45 ,97.8, 95 , 105 ,91.3, 85 , 95 ,91.6,,
ENFIELD, 70 , 75 ,94.6, 20 , 20 ,100.0, 50 , 50 ,92.3, 15 , 15 ,100.0, 30 , 35 ,88.9, 25 , 25 ,100.0,,
HARINGEY, 45 , 50 ,95.8, 15 , 15 ,93.8, 30 , 30 ,96.9, 15 , 15 ,93.3, 15 , 15 ,94.1, 15 , 15 ,100.0,,
HARROW, 245 , 310 ,79.6, 80 , 100 ,79.6, 170 , 210 ,79.6, 35 , 45 ,86.0, 100 , 130 ,78.3, 110 , 135 ,78.8,,
HAVERING, 135 , 175 ,76.6, 45 , 60 ,75.9, 90 , 115 ,76.9, 20 , 25 ,79.2, 55 , 75 ,75.7, 60 , 75 ,76.6,,
HILLINGDON, 200 , 210 ,95.2, 65 , 70 ,95.7, 130 , 140 ,94.9, 25 , 25 ,100.0, 90 , 100 ,93.9, 80 , 85 ,95.3,,
HOUNSLOW, 30 , 30 ,96.8, 10 , 15 ,92.3, 20 , 20 ,100.0, 5 , 5 ,100.0, 10 , 10 ,100.0, 10 , 15 ,92.3,,
KINGSTON UPON THAMES, 40 , 90 ,44.9, 15 , 25 ,55.6, 25 , 60 ,40.3, 5 , 10 ,60.0, 15 , 30 ,50.0, 20 , 45 ,38.3,,
MERTON, 85 , 95 ,89.4, 15 , 20 ,85.0, 65 , 75 ,90.5, 10 , 10 ,90.9, 35 , 40 ,90.2, 35 , 40 ,88.1,,
NEWHAM, 125 , 160 ,77.2, 45 , 65 ,65.2, 80 , 95 ,85.4, 25 , 25 ,85.2, 55 , 65 ,82.8, 50 , 70 ,69.0,,
REDBRIDGE, 180 , 255 ,70.3, 45 , 85 ,56.6, 135 , 175 ,76.9, 25 , 35 ,67.6, 85 , 110 ,77.7, 70 , 105 ,63.6,,
RICHMOND UPON THAMES, 45 , 50 ,95.8, 15 , 15 ,100.0, 30 , 35 ,94.1, 10 , 10 ,100.0, 15 , 15 ,93.8, 20 , 20 ,95.2,,
SUTTON, 225 , 290 ,78.2, 65 , 95 ,72.0, 160 , 195 ,81.1, 25 , 30 ,75.0, 90 , 115 ,80.7, 110 , 145 ,76.9,,
WALTHAM FOREST, 560 , 645 ,87.4, 185 , 210 ,88.2, 375 , 430 ,87.0, 160 , 175 ,90.9, 215 , 240 ,89.1, 190 , 230 ,82.9,,
ISLE OF WIGHT UA, 145 , 175 ,83.0, 55 , 65 ,80.6, 90 , 110 ,84.4, 15 , 15 ,100.0, 45 , 50 ,82.7, 90 , 110 ,81.1,,
SURREY, 450 , 560 ,80.2, 145 , 185 ,77.5, 305 , 375 ,81.6, 55 , 65 ,83.6, 160 , 200 ,79.0, 235 , 295 ,80.3,,
WEST SUSSEX, 325 , 390 ,83.4, 130 , 170 ,76.8, 200 , 225 ,88.4, 70 , 80 ,86.4, 140 , 170 ,82.9, 115 , 140 ,82.3,,
DORSET, 385 , 530 ,72.6, 130 , 175 ,72.9, 255 , 350 ,72.4, 70 , 90 ,78.4, 150 , 195 ,76.7, 165 , 250 ,67.3,,
BOURNEMOUTH UA, 175 , 225 ,77.8, 60 , 80 ,77.2, 115 , 145 ,78.1, 30 , 40 ,80.0, 50 , 65 ,81.0, 90 , 120 ,75.4,,
POOLE UA, 295 , 385 ,76.9, 110 , 150 ,73.0, 185 , 235 ,79.5, 40 , 50 ,83.7, 110 , 150 ,75.2, 145 , 190 ,76.6,,
HAMPSHIRE," 1,170 "," 1,440 ",81.3, 380 , 470 ,80.5, 790 , 970 ,81.6, 180 , 190 ,93.8, 445 , 545 ,81.8, 545 , 705 ,77.4,,
PORTSMOUTH UA, 75 , 95 ,79.8, 25 , 30 ,87.1, 50 , 65 ,76.2, 5 , 10 ,87.5, 25 , 35 ,79.4, 40 , 50 ,78.8,,
SOUTHAMPTON UA, 125 , 140 ,88.7, 40 , 45 ,87.2, 85 , 95 ,89.5, 20 , 20 ,95.2, 50 , 55 ,87.3, 60 , 65 ,87.9,,
EAST SUSSEX, 250 , 300 ,83.7, 60 , 80 ,76.3, 190 , 220 ,86.4, 25 , 30 ,90.0, 95 , 110 ,86.1, 130 , 160 ,80.9,,
BRIGHTON AND HOVE UA, 210 , 240 ,87.9, 70 , 75 ,91.9, 145 , 165 ,86.1, 60 , 60 ,96.7, 75 , 85 ,92.8, 75 , 95 ,78.1,,
WILTSHIRE, 805 , 960 ,83.9, 270 , 335 ,80.9, 535 , 625 ,85.6, 175 , 200 ,86.5, 310 , 365 ,85.2, 320 , 395 ,81.5,,
SWINDON UA, 40 , 45 ,88.4, 15 , 15 ,87.5, 25 , 25 ,88.9, - , - ,-, - , - ,-, - , - ,-,,
KENT," 1,085 "," 1,275 ",85.0, 360 , 455 ,78.7, 725 , 820 ,88.5, 175 , 200 ,87.1, 430 , 505 ,85.5, 480 , 570 ,83.9,,
MEDWAY TOWNS UA, 130 , 150 ,87.4, 30 , 35 ,88.2, 100 , 115 ,87.2, 30 , 35 ,94.1, 60 , 70 ,91.2, 40 , 50 ,77.6,,
CORNWALL, 50 , 55 ,87.7, 10 , 20 ,66.7, 40 , 40 ,97.4, 10 , 10 ,100.0, 25 , 25 ,88.5, 15 , 20 ,81.0,,
GLOUCESTERSHIRE, 255 , 310 ,82.5, 75 , 95 ,81.9, 180 , 215 ,82.8, 30 , 40 ,81.6, 110 , 135 ,82.2, 115 , 135 ,83.1,,
SOMERSET, 185 , 250 ,73.4, 70 , 105 ,68.9, 115 , 150 ,76.5, 25 , 40 ,65.0, 75 , 95 ,77.9, 85 , 115 ,72.6,,
ISLES OF SCILLY, - , - ,-, - , - ,-, - , - ,-, - , - ,-, - , - ,-, - , - ,-,,
BATH AND NORTH EAST SOMERSET UA, 100 , 105 ,95.1, 25 , 25 ,92.0, 75 , 80 ,96.2, 15 , 15 ,100.0, 45 , 45 ,97.8, 40 , 40 ,90.5,,
BRISTOL UA, 40 , 55 ,70.9, 10 , 15 ,58.8, 30 , 40 ,76.3, - , - ,-, - , - ,-, - , - ,-,,
NORTH SOMERSET UA, 50 , 55 ,84.2, 10 , 15 ,73.3, 35 , 40 ,88.1, 10 , 10 ,88.9, 15 , 20 ,83.3, 25 , 30 ,83.3,,
SOUTH GLOUCESTERSHIRE UA, 140 , 190 ,74.7, 45 , 70 ,63.8, 100 , 120 ,81.0, 30 , 45 ,70.5, 50 , 60 ,80.3, 60 , 85 ,72.9,,
DEVON, 235 , 260 ,90.8, 70 , 80 ,92.3, 165 , 185 ,90.2, 30 , 30 ,96.9, 95 , 105 ,90.3, 115 , 125 ,89.7,,
PLYMOUTH UA, 745 , 815 ,90.9, 315 , 355 ,89.0, 430 , 465 ,92.4, 185 , 200 ,92.9, 330 , 360 ,91.4, 230 , 255 ,88.7,,
TORBAY UA, 185 , 220 ,85.4, 65 , 80 ,84.6, 120 , 140 ,85.8, 40 , 40 ,92.7, 80 , 85 ,89.7, 70 , 90 ,78.0,,
,,,,,,,,,,,,,,,,,,,,
ENGLAND," 30,000 "," 36,610 ",82.0," 10,235 "," 12,740 ",80.3," 19,765 "," 23,865 ",82.8," 5,185 "," 5,945 ",87.2," 12,355 "," 14,805 ",83.5," 12,460 "," 15,860 ",78.6,,
Number of councils the National total is based,,,151,,,151,,,151,,,151,,,151,,,151,,
,,,,,,,,,,,,,,,,,,,,
Shire Counties," 11,905 "," 14,745 ",80.7," 4,100 "," 5,170 ",79.3," 7,805 "," 9,575 ",81.5," 1,885 "," 2,165 ",87.2," 4,830 "," 5,945 ",81.2," 5,190 "," 6,635 ",78.2,,
Unitary Authorities," 6,880 "," 8,200 ",83.9," 2,340 "," 2,850 ",82.2," 4,540 "," 5,350 ",84.8," 1,290 "," 1,480 ",87.1," 2,845 "," 3,305 ",86.0," 2,750 "," 3,415 ",80.5,,
Metropolitan Districts," 6,215 "," 7,800 ",79.7," 2,080 "," 2,680 ",77.6," 4,135 "," 5,125 ",80.7," 1,065 "," 1,250 ",85.2," 2,655 "," 3,205 ",82.8," 2,495 "," 3,345 ",74.6,,
Inner London," 1,780 "," 1,975 ",90.0, 690 , 765 ,90.4," 1,090 "," 1,215 ",89.8, 380 , 405 ,94.1, 725 , 800 ,90.5, 675 , 770 ,87.4,,
Outer London," 3,225 "," 3,885 ",83.0," 1,025 "," 1,280 ",80.2," 2,195 "," 2,605 ",84.3, 565 , 645 ,87.3," 1,305 "," 1,545 ",84.5," 1,350 "," 1,690 ",79.9,,
,,,,,,,,,,,,,,,,,,,,
North East," 1,385 "," 1,685 ",82.4, 440 , 530 ,83.2, 945 ," 1,155 ",82.0, 265 , 305 ,87.8, 660 , 790 ,83.6, 460 , 590 ,77.9,,
North West," 4,065 "," 5,190 ",78.3," 1,410 "," 1,830 ",77.2," 2,655 "," 3,360 ",78.9, 720 , 885 ,81.3," 1,780 "," 2,165 ",82.2," 1,570 "," 2,145 ",73.1,,
Yorkshire and the Humber," 1,730 "," 2,120 ",81.7, 735 , 900 ,81.3," 1,000 "," 1,215 ",82.0, 280 , 315 ,89.2, 715 , 845 ,84.5, 735 , 960 ,76.7,,
East Midlands," 2,090 "," 2,525 ",82.7, 630 , 785 ,80.3," 1,460 "," 1,740 ",83.9, 295 , 350 ,84.6, 915 ," 1,065 ",85.6, 880 ," 1,110 ",79.4,,
West Midlands," 3,945 "," 4,815 ",81.9," 1,290 "," 1,580 ",81.8," 2,650 "," 3,235 ",82.0, 660 , 720 ,91.8," 1,535 "," 1,870 ",82.3," 1,745 "," 2,225 ",78.4,,
South West," 3,685 "," 4,465 ",82.6," 1,290 "," 1,610 ",80.0," 2,395 "," 2,855 ",84.0, 700 , 815 ,85.5," 1,475 "," 1,745 ",84.6," 1,515 "," 1,905 ",79.4,,
Eastern," 3,300 "," 4,205 ",78.4," 1,150 "," 1,505 ",76.4," 2,150 "," 2,705 ",79.6, 540 , 635 ,84.5," 1,400 "," 1,780 ",78.7," 1,360 "," 1,790 ",76.1,,
London," 5,000 "," 5,860 ",85.3," 1,715 "," 2,045 ",84.0," 3,285 "," 3,815 ",86.1, 945 ," 1,050 ",89.9," 2,030 "," 2,345 ",86.5," 2,025 "," 2,465 ",82.3,,
South East," 4,795 "," 5,740 ",83.6," 1,575 "," 1,955 ",80.5," 3,225 "," 3,785 ",85.1, 785 , 870 ,90.1," 1,845 "," 2,195 ",83.9," 2,170 "," 2,670 ",81.1,,
,,,,,,,,,,,,,,,,,,,,
Notes,,,,,,,,,,,,,,,,,,,,
1. Caution should be taken when comparing data historically please refer to the notes in the table above highlighted in RED and the accompanying NIS Description sheet.,,,,,,,,,,,,,,,,,,,,
2. Numerator and denominator values used to calculate the indicator are rounded to the nearest 5,,,,,,,,,,,,,,,,,,,,
"3. - means constituent values less than 6 are suppressed, where elements of an indicator are suppressed the indicator itself is also suppressed.",,,,,,,,,,,,,,,,,,,,
4. .. Represents data that is unavailable,,,,,,,,,,,,,,,,,,,,
5. Some indicator values for some councils are based on small numbers and should be treated with caution,,,,,,,,,,,,,,,,,,,,
,,,,,,,,,,,,,,,,,,,,
"Copyright � 2012, The Health and Social Care Information Centre.  All Rights Reserved.",,,,,,,,,,,,,,,,,,,,
