NIS Indicators,Adults with learning disabilities in employment,,,,,,,,,,,,,,,,,,,,,,,,,,,,,,,,,,,,,,,
,,,,,,,,,,,,,,,,,,,,,,,,,,,,,,,,,,,,,,,,
,TOTAL,,,MALE,,,FEMALE,,,,,,,,,,,,,,,,,,,,,,,,,,,,,,,,,
,NI 146,NI 146,NI146 (VSC07),NI 146,NI 146,NI146 (VSC07),NI 146,NI 146,NI146 (VSC07),,,,,,,,,,,,,,,,,,,,,,,,,,,,,,,
,Numerator,Denominator,Indicator,Numerator,Denominator,Indicator,Numerator,Denominator,Indicator,,,,,,,,,,,,,,,,,,,,,,,,,,,,,,,
,,,,,,,,,,,,,,,,,,,,,,,,,,,,,,,,,,,,,,,,
,Number of working age learning disabled clients known to CASSRs who are in paid employment at the time of their assessment or latest review.   Aged 18-64,Number of working age learning disabled clients known to CASSRs who are in paid employment at the time of their assessment or latest review.   Aged 18-64,The percentage of adults with learning disabilities known to Councils with Adult Social Services Responsibilities (CASSRs) in paid employment at the time of their assessment or latest review,Number of working age learning disabled clients known to CASSRs who are in paid employment at the time of their assessment or latest review.   Aged 18-64,Number of working age learning disabled clients known to CASSRs who are in paid employment at the time of their assessment or latest review.   Aged 18-64,The percentage of adults with learning disabilities known to Councils with Adult Social Services Responsibilities (CASSRs) in paid employment at the time of their assessment or latest review,Number of working age learning disabled clients known to CASSRs who are in paid employment at the time of their assessment or latest review.   Aged 18-64,Number of working age learning disabled clients known to CASSRs who are in paid employment at the time of their assessment or latest review.   Aged 18-64,The percentage of adults with learning disabilities known to Councils with Adult Social Services Responsibilities (CASSRs) in paid employment at the time of their assessment or latest review,,,,,,,,,,,,,,,,,,,,,,,,,,,,,,,
,ASC-CAR: Table L1,ASC-CAR: Table L1,,ASC-CAR: Table L1,ASC-CAR: Table L1,,ASC-CAR: Table L1,ASC-CAR: Table L1,,,,,,,,,,,,,,,,,,,,,,,,,,,,,,,,
,,,,,,,,,,,,,,,,,,,,,,,,,,,,,,,,,,,,,,,,
CUMBRIA, 65 ," 1,310 ",4.9, 45 , 775 ,5.7, 20 , 540 ,3.7,,,,,,,,,,,,,,,,,,,,,,,,,,,,,,,
NORTHUMBERLAND, 55 ," 1,300 ",4.1, 35 , 735 ,4.5, 20 , 565 ,3.5,,,,,,,,,,,,,,,,,,,,,,,,,,,,,,,
GATESHEAD, 30 , 475 ,6.1, 20 , 295 ,6.1, 10 , 180 ,6.2,,,,,,,,,,,,,,,,,,,,,,,,,,,,,,,
NEWCASTLE UPON TYNE, 55 , 850 ,6.5, 40 , 480 ,7.9, 15 , 370 ,4.6,,,,,,,,,,,,,,,,,,,,,,,,,,,,,,,
NORTH TYNESIDE, 65 , 480 ,13.4, 50 , 285 ,16.8, 15 , 195 ,8.3,,,,,,,,,,,,,,,,,,,,,,,,,,,,,,,
SOUTH TYNESIDE, - , 550 ,-, - , - ,-, - , - ,-,,,,,,,,,,,,,,,,,,,,,,,,,,,,,,,
SUNDERLAND, 35 , 800 ,4.4, 20 , 450 ,4.4, 15 , 350 ,4.3,,,,,,,,,,,,,,,,,,,,,,,,,,,,,,,
HARTLEPOOL UA, 65 , 350 ,18.6, 50 , 210 ,23.1, 15 , 140 ,12.1,,,,,,,,,,,,,,,,,,,,,,,,,,,,,,,
MIDDLESBROUGH UA, 70 , 715 ,9.8, 50 , 410 ,12.4, 20 , 305 ,6.2,,,,,,,,,,,,,,,,,,,,,,,,,,,,,,,
REDCAR AND CLEVELAND UA, 30 , 460 ,6.8, 15 , 270 ,5.5, 15 , 185 ,8.6,,,,,,,,,,,,,,,,,,,,,,,,,,,,,,,
STOCKTON ON TEES UA, 15 , 555 ,2.9, 10 , 285 ,2.8, 10 , 275 ,2.9,,,,,,,,,,,,,,,,,,,,,,,,,,,,,,,
DURHAM, 60 ," 1,570 ",3.7, 40 , 930 ,4.1, 20 , 640 ,3.1,,,,,,,,,,,,,,,,,,,,,,,,,,,,,,,
DARLINGTON UA, 10 , 440 ,2.3, - , - ,-, - , - ,-,,,,,,,,,,,,,,,,,,,,,,,,,,,,,,,
BARNSLEY, 10 , 560 ,1.4, - , - ,-, - , - ,-,,,,,,,,,,,,,,,,,,,,,,,,,,,,,,,
DONCASTER, 50 , 800 ,6.1, 40 , 440 ,8.7, 10 , 360 ,3.0,,,,,,,,,,,,,,,,,,,,,,,,,,,,,,,
ROTHERHAM, 30 , 710 ,4.1, 20 , 415 ,5.3, 5 , 295 ,2.4,,,,,,,,,,,,,,,,,,,,,,,,,,,,,,,
SHEFFIELD, 80 ," 1,330 ",5.9, 55 , 760 ,7.5, 20 , 570 ,3.7,,,,,,,,,,,,,,,,,,,,,,,,,,,,,,,
BRADFORD, 85 ," 1,640 ",5.1, 45 , 860 ,5.2, 40 , 780 ,4.9,,,,,,,,,,,,,,,,,,,,,,,,,,,,,,,
CALDERDALE, 50 , 615 ,7.8, 35 , 360 ,10.2, 10 , 255 ,4.3,,,,,,,,,,,,,,,,,,,,,,,,,,,,,,,
KIRKLEES, 110 ," 1,135 ",9.9, 70 , 665 ,10.2, 45 , 470 ,9.4,,,,,,,,,,,,,,,,,,,,,,,,,,,,,,,
LEEDS, 110 ," 1,780 ",6.3, 60 ," 1,035 ",5.8, 50 , 745 ,7.0,,,,,,,,,,,,,,,,,,,,,,,,,,,,,,,
WAKEFIELD, 50 ," 1,040 ",4.8, 30 , 595 ,4.9, 20 , 445 ,4.7,,,,,,,,,,,,,,,,,,,,,,,,,,,,,,,
EAST RIDING OF YORKSHIRE UA, 65 , 840 ,8.0, 45 , 480 ,9.8, 20 , 360 ,5.6,,,,,,,,,,,,,,,,,,,,,,,,,,,,,,,
KINGSTON UPON HULL UA, - , 600 ,-, - , - ,-, - , - ,-,,,,,,,,,,,,,,,,,,,,,,,,,,,,,,,
NORTH EAST LINCOLNSHIRE UA, 75 , 445 ,17.2, 50 , 260 ,19.4, 25 , 190 ,14.3,,,,,,,,,,,,,,,,,,,,,,,,,,,,,,,
NORTH LINCOLNSHIRE UA, 35 , 385 ,8.9, 25 , 225 ,12.0, 5 , 160 ,4.4,,,,,,,,,,,,,,,,,,,,,,,,,,,,,,,
NORTH YORKSHIRE, 85 ," 1,605 ",5.4, 55 , 930 ,5.8, 35 , 675 ,4.9,,,,,,,,,,,,,,,,,,,,,,,,,,,,,,,
YORK UA, 40 , 495 ,7.9, 30 , 290 ,9.6, 10 , 205 ,5.4,,,,,,,,,,,,,,,,,,,,,,,,,,,,,,,
BOLTON, 5 , 675 ,1.0, 5 , 405 ,1.7,0, 270 ,0.0,,,,,,,,,,,,,,,,,,,,,,,,,,,,,,,
BURY, 35 , 515 ,7.2, 25 , 300 ,8.3, 10 , 215 ,5.6,,,,,,,,,,,,,,,,,,,,,,,,,,,,,,,
MANCHESTER, 60 ," 1,430 ",4.1, 35 , 865 ,4.3, 20 , 565 ,3.9,,,,,,,,,,,,,,,,,,,,,,,,,,,,,,,
OLDHAM, 40 , 560 ,7.0, 30 , 350 ,8.3, 10 , 210 ,4.7,,,,,,,,,,,,,,,,,,,,,,,,,,,,,,,
ROCHDALE, 15 , 745 ,1.7, - , - ,-, - , - ,-,,,,,,,,,,,,,,,,,,,,,,,,,,,,,,,
SALFORD, 25 , 685 ,3.3, 15 , 395 ,3.8, 10 , 290 ,2.7,,,,,,,,,,,,,,,,,,,,,,,,,,,,,,,
STOCKPORT, 60 , 780 ,7.8, 45 , 325 ,13.2, 20 , 455 ,3.9,,,,,,,,,,,,,,,,,,,,,,,,,,,,,,,
TAMESIDE, 75 , 860 ,9.0, 55 , 505 ,10.7, 25 , 350 ,6.5,,,,,,,,,,,,,,,,,,,,,,,,,,,,,,,
TRAFFORD, 45 , 555 ,7.7, 25 , 315 ,7.3, 20 , 240 ,8.3,,,,,,,,,,,,,,,,,,,,,,,,,,,,,,,
WIGAN, 15 , 815 ,2.0, 10 , 460 ,1.9, 5 , 355 ,2.0,,,,,,,,,,,,,,,,,,,,,,,,,,,,,,,
KNOWSLEY, 10 , 690 ,1.4, - , - ,-, - , - ,-,,,,,,,,,,,,,,,,,,,,,,,,,,,,,,,
LIVERPOOL, 130 ," 1,350 ",9.8, 95 , 800 ,12.2, 35 , 555 ,6.3,,,,,,,,,,,,,,,,,,,,,,,,,,,,,,,
SEFTON, 35 , 775 ,4.3, 25 , 455 ,5.0, 10 , 315 ,3.2,,,,,,,,,,,,,,,,,,,,,,,,,,,,,,,
ST HELENS, 25 , 560 ,4.6, 15 , 300 ,5.7, 10 , 265 ,3.4,,,,,,,,,,,,,,,,,,,,,,,,,,,,,,,
WIRRAL, 35 , 960 ,3.7, 25 , 565 ,4.8, 10 , 395 ,2.3,,,,,,,,,,,,,,,,,,,,,,,,,,,,,,,
HALTON UA, 30 , 415 ,7.0, 10 , 225 ,5.4, 15 , 190 ,8.9,,,,,,,,,,,,,,,,,,,,,,,,,,,,,,,
WARRINGTON UA, 25 , 495 ,4.7, 15 , 285 ,4.6, 10 , 210 ,4.8,,,,,,,,,,,,,,,,,,,,,,,,,,,,,,,
LANCASHIRE, 100 ," 3,275 ",3.0, 70 ," 1,955 ",3.7, 25 ," 1,320 ",2.0,,,,,,,,,,,,,,,,,,,,,,,,,,,,,,,
BLACKBURN WITH DARWEN UA, 5 , 305 ,2.0, 5 , 190 ,3.2,0, 115 ,0.0,,,,,,,,,,,,,,,,,,,,,,,,,,,,,,,
BLACKPOOL UA, 25 , 475 ,4.9, 10 , 255 ,3.9, 15 , 215 ,6.0,,,,,,,,,,,,,,,,,,,,,,,,,,,,,,,
CHESHIRE EAST, 65 ," 1,020 ",6.3, 40 , 590 ,6.8, 25 , 425 ,5.6,,,,,,,,,,,,,,,,,,,,,,,,,,,,,,,
CHESHIRE WEST AND CHESTER, 75 ," 1,015 ",7.4, 50 , 585 ,8.7, 25 , 430 ,5.6,,,,,,,,,,,,,,,,,,,,,,,,,,,,,,,
WARWICKSHIRE, 70 ," 1,130 ",6.0, 40 , 635 ,6.2, 30 , 495 ,5.9,,,,,,,,,,,,,,,,,,,,,,,,,,,,,,,
BIRMINGHAM, 165 ," 3,555 ",4.7, 115 ," 2,095 ",5.6, 50 ," 1,455 ",3.4,,,,,,,,,,,,,,,,,,,,,,,,,,,,,,,
COVENTRY, 25 , 780 ,3.5, 15 , 445 ,3.8, 10 , 330 ,3.0,,,,,,,,,,,,,,,,,,,,,,,,,,,,,,,
DUDLEY, 20 , 890 ,2.2, 10 , 530 ,2.3, 10 , 360 ,2.2,,,,,,,,,,,,,,,,,,,,,,,,,,,,,,,
SANDWELL, 35 , 690 ,4.8, 20 , 385 ,5.7, 10 , 300 ,3.6,,,,,,,,,,,,,,,,,,,,,,,,,,,,,,,
SOLIHULL, 15 , 585 ,2.4, 5 , 340 ,1.8, 10 , 240 ,3.3,,,,,,,,,,,,,,,,,,,,,,,,,,,,,,,
WALSALL, 60 , 635 ,9.5, 40 , 345 ,11.1, 20 , 290 ,7.6,,,,,,,,,,,,,,,,,,,,,,,,,,,,,,,
WOLVERHAMPTON, - , 550 ,-, - , - ,-, - , - ,-,,,,,,,,,,,,,,,,,,,,,,,,,,,,,,,
STAFFORDSHIRE, 110 ," 2,075 ",5.4, 75 ," 1,170 ",6.4, 35 , 900 ,4.1,,,,,,,,,,,,,,,,,,,,,,,,,,,,,,,
STOKE-ON-TRENT UA, 45 , 765 ,5.8, 25 , 435 ,6.2, 15 , 330 ,5.2,,,,,,,,,,,,,,,,,,,,,,,,,,,,,,,
HEREFORDSHIRE UA, 60 , 515 ,12.1, 35 , 300 ,12.3, 25 , 210 ,11.8,,,,,,,,,,,,,,,,,,,,,,,,,,,,,,,
WORCESTERSHIRE, 90 ," 1,365 ",6.5, 55 , 785 ,7.2, 35 , 580 ,5.7,,,,,,,,,,,,,,,,,,,,,,,,,,,,,,,
SHROPSHIRE, 95 , 815 ,11.8, 60 , 480 ,12.3, 35 , 335 ,11.0,,,,,,,,,,,,,,,,,,,,,,,,,,,,,,,
TELFORD AND WREKIN UA, 15 , 425 ,4.0, 10 , 245 ,4.0, 5 , 180 ,3.9,,,,,,,,,,,,,,,,,,,,,,,,,,,,,,,
LINCOLNSHIRE, 85 ," 1,825 ",4.6, 55 ," 1,005 ",5.6, 30 , 820 ,3.4,,,,,,,,,,,,,,,,,,,,,,,,,,,,,,,
NORTHAMPTONSHIRE, 115 ," 1,755 ",6.5, 75 ," 1,010 ",7.3, 40 , 745 ,5.4,,,,,,,,,,,,,,,,,,,,,,,,,,,,,,,
DERBYSHIRE, 20 ," 1,875 ",1.1, - , - ,-, - , - ,-,,,,,,,,,,,,,,,,,,,,,,,,,,,,,,,
DERBY UA, 35 , 720 ,4.9, 20 , 410 ,4.4, 15 , 310 ,5.5,,,,,,,,,,,,,,,,,,,,,,,,,,,,,,,
LEICESTERSHIRE, 35 ," 1,370 ",2.7, 25 , 760 ,3.0, 15 , 610 ,2.3,,,,,,,,,,,,,,,,,,,,,,,,,,,,,,,
LEICESTER UA, 95 ," 1,055 ",8.8, 60 , 625 ,9.6, 35 , 430 ,7.6,,,,,,,,,,,,,,,,,,,,,,,,,,,,,,,
RUTLAND UA, 25 , 80 ,30.8, 10 , 45 ,20.0, 15 , 35 ,45.5,,,,,,,,,,,,,,,,,,,,,,,,,,,,,,,
NOTTINGHAMSHIRE, 210 ," 2,275 ",9.1, 150 ," 1,375 ",10.9, 60 , 900 ,6.4,,,,,,,,,,,,,,,,,,,,,,,,,,,,,,,
NOTTINGHAM UA, 5 , 790 ,0.9, - , - ,-, - , - ,-,,,,,,,,,,,,,,,,,,,,,,,,,,,,,,,
HERTFORDSHIRE, 200 ," 3,170 ",6.3, 135 ," 1,830 ",7.3, 65 ," 1,335 ",5.0,,,,,,,,,,,,,,,,,,,,,,,,,,,,,,,
NORFOLK, 110 ," 2,090 ",5.2, 70 ," 1,200 ",6.0, 35 , 890 ,4.2,,,,,,,,,,,,,,,,,,,,,,,,,,,,,,,
OXFORDSHIRE, 110 ," 1,275 ",8.7, 70 , 705 ,9.9, 40 , 575 ,7.2,,,,,,,,,,,,,,,,,,,,,,,,,,,,,,,
SUFFOLK, 115 ," 1,640 ",7.0, 75 , 945 ,8.2, 40 , 700 ,5.4,,,,,,,,,,,,,,,,,,,,,,,,,,,,,,,
LUTON UA, 55 , 595 ,9.1, 40 , 345 ,11.2, 15 , 245 ,6.1,,,,,,,,,,,,,,,,,,,,,,,,,,,,,,,
BUCKINGHAMSHIRE, 105 ," 1,215 ",8.7, 50 , 660 ,7.7, 55 , 555 ,9.9,,,,,,,,,,,,,,,,,,,,,,,,,,,,,,,
MILTON KEYNES UA, 70 , 530 ,13.2, 50 , 295 ,16.2, 20 , 235 ,9.4,,,,,,,,,,,,,,,,,,,,,,,,,,,,,,,
BRACKNELL FOREST UA, 45 , 295 ,15.5, 25 , 195 ,14.0, 20 , 105 ,18.4,,,,,,,,,,,,,,,,,,,,,,,,,,,,,,,
WEST BERKSHIRE UA, 35 , 370 ,9.2, 25 , 215 ,10.7, 10 , 155 ,7.0,,,,,,,,,,,,,,,,,,,,,,,,,,,,,,,
READING UA, 30 , 475 ,6.1, 20 , 260 ,8.4, 5 , 210 ,3.3,,,,,,,,,,,,,,,,,,,,,,,,,,,,,,,
SLOUGH UA, 25 , 305 ,7.9, - , - ,-, - , - ,-,,,,,,,,,,,,,,,,,,,,,,,,,,,,,,,
WINDSOR AND MAIDENHEAD UA, 50 , 350 ,13.8, 35 , 190 ,17.6, 15 , 160 ,9.3,,,,,,,,,,,,,,,,,,,,,,,,,,,,,,,
WOKINGHAM UA, 65 , 465 ,14.2, 35 , 295 ,12.3, 30 , 170 ,17.4,,,,,,,,,,,,,,,,,,,,,,,,,,,,,,,
ESSEX, 125 ," 3,620 ",3.4, 70 ," 2,075 ",3.4, 50 ," 1,545 ",3.4,,,,,,,,,,,,,,,,,,,,,,,,,,,,,,,
SOUTHEND UA, .. , 440 ,.., 30 , 250 ,12.4, 25 , 190 ,12.0,,,,,,,,,,,,,,,,,,,,,,,,,,,,,,,
THURROCK UA, 10 , 220 ,5.0, - , - ,-, - , - ,-,,,,,,,,,,,,,,,,,,,,,,,,,,,,,,,
CAMBRIDGESHIRE, 95 ," 1,580 ",6.0, 55 , 890 ,6.4, 35 , 685 ,5.4,,,,,,,,,,,,,,,,,,,,,,,,,,,,,,,
PETERBOROUGH UA, 95 , 635 ,14.6, 55 , 360 ,15.8, 35 , 275 ,13.1,,,,,,,,,,,,,,,,,,,,,,,,,,,,,,,
BEDFORD, 20 , 510 ,3.7, 10 , 300 ,3.3, 10 , 210 ,4.3,,,,,,,,,,,,,,,,,,,,,,,,,,,,,,,
CENTRAL BEDFORDSHIRE, 25 , 535 ,4.7, 15 , 325 ,5.2, 10 , 210 ,3.8,,,,,,,,,,,,,,,,,,,,,,,,,,,,,,,
CAMDEN, 45 , 460 ,9.3, 30 , 275 ,10.5, 15 , 185 ,7.6,,,,,,,,,,,,,,,,,,,,,,,,,,,,,,,
GREENWICH, 35 , 645 ,5.6, 30 , 370 ,7.6, 10 , 275 ,2.9,,,,,,,,,,,,,,,,,,,,,,,,,,,,,,,
HACKNEY, 30 , 580 ,4.8, 15 , 340 ,5.0, 10 , 240 ,4.6,,,,,,,,,,,,,,,,,,,,,,,,,,,,,,,
HAMMERSMITH AND FULHAM, 30 , 440 ,7.3, 25 , 260 ,8.9, 10 , 180 ,5.0,,,,,,,,,,,,,,,,,,,,,,,,,,,,,,,
ISLINGTON, 45 , 430 ,10.4, 30 , 240 ,12.6, 15 , 195 ,7.8,,,,,,,,,,,,,,,,,,,,,,,,,,,,,,,
KENSINGTON AND CHELSEA, 20 , 275 ,7.3, 15 , 160 ,8.1, 5 , 115 ,6.2,,,,,,,,,,,,,,,,,,,,,,,,,,,,,,,
LAMBETH, 30 , 735 ,4.1, 20 , 390 ,4.9, 10 , 345 ,3.2,,,,,,,,,,,,,,,,,,,,,,,,,,,,,,,
LEWISHAM, 45 , 640 ,7.1, 25 , 365 ,7.4, 20 , 275 ,6.5,,,,,,,,,,,,,,,,,,,,,,,,,,,,,,,
SOUTHWARK, 40 , 530 ,7.8, 25 , 330 ,7.0, 20 , 200 ,9.0,,,,,,,,,,,,,,,,,,,,,,,,,,,,,,,
TOWER HAMLETS, 20 , 605 ,3.6, 15 , 350 ,4.3, 5 , 255 ,2.7,,,,,,,,,,,,,,,,,,,,,,,,,,,,,,,
WANDSWORTH, 50 , 780 ,6.7, 25 , 450 ,6.0, 25 , 330 ,7.6,,,,,,,,,,,,,,,,,,,,,,,,,,,,,,,
WESTMINSTER, 25 , 475 ,5.3, 10 , 245 ,4.9, 15 , 225 ,5.7,,,,,,,,,,,,,,,,,,,,,,,,,,,,,,,
CITY OF LONDON, - , 15 ,-, - , - ,-, - , - ,-,,,,,,,,,,,,,,,,,,,,,,,,,,,,,,,
BARKING AND DAGENHAM, 20 , 420 ,4.8, - , - ,-, - , - ,-,,,,,,,,,,,,,,,,,,,,,,,,,,,,,,,
BARNET, 115 , 825 ,14.0, 70 , 455 ,15.3, 45 , 370 ,12.4,,,,,,,,,,,,,,,,,,,,,,,,,,,,,,,
BEXLEY, 95 , 510 ,19.1, 55 , 305 ,18.4, 40 , 205 ,20.1,,,,,,,,,,,,,,,,,,,,,,,,,,,,,,,
BRENT, 35 , 735 ,4.7, 25 , 430 ,6.0, 10 , 305 ,2.9,,,,,,,,,,,,,,,,,,,,,,,,,,,,,,,
BROMLEY, 165 , 955 ,17.3, 110 , 580 ,19.0, 55 , 375 ,14.7,,,,,,,,,,,,,,,,,,,,,,,,,,,,,,,
CROYDON, 70 , 920 ,7.6, 45 , 550 ,8.6, 25 , 370 ,6.2,,,,,,,,,,,,,,,,,,,,,,,,,,,,,,,
EALING, 110 , 850 ,13.1, 60 , 510 ,11.8, 50 , 345 ,15.2,,,,,,,,,,,,,,,,,,,,,,,,,,,,,,,
ENFIELD, 125 , 830 ,15.3, 80 , 510 ,15.6, 50 , 320 ,14.9,,,,,,,,,,,,,,,,,,,,,,,,,,,,,,,
HARINGEY, 30 , 510 ,5.7, 25 , 295 ,7.8, 5 , 215 ,2.8,,,,,,,,,,,,,,,,,,,,,,,,,,,,,,,
HARROW, 80 , 440 ,18.2, 45 , 235 ,18.2, 35 , 205 ,18.2,,,,,,,,,,,,,,,,,,,,,,,,,,,,,,,
HAVERING, 35 , 505 ,6.8, 20 , 295 ,6.1, 15 , 210 ,7.6,,,,,,,,,,,,,,,,,,,,,,,,,,,,,,,
HILLINGDON, 10 , 685 ,1.3, - , - ,-, - , - ,-,,,,,,,,,,,,,,,,,,,,,,,,,,,,,,,
HOUNSLOW, .. , 590 ,.., .. , 345 ,.., .. , 245 ,..,,,,,,,,,,,,,,,,,,,,,,,,,,,,,,,
KINGSTON UPON THAMES, 50 , 320 ,15.2, 30 , 180 ,15.6, 20 , 140 ,14.8,,,,,,,,,,,,,,,,,,,,,,,,,,,,,,,
MERTON, 50 , 475 ,10.9, 35 , 285 ,12.4, 15 , 195 ,8.8,,,,,,,,,,,,,,,,,,,,,,,,,,,,,,,
NEWHAM, 30 , 680 ,4.6, 20 , 410 ,5.1, 10 , 270 ,3.7,,,,,,,,,,,,,,,,,,,,,,,,,,,,,,,
REDBRIDGE, 50 , 605 ,8.1, 20 , 330 ,6.7, 25 , 275 ,9.8,,,,,,,,,,,,,,,,,,,,,,,,,,,,,,,
RICHMOND UPON THAMES, 35 , 375 ,9.9, 20 , 220 ,10.0, 15 , 155 ,9.8,,,,,,,,,,,,,,,,,,,,,,,,,,,,,,,
SUTTON, 25 , 595 ,4.0, 20 , 335 ,5.4, 5 , 260 ,2.3,,,,,,,,,,,,,,,,,,,,,,,,,,,,,,,
WALTHAM FOREST, 45 , 560 ,8.4, 30 , 325 ,8.9, 20 , 235 ,7.7,,,,,,,,,,,,,,,,,,,,,,,,,,,,,,,
ISLE OF WIGHT UA, 50 , 590 ,8.1, 40 , 355 ,11.0, 10 , 240 ,3.8,,,,,,,,,,,,,,,,,,,,,,,,,,,,,,,
SURREY, 380 ," 3,270 ",11.6, 245 ," 1,935 ",12.6, 135 ," 1,335 ",10.2,,,,,,,,,,,,,,,,,,,,,,,,,,,,,,,
WEST SUSSEX, 330 ," 1,915 ",17.3, 190 , 965 ,19.9, 140 , 955 ,14.7,,,,,,,,,,,,,,,,,,,,,,,,,,,,,,,
DORSET, 25 , 910 ,2.9, 15 , 505 ,3.0, 10 , 410 ,2.7,,,,,,,,,,,,,,,,,,,,,,,,,,,,,,,
BOURNEMOUTH UA, 50 , 340 ,15.2, 35 , 190 ,18.8, 15 , 150 ,10.7,,,,,,,,,,,,,,,,,,,,,,,,,,,,,,,
POOLE UA, 35 , 410 ,8.5, 20 , 230 ,8.6, 15 , 180 ,8.4,,,,,,,,,,,,,,,,,,,,,,,,,,,,,,,
HAMPSHIRE, 260 ," 3,120 ",8.3, 155 ," 1,785 ",8.7, 105 ," 1,330 ",7.7,,,,,,,,,,,,,,,,,,,,,,,,,,,,,,,
PORTSMOUTH UA, 50 , 525 ,9.9, 35 , 310 ,11.7, 15 , 215 ,7.4,,,,,,,,,,,,,,,,,,,,,,,,,,,,,,,
SOUTHAMPTON UA, 40 , 565 ,6.9, 25 , 320 ,8.1, 15 , 245 ,5.3,,,,,,,,,,,,,,,,,,,,,,,,,,,,,,,
EAST SUSSEX, 80 ," 1,310 ",6.1, 60 , 730 ,7.9, 20 , 580 ,3.8,,,,,,,,,,,,,,,,,,,,,,,,,,,,,,,
BRIGHTON AND HOVE UA, 110 , 720 ,15.3, 75 , 415 ,17.7, 35 , 300 ,12.0,,,,,,,,,,,,,,,,,,,,,,,,,,,,,,,
WILTSHIRE, 155 ," 1,140 ",13.6, 105 , 620 ,16.7, 50 , 520 ,9.8,,,,,,,,,,,,,,,,,,,,,,,,,,,,,,,
SWINDON UA, 10 , 550 ,2.2, 5 , 300 ,2.0, 5 , 255 ,2.4,,,,,,,,,,,,,,,,,,,,,,,,,,,,,,,
KENT, 205 ," 3,470 ",5.9, 135 ," 2,025 ",6.6, 70 ," 1,445 ",4.9,,,,,,,,,,,,,,,,,,,,,,,,,,,,,,,
MEDWAY TOWNS UA, 15 , 640 ,2.7, - , - ,-, - , - ,-,,,,,,,,,,,,,,,,,,,,,,,,,,,,,,,
CORNWALL, 50 ," 1,715 ",2.8, 25 , 930 ,2.9, 20 , 780 ,2.7,,,,,,,,,,,,,,,,,,,,,,,,,,,,,,,
GLOUCESTERSHIRE, 140 ," 1,795 ",7.7, 80 , 995 ,7.9, 60 , 800 ,7.4,,,,,,,,,,,,,,,,,,,,,,,,,,,,,,,
SOMERSET, 45 ," 1,470 ",3.0, 30 , 840 ,3.5, 15 , 635 ,2.4,,,,,,,,,,,,,,,,,,,,,,,,,,,,,,,
ISLES OF SCILLY,0,-,-, - , - ,-, - , - ,-,,,,,,,,,,,,,,,,,,,,,,,,,,,,,,,
BATH AND NORTH EAST SOMERSET UA, 20 , 405 ,5.4, 10 , 235 ,5.1, 10 , 170 ,6.0,,,,,,,,,,,,,,,,,,,,,,,,,,,,,,,
BRISTOL UA, 50 ," 1,070 ",4.8, 35 , 625 ,5.9, 15 , 445 ,3.1,,,,,,,,,,,,,,,,,,,,,,,,,,,,,,,
NORTH SOMERSET UA, 40 , 430 ,9.3, 20 , 255 ,7.5, 20 , 175 ,12.1,,,,,,,,,,,,,,,,,,,,,,,,,,,,,,,
SOUTH GLOUCESTERSHIRE UA, 70 , 720 ,9.6, 50 , 425 ,11.3, 20 , 295 ,7.1,,,,,,,,,,,,,,,,,,,,,,,,,,,,,,,
DEVON, 65 ," 1,950 ",3.2, 40 ," 1,095 ",3.7, 25 , 855 ,2.7,,,,,,,,,,,,,,,,,,,,,,,,,,,,,,,
PLYMOUTH UA, 50 , 945 ,5.3, 35 , 520 ,6.4, 15 , 425 ,4.0,,,,,,,,,,,,,,,,,,,,,,,,,,,,,,,
TORBAY UA, 15 , 410 ,3.4, - , - ,-, - , - ,-,,,,,,,,,,,,,,,,,,,,,,,,,,,,,,,
,,,,,,,,,,,,,,,,,,,,,,,,,,,,,,,,,,,,,,,,
ENGLAND," 9,210 "," 138,995 ",6.6," 5,900 "," 79,750 ",7.4," 3,310 "," 59,245 ",5.6,,,,,,,,,,,,,,,,,,,,,,,,,,,,,,,
Number of councils the National total is based,,,150,,,151,,,151,,,,,,,,,,,,,,,,,,,,,,,,,,,,,,,
,,,,,,,,,,,,,,,,,,,,,,,,,,,,,,,,,,,,,,,,
Shire Counties," 3,370 "," 53,665 ",6.3," 2,140 "," 30,660 ",7.0," 1,230 "," 23,005 ",5.3,,,,,,,,,,,,,,,,,,,,,,,,,,,,,,,
Unitary Authorities," 2,510 "," 33,940 ",7.4," 1,620 "," 19,470 ",8.3, 890 ," 14,470 ",6.2,,,,,,,,,,,,,,,,,,,,,,,,,,,,,,,
Metropolitan Districts," 1,690 "," 32,405 ",5.2," 1,125 "," 18,605 ",6.1, 565 ," 13,800 ",4.1,,,,,,,,,,,,,,,,,,,,,,,,,,,,,,,
Inner London, 420 ," 6,600 ",6.4, 265 ," 3,770 ",7.0, 155 ," 2,830 ",5.5,,,,,,,,,,,,,,,,,,,,,,,,,,,,,,,
Outer London," 1,220 "," 12,385 ",9.9, 755 ," 7,245 ",10.4, 470 ," 5,145 ",9.1,,,,,,,,,,,,,,,,,,,,,,,,,,,,,,,
,,,,,,,,,,,,,,,,,,,,,,,,,,,,,,,,,,,,,,,,
,,,,,,,,,,,,,,,,,,,,,,,,,,,,,,,,,,,,,,,,
North East, 490 ," 8,540 ",5.7, 320 ," 4,920 ",6.5, 165 ," 3,620 ",4.6,,,,,,,,,,,,,,,,,,,,,,,,,,,,,,,
North West, 995 ," 20,270 ",4.9, 670 ," 11,700 ",5.7, 320 ," 8,570 ",3.8,,,,,,,,,,,,,,,,,,,,,,,,,,,,,,,
Yorkshire and the Humber, 875 ," 13,985 ",6.3, 570 ," 7,985 ",7.1, 310 ," 5,995 ",5.2,,,,,,,,,,,,,,,,,,,,,,,,,,,,,,,
East Midlands, 625 ," 11,745 ",5.3, 415 ," 6,790 ",6.1, 210 ," 4,955 ",4.2,,,,,,,,,,,,,,,,,,,,,,,,,,,,,,,
West Midlands, 815 ," 14,765 ",5.5, 520 ," 8,520 ",6.1, 295 ," 6,245 ",4.7,,,,,,,,,,,,,,,,,,,,,,,,,,,,,,,
South West, 820 ," 14,265 ",5.7, 515 ," 7,985 ",6.4, 305 ," 6,285 ",4.9,,,,,,,,,,,,,,,,,,,,,,,,,,,,,,,
Eastern, 900 ," 15,030 ",6.0, 575 ," 8,640 ",6.6, 325 ," 6,385 ",5.1,,,,,,,,,,,,,,,,,,,,,,,,,,,,,,,
London," 1,640 "," 18,990 ",8.6," 1,015 "," 11,015 ",9.2, 625 ," 7,975 ",7.8,,,,,,,,,,,,,,,,,,,,,,,,,,,,,,,
South East," 2,055 "," 21,410 ",9.6," 1,300 "," 12,195 ",10.7, 755 ," 9,210 ",8.2,,,,,,,,,,,,,,,,,,,,,,,,,,,,,,,
,,,,,,,,,,,,,,,,,,,,,,,,,,,,,,,,,,,,,,,,
Note,,,,,,,,,,,,,,,,,,,,,,,,,,,,,,,,,,,,,,,,
1. Caution should be taken when comparing data historically please refer to the notes in the table above highlighted in RED and the accompanying NIS Description sheet.,,,,,,,,,,,,,,,,,,,,,,,,,,,,,,,,,,,,,,,,
2. Numerator and denominator values used to calculate the indicator are rounded to the nearest 5,,,,,,,,,,,,,,,,,,,,,,,,,,,,,,,,,,,,,,,,
"3. - means constituent values less than 6 are suppressed, where elements of an indicator are suppressed the indicator itself is also suppressed.",,,,,,,,,,,,,,,,,,,,,,,,,,,,,,,,,,,,,,,,
4. .. Represents data that is unavailable,,,,,,,,,,,,,,,,,,,,,,,,,,,,,,,,,,,,,,,,
5. Some indicator values for some councils are based on small numbers and should be treated with caution,,,,,,,,,,,,,,,,,,,,,,,,,,,,,,,,,,,,,,,,
,,,,,,,,,,,,,,,,,,,,,,,,,,,,,,,,,,,,,,,,
"Copyright � 2012, The Health and Social Care Information Centre.  All Rights Reserved.",,,,,,,,,,,,,,,,,,,,,,,,,,,,,,,,,,,,,,,,
