ASCOF Outcomes 2012-13,Social care-related quality of life,,,,Social care-related quality of life,,Social care-related quality of life,,,Social care-related quality of life,,,Social care-related quality of life,,
,TOTAL,,,MALE,,,FEMALE,,,18 to 64,,,65 and over,,
,1A,1A,1A,1A,1A,1A,1A,1A,1A,1A,1A,1A,1A,1A,1A
,Confidence Interval,Base,Outcome,Confidence Interval,Base,Outcome,Confidence Interval,Base,Outcome,Confidence Interval,Base,Outcome,Confidence Interval,Base,Outcome
,,,,,,,,,,,,,,,
,,Number of respondents who answered all eight questions,The sum of the scores for all respondents who answered all eight questions  divided by the number of respondents who answered all eight questions,,Number of male respondents who answered all eight questions,The sum of the scores for all male respondents who answered all eight questions divided by the number of respondents who answered all eight questions,,Number of female respondents who answered all eight questions,The sum of the scores for all female respondents who answered all eight questions divided by the number of respondents who answered all eight questions,,Number of respondents (aged 18 to 64) who answered all eight questions,The sum of the scores for all respondents (aged 18 to 64) who answered all eight questions divided by the number of respondents (aged 18 to 64) who answered all eight questions,,Number of respondents (aged 65 and over) who answered all eight questions,The sum of the scores for all respondents (aged 65 and over) who answered all eight questions divided by the number of respondents (aged 65 and over) who answered all eight questions
,,ASCS - questions 3a to 9a and 11,"* Outcome is a
  weighted value",,ASCS - questions 3a to 9a and 10,"* Outcome is a
  weighted value",,ASCS - questions 3a to 9a and 10,"* Outcome is a
  weighted value",,ASCS - questions 3a to 9a and 10,"* Outcome is a
  weighted value",,ASCS - questions 3a to 9a and 10,"* Outcome is a
  weighted value"
,Confidence Interval,Base,Outcome,MALE Confidence Interval,MALE Base,MALE Outcome,FEMALE Confidence Interval,FEMALE Base,FEMALE Outcome,18 to 64 Confidence Interval,18 to 64 Base,18 to 64 Outcome,65 and over Confidence Interval,65 and over Base,65 and over Outcome
Cumbria,0.3,450,19.6,0.5,170,19.7,0.4,280,19.6,0.7,130,19.0,0.3,320,19.9
Northumberland,0.3,490,19.1,0.6,165,19.4,0.4,325,18.9,0.6,175,19.3,0.4,315,18.9
Gateshead,0.4,345,18.9,0.6,150,18.8,0.5,195,19.0,0.8,95,18.7,0.4,250,19.0
Newcastle upon Tyne,0.3,460,19.2,0.4,195,19.4,0.4,265,19.0,0.5,175,19.6,0.4,285,19.0
North Tyneside,0.3,515,19.9,0.5,190,19.9,0.4,330,19.9,0.4,215,20.4,0.4,305,19.6
South Tyneside,0.5,265,19.0,0.7,105,18.6,0.6,160,19.2,0.9,80,19.2,0.5,185,18.9
Sunderland,0.4,360,19.1,0.7,115,19.1,0.5,245,19.1,0.8,125,19.1,0.4,235,19.1
Hartlepool,0.4,275,19.1,0.7,120,18.8,0.6,155,19.4,0.9,95,17.9,0.5,180,19.7
Middlesbrough,0.5,300,19.1,0.6,140,19.4,0.7,160,18.9,0.7,125,19.4,0.6,175,18.9
Redcar and Cleveland,0.4,365,18.7,0.6,130,19.0,0.5,235,18.5,0.6,110,18.9,0.4,255,18.5
Stockton-on-Tees,0.4,325,18.5,0.7,125,17.7,0.5,205,18.9,0.7,125,17.9,0.5,200,18.8
Durham,0.4,365,19.5,0.6,115,19.4,0.5,245,19.6,0.7,130,19.6,0.4,235,19.5
Darlington,0.4,315,18.6,0.6,100,19.1,0.5,215,18.4,0.9,80,17.6,0.4,235,19.2
Barnsley,0.4,290,19.0,0.7,105,19.0,0.6,185,18.9,0.8,65,19.6,0.5,225,18.5
Doncaster,0.4,335,19.2,0.5,130,19.8,0.5,205,18.9,0.5,175,19.2,0.5,160,19.2
Rotherham,0.3,345,19.2,0.6,130,19.3,0.4,215,19.1,0.5,160,19.1,0.4,190,19.3
Sheffield,0.5,465,18.4,1.1,160,18.8,0.5,305,18.3,0.8,250,18.7,0.6,215,18.3
Bradford,0.3,650,19.1,0.5,260,19.2,0.4,390,19.1,0.5,295,19.3,0.4,355,18.9
Calderdale,0.4,285,18.7,0.6,125,19.0,0.5,160,18.5,0.6,115,19.7,0.5,170,18.2
Kirklees,0.3,600,18.9,0.5,220,18.8,0.4,380,18.9,0.6,180,18.4,0.3,420,19.1
Leeds,0.4,450,19.2,0.6,185,19.3,0.5,265,19.1,0.7,140,19.9,0.5,305,18.8
Wakefield,0.4,375,18.7,0.6,140,19.2,0.5,235,18.4,0.7,130,18.8,0.4,245,18.7
East Riding of Yorkshire,0.5,240,19.2,0.8,90,19.6,0.6,150,19.0,0.9,80,19.1,0.6,160,19.2
Kingston upon Hull,0.4,400,19.4,0.8,140,19.0,0.4,260,19.6,0.9,80,19.7,0.4,315,19.3
North East Lincolnshire,0.5,225,18.8,0.8,85,18.4,0.6,135,19.1,0.9,80,18.7,0.6,145,18.9
North Lincolnshire,0.3,395,19.3,0.6,155,19.3,0.5,240,19.3,0.7,135,19.2,0.4,260,19.4
North Yorkshire,0.3,440,19.2,0.5,200,19.5,0.5,245,19.1,0.7,130,19.4,0.4,315,19.2
York,0.4,365,18.9,0.6,135,18.9,0.5,235,18.9,0.8,75,19.3,0.4,290,18.8
Bolton,0.3,745,18.4,0.5,260,18.0,0.4,485,18.7,0.5,240,17.9,0.4,505,18.9
Bury,0.4,325,19.5,0.6,145,19.2,0.5,175,19.8,0.6,105,19.9,0.5,220,19.4
Manchester,0.4,360,18.4,0.7,155,18.1,0.5,205,18.7,0.7,155,18.3,0.6,205,18.6
Oldham,0.3,465,19.0,0.5,180,19.2,0.4,285,18.9,0.5,155,20.1,0.4,310,18.3
Rochdale,0.5,290,18.2,0.9,105,18.3,0.6,185,18.2,0.8,125,18.5,0.6,165,18.0
Salford,0.4,480,18.4,0.6,200,18.1,0.5,275,18.6,0.6,220,18.2,0.5,255,18.4
Stockport,0.4,325,18.7,0.7,135,18.7,0.6,190,18.7,0.7,140,18.5,0.5,185,18.8
Tameside,0.4,270,19.1,0.8,90,18.9,0.5,180,19.1,0.8,65,18.5,0.5,205,19.3
Trafford,0.4,335,19.2,0.6,110,19.2,0.5,225,19.2,0.7,100,19.3,0.4,235,19.1
Wigan,0.3,385,18.9,0.6,125,19.1,0.4,260,18.8,0.6,115,18.8,0.4,270,18.9
Knowsley,0.3,525,19.3,0.5,195,18.9,0.4,290,19.5,0.5,185,19.3,0.3,340,19.2
Liverpool,0.2,890,19.1,0.4,375,19.4,0.3,515,18.9,0.4,350,19.4,0.3,540,18.9
Sefton,0.4,350,19.2,0.7,130,19.4,0.5,220,19.1,0.7,110,19.3,0.4,240,19.2
St. Helens,0.4,370,19.1,0.7,125,19.0,0.4,245,19.1,0.8,85,18.5,0.4,285,19.3
Wirral,0.5,300,18.7,0.6,190,19.0,0.8,110,18.2,0.8,105,18.7,0.5,195,18.7
Halton,0.3,400,19.1,0.6,155,19.4,0.5,245,19.0,0.6,135,20.0,0.4,270,18.8
Warrington,0.4,335,19.0,0.6,110,19.2,0.5,230,18.9,0.6,105,19.7,0.5,235,18.7
Lancashire,0.4,425,19.0,0.7,165,19.0,0.5,260,19.0,0.6,180,18.9,0.5,245,19.0
Blackburn with Darwen,0.3,375,19.9,0.7,115,20.0,0.4,260,19.9,0.6,100,19.0,0.3,275,20.4
Blackpool,0.6,440,19.6,0.9,160,20.3,0.7,275,19.2,0.8,145,18.2,0.7,295,20.0
Cheshire East,0.4,355,19.0,0.6,155,19.2,0.5,200,18.9,0.6,145,19.4,0.5,210,18.8
Cheshire West and Chester,0.4,520,18.8,0.7,215,18.7,0.5,310,18.9,0.6,290,18.6,0.5,230,19.0
Warwickshire,0.4,330,18.5,0.8,100,18.0,0.5,225,18.7,0.7,100,19.1,0.5,225,18.1
Birmingham,0.3,445,18.9,0.5,165,19.4,0.5,280,18.5,0.6,135,19.5,0.4,310,18.6
Coventry,0.4,360,18.9,0.7,130,19.2,0.5,230,18.7,0.7,120,19.6,0.5,240,18.5
Dudley,0.3,670,19.0,0.5,290,19.1,0.4,380,18.9,0.5,265,19.3,0.4,405,18.9
Sandwell,0.4,305,18.8,0.7,115,19.1,0.5,190,18.6,0.8,95,18.7,0.5,210,18.8
Solihull,0.3,680,18.8,0.4,260,19.4,0.3,425,18.5,0.4,320,18.8,0.3,360,18.8
Walsall,0.2,965,19.0,0.4,350,19.3,0.3,615,18.8,0.3,320,19.6,0.3,640,18.7
Wolverhampton,0.4,370,19.2,0.6,145,19.2,0.5,225,19.2,0.7,110,19.4,0.4,260,19.1
Staffordshire,0.5,390,18.5,1.1,145,18.5,0.6,250,18.5,0.7,110,18.3,0.7,280,18.6
Stoke-on-Trent,0.4,340,19.0,0.7,130,19.3,0.5,210,18.9,0.8,105,18.4,0.4,235,19.4
Herefordshire,0.4,295,19.5,0.6,110,19.8,0.5,185,19.4,0.7,80,20.6,0.4,215,19.0
Worcestershire,0.4,425,19.3,0.6,165,19.4,0.5,255,19.2,0.5,150,20.4,0.5,275,18.8
Shropshire,0.4,280,18.8,0.6,110,19.6,0.6,165,18.4,0.7,125,18.2,0.6,150,19.3
Telford and the Wrekin,0.4,320,18.4,0.7,110,18.9,0.5,210,18.1,0.6,140,18.2,0.5,180,18.5
Lincolnshire,0.4,360,18.6,0.7,130,18.7,0.5,230,18.5,0.7,120,18.8,0.5,240,18.5
Northamptonshire,0.3,480,18.7,0.5,180,18.9,0.4,300,18.6,0.5,180,18.8,0.4,300,18.7
Derbyshire,0.4,340,18.3,0.6,120,18.8,0.5,220,18.1,0.7,115,18.7,0.5,225,18.2
Derby,0.4,300,19.0,0.7,120,19.4,0.5,185,18.7,0.7,100,19.3,0.5,200,18.8
Leicestershire,0.4,310,18.9,0.7,110,19.1,0.5,200,18.7,0.7,105,19.1,0.5,205,18.8
Leicester,0.4,450,18.3,0.7,170,17.6,0.4,280,18.7,0.7,200,18.5,0.5,255,18.1
Rutland,0.4,180,19.3,0.9,75,19.0,0.6,105,19.5,1.0,55,18.9,0.4,130,19.5
Nottinghamshire,0.3,380,19.3,0.7,130,18.5,0.4,250,19.7,0.6,145,19.0,0.4,235,19.4
Nottingham,0.4,405,18.5,0.6,145,19.2,0.5,255,18.1,0.7,115,18.8,0.4,285,18.4
Hertfordshire,0.4,355,18.4,0.7,135,19.0,0.6,220,17.9,0.6,155,18.3,0.4,200,18.5
Norfolk,0.4,345,19.4,0.6,120,19.6,0.5,220,19.3,0.6,150,19.8,0.5,195,19.1
Oxfordshire,0.3,480,19.1,0.5,200,19.1,0.5,280,19.2,0.4,220,19.8,0.5,265,18.8
Suffolk,0.3,705,19.2,0.4,275,19.0,0.4,430,19.2,0.4,320,19.4,0.4,390,19.1
Luton,0.4,385,18.4,0.7,140,19.0,0.6,245,18.1,0.8,100,18.5,0.4,280,18.4
Buckinghamshire,0.4,350,18.4,0.6,130,18.3,0.5,225,18.5,0.8,100,18.1,0.4,250,18.5
Milton Keynes,0.4,350,18.6,0.5,160,19.3,0.6,190,18.0,0.6,150,19.2,0.5,200,18.2
Bracknell Forest,0.3,605,18.7,0.5,255,18.8,0.4,350,18.6,0.4,265,18.8,0.3,340,18.6
West Berkshire,0.4,420,18.3,0.6,160,18.1,0.5,260,18.4,0.6,160,18.7,0.4,260,18.0
Reading,0.3,355,19.0,0.5,155,18.5,0.5,200,19.4,0.6,145,19.5,0.4,215,18.6
Slough,..,..,..,..,..,..,..,..,..,..,..,..,..,..,..
Windsor and Maidenhead,0.4,295,19.0,0.7,110,19.1,0.5,185,19.0,0.7,110,19.7,0.5,185,18.6
Wokingham,0.3,345,19.3,0.5,165,19.6,0.5,185,19.1,0.5,185,19.6,0.5,165,19.1
Essex,0.3,870,18.5,0.4,320,18.4,0.3,545,18.6,0.5,225,19.2,0.3,630,18.2
Southend-on-Sea,0.4,340,19.1,0.6,130,19.5,0.5,210,18.9,0.6,105,19.8,0.5,235,18.8
Thurrock,0.5,255,18.7,0.7,85,19.4,0.6,170,18.3,0.9,60,18.2,0.5,195,18.9
Cambridgeshire,0.3,490,18.8,0.5,185,19.0,0.4,305,18.7,0.7,140,18.7,0.4,350,18.9
Peterborough,0.4,475,19.0,0.6,180,19.3,0.5,295,18.7,0.6,230,19.2,0.4,245,18.8
Bedford,0.4,280,18.4,0.6,115,18.6,0.6,165,18.3,0.7,120,18.4,0.5,165,18.4
Central Bedfordshire,0.4,290,19.1,0.7,105,19.9,0.5,185,18.7,0.8,90,19.6,0.5,200,18.8
Camden,0.4,385,18.0,0.7,170,17.9,0.6,200,18.0,0.7,165,17.1,0.5,220,18.9
Greenwich,0.5,290,18.3,0.7,115,18.7,0.6,175,18.1,0.7,145,18.0,0.6,150,18.6
Hackney,0.5,340,17.9,0.8,145,18.0,0.6,195,17.9,0.7,165,17.7,0.6,170,18.1
Hammersmith and Fulham,0.5,245,17.7,0.9,85,18.6,0.7,160,17.3,1.1,85,17.4,0.6,165,17.9
Islington,0.5,285,17.7,0.8,115,18.1,0.6,170,17.4,0.7,120,16.9,0.6,170,18.5
Kensington and Chelsea,0.4,345,18.1,0.6,145,18.2,0.6,200,18.0,0.7,155,16.8,0.5,190,18.7
Lambeth,0.5,385,17.9,0.8,165,17.9,0.5,220,17.8,0.8,180,17.3,0.5,205,18.4
Lewisham,0.5,295,18.3,0.8,145,18.6,0.7,150,18.0,0.8,170,18.3,0.7,125,18.3
Southwark,0.3,845,18.0,0.4,380,18.2,0.4,460,17.9,0.4,345,18.2,0.4,495,17.9
Tower Hamlets,0.3,815,18.0,0.4,370,18.3,0.4,440,17.8,0.4,320,17.8,0.4,495,18.2
Wandsworth,0.2,790,19.0,0.4,340,19.1,0.3,455,19.0,0.4,365,19.3,0.3,430,18.8
Westminster,0.5,315,18.3,0.8,140,18.6,0.6,175,18.0,0.7,130,18.2,0.6,185,18.3
City of London,..,..,..,..,..,..,..,..,..,..,..,..,..,..,..
Barking and Dagenham,0.4,365,18.0,0.7,105,18.1,0.4,260,18.0,0.7,120,17.2,0.4,245,18.5
Barnet,0.4,395,18.6,0.7,155,19.0,0.5,240,18.4,0.7,165,18.1,0.5,230,18.9
Bexley,0.5,270,18.9,0.9,90,19.3,0.6,180,18.7,0.8,95,19.3,0.6,175,18.7
Brent,0.6,185,17.6,0.8,75,18.6,0.9,90,17.5,1.1,65,18.0,0.7,115,17.4
Bromley,0.3,625,18.7,0.5,220,19.4,0.4,405,18.4,0.5,220,19.4,0.3,405,18.5
Croydon,0.5,385,18.2,0.8,145,18.4,0.6,240,18.1,0.9,120,18.4,0.5,265,18.1
Ealing,0.5,315,18.0,0.7,125,18.6,0.6,190,17.7,0.8,105,18.3,0.5,210,17.9
Enfield,0.3,685,18.6,0.5,335,18.6,0.4,350,18.6,0.5,430,18.7,0.4,255,18.6
Haringey,0.5,320,17.8,0.8,130,17.8,0.6,190,17.9,0.7,145,17.6,0.6,175,18.0
Harrow,0.5,275,18.3,0.9,80,18.0,0.7,195,18.4,1.2,80,17.6,0.5,195,18.6
Havering,0.4,325,18.4,0.7,120,18.5,0.5,205,18.3,0.7,100,19.2,0.5,225,18.0
Hillingdon,0.5,250,18.1,0.9,95,18.2,0.6,155,18.1,1.0,75,18.3,0.6,170,18.1
Hounslow,0.4,505,17.9,0.7,215,18.0,0.5,285,17.8,0.7,215,17.9,0.5,290,17.9
Kingston upon Thames,0.5,215,18.7,0.7,90,19.1,0.7,125,18.5,0.7,105,18.8,0.7,110,18.7
Merton,0.5,305,17.9,0.8,115,17.9,0.6,185,17.8,0.7,140,17.5,0.6,165,18.2
Newham,0.4,495,18.5,0.6,220,18.6,0.5,275,18.5,0.5,285,18.8,0.5,210,18.3
Redbridge,0.4,435,19.6,0.6,170,20.1,0.5,265,19.3,0.7,130,19.8,0.4,305,19.5
Richmond upon Thames,0.4,345,19.5,0.6,145,19.6,0.5,205,19.5,0.5,170,19.8,0.5,180,19.4
Sutton,0.4,345,19.1,0.6,130,19.4,0.5,220,18.9,0.6,125,19.6,0.4,220,18.8
Waltham Forest,0.5,315,17.8,0.7,125,18.6,0.6,190,17.4,0.7,160,18.2,0.6,155,17.5
Isle of Wight,0.3,405,19.5,0.5,145,19.8,0.4,260,19.4,0.5,155,19.9,0.4,250,19.3
Surrey,0.3,545,19.2,0.5,210,19.4,0.4,335,19.0,0.8,95,18.0,0.3,455,19.4
West Sussex,0.3,445,19.3,0.5,195,19.3,0.4,250,19.2,0.6,175,19.5,0.4,270,19.1
Dorset,0.3,365,18.8,0.5,155,18.8,0.5,210,18.7,0.5,155,18.8,0.4,210,18.8
Bournemouth,0.4,310,18.8,0.7,120,19.0,0.5,190,18.7,0.8,90,18.6,0.4,225,18.9
Poole,0.3,340,19.0,0.5,140,19.5,0.5,200,18.7,0.6,95,19.5,0.4,245,18.8
Hampshire,0.3,"1,260",19.4,0.5,430,19.5,0.3,830,19.3,0.4,400,19.8,0.3,860,19.1
Portsmouth,0.6,160,19.1,1.0,65,19.6,0.8,95,18.8,0.9,70,19.5,0.8,90,18.9
Southampton,0.3,630,18.5,0.5,250,18.6,0.4,380,18.4,0.5,240,18.0,0.4,390,18.8
East Sussex,0.4,365,18.9,0.7,125,18.6,0.5,240,19.1,0.9,100,18.4,0.4,260,19.1
Brighton and Hove,0.3,365,19.5,0.6,140,19.5,0.4,225,19.5,0.6,130,19.4,0.4,235,19.5
Wiltshire,0.4,330,18.8,0.6,130,19.1,0.5,200,18.7,0.7,105,18.9,0.5,220,18.8
Swindon,0.4,340,18.6,0.8,120,18.7,0.5,220,18.5,0.8,135,18.2,0.5,205,18.8
Kent,0.4,425,18.8,0.6,160,18.7,0.4,265,18.9,0.6,145,19.0,0.4,285,18.7
Medway Towns,0.4,385,19.1,0.6,135,19.3,0.5,250,19.0,0.9,95,19.2,0.3,285,19.0
Cornwall,0.4,340,19.4,0.7,125,19.2,0.5,215,19.5,0.7,105,19.6,0.5,230,19.3
Gloucestershire,0.6,355,19.5,0.6,135,20.0,0.7,220,19.3,0.7,105,19.7,0.7,250,19.5
Somerset,0.3,535,19.3,0.5,190,19.8,0.4,345,19.0,0.5,210,19.5,0.4,325,19.2
Isles of Scilly,..,..,..,..,..,..,..,..,..,..,..,..,..,..,..
Bath and North East Somerset,0.3,470,18.8,0.6,180,18.8,0.4,290,18.8,0.5,180,18.9,0.4,290,18.8
Bristol,0.4,385,18.5,0.6,165,19.0,0.5,220,18.2,0.7,165,18.3,0.5,220,18.6
North Somerset,0.4,295,19.2,0.5,105,19.9,0.6,190,18.7,0.6,115,18.9,0.5,180,19.2
South Gloucestershire,0.4,355,19.6,0.6,140,20.2,0.5,220,19.3,0.5,150,20.0,0.5,205,19.4
Devon,0.4,345,18.7,0.8,135,18.4,0.5,210,18.9,0.7,155,18.2,0.5,190,19.1
Plymouth,0.4,315,19.4,0.7,125,19.6,0.5,195,19.2,0.8,110,19.1,0.4,210,19.5
Torbay,0.4,355,18.6,0.7,135,19.0,0.5,215,18.4,0.7,160,17.9,0.5,195,19.2
,,,,,,,,,,,,,,,
ENGLAND,0,"60,410",18.8,0.1,"23,440",19.0,0.0,"36,895",18.8,0.1,"22,455",18.9,0.0,"37,940",18.8
Number of councils the national total is based on,149,149,149,149,149,149,149,149,149,149,149,149,149,149,149
,,,,,,,,,,,,,,,
Shire Counties,0.1,"12,560",18.9,0.1,"4,720",19.0,0.1,"7,835",18.9,0.1,"4,305",19.0,0.1,"8,240",18.9
Unitary Authorities,0.1,"19,225",19.0,0.1,"7,345",19.1,0.1,"11,880",18.9,0.1,"6,940",19.0,0.1,"12,280",19.0
Metropolitan Districts,0.1,"15,945",18.9,0.1,"6,185",19.0,0.1,"9,720",18.8,0.1,"5,830",19.0,0.1,"10,115",18.8
Inner London,0.1,"5,335",18.1,0.2,"2,315",18.3,0.2,"3,010",17.9,0.2,"2,335",17.8,0.2,"3,000",18.4
Outer London,0.1,"7,345",18.4,0.2,"2,880",18.7,0.1,"4,445",18.3,0.2,"3,040",18.4,0.1,"4,305",18.4
,,,,,,,,,,,,,,,
North East,0.1,"4,375",19.1,0.2,"1,640",19.1,0.2,"2,735",19.1,0.2,"1,525",19.1,0.1,"2,850",19.1
North West,0.1,"9,715",18.9,0.2,"3,765",19.0,0.1,"5,905",18.9,0.2,"3,490",18.8,0.1,"6,225",19.0
Yorkshire and the Humber,0.1,"5,860",19.0,0.2,"2,260",19.2,0.1,"3,595",18.9,0.2,"2,090",19.2,0.1,"3,765",18.9
East Midlands,0.1,"3,205",18.7,0.2,"1,180",18.8,0.2,"2,025",18.7,0.2,"1,130",18.8,0.2,"2,075",18.6
West Midlands,0.1,"6,170",18.9,0.3,"2,330",19.1,0.2,"3,840",18.7,0.2,"2,185",19.0,0.2,"3,985",18.8
South West,0.1,"5,435",19.0,0.2,"2,095",19.2,0.2,"3,340",18.9,0.2,"2,040",18.9,0.2,"3,395",19.1
Eastern,0.1,"4,790",18.9,0.2,"1,785",19.0,0.2,"2,995",18.8,0.2,"1,685",19.2,0.2,"3,085",18.7
London,0.1,"12,685",18.3,0.1,"5,195",18.5,0.1,"7,455",18.1,0.1,"5,380",18.1,0.1,"7,305",18.4
South East,0.1,"8,185",19.0,0.2,"3,190",19.0,0.1,"4,995",19.0,0.2,"2,930",19.0,0.1,"5,255",19.0
,,,,,,,,,,,,,,,
,,,,,,,,,,,,,,,
Notes:,,,,,,,,,,,,,,,
..  represents data that are unavailable.,,,,,,,,,,,,,,,
"-   means constituent values less than 6 are suppressed, where elements of an indicator are suppressed the indicator itself is also suppressed. The exception is for Measure 2C where values of less than 0.5 have been supressed. This is because the numerator is based on an average of the 12 monthly figures.",,,,,,,,,,,,,,,
1. Caution should be taken when comparing data historically please refer to the notes in the cover sheet.,,,,,,,,,,,,,,,
"2. Numerator and denominator values used to calculate the indicator are rounded to the nearest 5. The exception is for Measure 2C, which is based on average values.",,,,,,,,,,,,,,,
"3. 1A, 1B, 1D, 3A, 3B, 3C, 3D, 4A and 4B are based on survey data. The base for 1A, 1B, 3A, 3D, 4A and 4B (i.e. the number of responses on which the outcome is based) should be taken into account when assessing the reliability of the outcome values. Outcomes based on a small base should be treated with caution.",,,,,,,,,,,,,,,
"4. 1A, 1B, 3A, 3D, 4A and 4B have been weighted to reflect that a stratified sample was taken and to account for non-response bias. For 1D, 3B and 3C only the national, regional and council type figures have been weighted as stratified sampling was not used. These totals have been weighted to account for differeing response rates in councils.",,,,,,,,,,,,,,,
,,,,,,,,,,,,,,,
,,,,,,,,,,,,,,,
,,,,,,,,,,,,,,,
,,,,,,,,,,,,,,,
,,,,,,,,,,,,,,,
,,,,,,,,,,,,,,,
,,,,,,,,,,,,,,,
,,,,,,,,,,,,,,,
,,,,,,,,,,,,,,,
,,,,,,,,,,,,,,,
,,,,,,,,,,,,,,,
,,,,,,,,,,,,,,,
,,,,,,,,,,,,,,,
,,,,,,,,,,,,,,,
,,,,,,,,,,,,,,,
,,,,,,,,,,,,,,,
,,,,,,,,,,,,,,,
,,,,,,,,,,,,,,,
,,,,,,,,,,,,,,,
,,,,,,,,,,,,,,,
,,,,,,,,,,,,,,,
,,,,,,,,,,,,,,,
,,,,,,,,,,,,,,,
,,,,,,,,,,,,,,,
,,,,,,,,,,,,,,,
,,,,,,,,,,,,,,,
,,,,,,,,,,,,,,,
,,,,,,,,,,,,,,,
,,,,,,,,,,,,,,,
,,,,,,,,,,,,,,,
,,,,,,,,,,,,,,,
,,,,,,,,,,,,,,,
,,,,,,,,,,,,,,,
,,,,,,,,,,,,,,,
,,,,,,,,,,,,,,,
,,,,,,,,,,,,,,,
,,,,,,,,,,,,,,,
,,,,,,,,,,,,,,,
,,,,,,,,,,,,,,,
,,,,,,,,,,,,,,,
,,,,,,,,,,,,,,,
,,,,,,,,,,,,,,,
,,,,,,,,,,,,,,,
,,,,,,,,,,,,,,,
,,,,,,,,,,,,,,,
,,,,,,,,,,,,,,,
,,,,,,,,,,,,,,,
,,,,,,,,,,,,,,,
,,,,,,,,,,,,,,,
,,,,,,,,,,,,,,,
,,,,,,,,,,,,,,,
,,,,,,,,,,,,,,,
,,,,,,,,,,,,,,,
,,,,,,,,,,,,,,,
,,,,,,,,,,,,,,,
,,,,,,,,,,,,,,,
,,,,,,,,,,,,,,,
,,,,,,,,,,,,,,,
,,,,,,,,,,,,,,,
,,,,,,,,,,,,,,,
,,,,,,,,,,,,,,,
,,,,,,,,,,,,,,,
,,,,,,,,,,,,,,,
,,,,,,,,,,,,,,,
,,,,,,,,,,,,,,,
,,,,,,,,,,,,,,,
,,,,,,,,,,,,,,,
,,,,,,,,,,,,,,,
,,,,,,,,,,,,,,,
,,,,,,,,,,,,,,,
,,,,,,,,,,,,,,,
,,,,,,,,,,,,,,,
,,,,,,,,,,,,,,,
,,,,,,,,,,,,,,,
,,,,,,,,,,,,,,,
,,,,,,,,,,,,,,,
,,,,,,,,,,,,,,,
,,,,,,,,,,,,,,,
,,,,,,,,,,,,,,,
,,,,,,,,,,,,,,,
,,,,,,,,,,,,,,,
,,,,,,,,,,,,,,,
,,,,,,,,,,,,,,,
,,,,,,,,,,,,,,,
,,,,,,,,,,,,,,,
,,,,,,,,,,,,,,,
,,,,,,,,,,,,,,,
,,,,,,,,,,,,,,,
,,,,,,,,,,,,,,,
,,,,,,,,,,,,,,,
,,,,,,,,,,,,,,,
,,,,,,,,,,,,,,,
,,,,,,,,,,,,,,,
,,,,,,,,,,,,,,,
,,,,,,,,,,,,,,,
,,,,,,,,,,,,,,,
,,,,,,,,,,,,,,,
,,,,,,,,,,,,,,,
,,,,,,,,,,,,,,,
,,,,,,,,,,,,,,,
,,,,,,,,,,,,,,,
,,,,,,,,,,,,,,,
,,,,,,,,,,,,,,,
,,,,,,,,,,,,,,,
,,,,,,,,,,,,,,,
,,,,,,,,,,,,,,,
,,,,,,,,,,,,,,,
,,,,,,,,,,,,,,,
,,,,,,,,,,,,,,,
,,,,,,,,,,,,,,,
,,,,,,,,,,,,,,,
,,,,,,,,,,,,,,,
,,,,,,,,,,,,,,,
,,,,,,,,,,,,,,,
,,,,,,,,,,,,,,,
,,,,,,,,,,,,,,,
,,,,,,,,,,,,,,,
,,,,,,,,,,,,,,,
,,,,,,,,,,,,,,,
,,,,,,,,,,,,,,,
,,,,,,,,,,,,,,,
,,,,,,,,,,,,,,,
,,,,,,,,,,,,,,,
,,,,,,,,,,,,,,,
,,,,,,,,,,,,,,,
,,,,,,,,,,,,,,,
,,,,,,,,,,,,,,,
,,,,,,,,,,,,,,,
,,,,,,,,,,,,,,,
,,,,,,,,,,,,,,,
,,,,,,,,,,,,,,,
,,,,,,,,,,,,,,,
,,,,,,,,,,,,,,,
,,,,,,,,,,,,,,,
,,,,,,,,,,,,,,,
,,,,,,,,,,,,,,,
,,,,,,,,,,,,,,,
,,,,,,,,,,,,,,,
,,,,,,,,,,,,,,,
,,,,,,,,,,,,,,,
,,,,,,,,,,,,,,,
,,,,,,,,,,,,,,,
,,,,,,,,,,,,,,,
,,,,,,,,,,,,,,,
,,,,,,,,,,,,,,,
,,,,,,,,,,,,,,,
,,,,,,,,,,,,,,,
,,,,,,,,,,,,,,,
,,,,,,,,,,,,,,,
,,,,,,,,,,,,,,,
,,,,,,,,,,,,,,,
,,,,,,,,,,,,,,,
,,,,,,,,,,,,,,,
,,,,,,,,,,,,,,,
,,,,,,,,,,,,,,,
,,,,,,,,,,,,,,,
,,,,,,,,,,,,,,,
,,,,,,,,,,,,,,,
,,,,,,,,,,,,,,,
,,,,,,,,,,,,,,,
,,,,,,,,,,,,,,,
,,,,,,,,,,,,,,,
,,,,,,,,,,,,,,,
,,,,,,,,,,,,,,,
,,,,,,,,,,,,,,,
,,,,,,,,,,,,,,,
,,,,,,,,,,,,,,,
,,,,,,,,,,,,,,,
,,,,,,,,,,,,,,,
,,,,,,,,,,,,,,,
,,,,,,,,,,,,,,,
,,,,,,,,,,,,,,,
,,,,,,,,,,,,,,,
,,,,,,,,,,,,,,,
,,,,,,,,,,,,,,,
,,,,,,,,,,,,,,,
,,,,,,,,,,,,,,,
,,,,,,,,,,,,,,,
,,,,,,,,,,,,,,,
,,,,,,,,,,,,,,,
,,,,,,,,,,,,,,,
,,,,,,,,,,,,,,,
,,,,,,,,,,,,,,,
,,,,,,,,,,,,,,,
,,,,,,,,,,,,,,,
,,,,,,,,,,,,,,,
,,,,,,,,,,,,,,,
,,,,,,,,,,,,,,,
,,,,,,,,,,,,,,,
,,,,,,,,,,,,,,,
,,,,,,,,,,,,,,,
,,,,,,,,,,,,,,,
,,,,,,,,,,,,,,,
,,,,,,,,,,,,,,,
,,,,,,,,,,,,,,,
,,,,,,,,,,,,,,,
,,,,,,,,,,,,,,,
,,,,,,,,,,,,,,,
,,,,,,,,,,,,,,,
