ASCOF Outcomes 2012-13,Proportion of older people (65 and over) who were still at home 91 days after discharge from hospital into reablement/rehabilitation services (offered the service),,,Proportion of older people (65 and over) who were still at home 91 days after discharge from hospital into reablement/rehabilitation services (offered the service),,,Proportion of older people (65 and over) who were still at home 91 days after discharge from hospital into reablement/rehabilitation services (offered the service),,,Proportion of older people (65 and over) who were still at home 91 days after discharge from hospital into reablement/rehabilitation services (offered the service),,,Proportion of older people (65 and over) who were still at home 91 days after discharge from hospital into reablement/rehabilitation services (offered the service),,,Proportion of older people (65 and over) who were still at home 91 days after discharge from hospital into reablement/rehabilitation services (offered the service),,,
,TOTAL,,,MALE,,,FEMALE,,,Adults aged 65 to 74,,,Adults aged 75 to 84,,,Adults aged 85 and over,,,
,2B(2),2B(2),2B(2),2B(2),2B(2),2B(2),2B(2),2B(2),2B(2),2B(2),2B(2),2B(2),2B(2),2B(2),2B(2),2B(2),2B(2),2B(2),
,Numerator,Denominator,Outcome,Numerator,Denominator,Outcome,Numerator,Denominator,Outcome,Numerator,Denominator,Outcome,Numerator,Denominator,Outcome,Numerator,Denominator,Outcome,
,,,,,,,,,,,,,,,,,,,
,"Number of older people (aged 65 and over) discharged from acute or community hospitals from hospital  to their own home or to a residential or nursing care home or extra care housing for rehabilitation, with the clear intention that they will move on/back to their own home (including a place in extra care housing or an adult placement scheme setting)",Total number of people (aged 65 and over) discharged alive from hospitals in England between 1 October 2012 and 31 December 2012. This includes all specialities and zero-length stays. Data for geographical areas is based on usual residence of patient,"Number of older people (aged 65 and over) discharged from acute or community hospitals from hospital to their own home or to a residential or nursing care home or extra care housing for rehabilitation, with the clear intention that they will move on/back to their own home (including a place in extra care housing or an adult placement scheme setting) as a percentage of the total number of people (aged 65 and over) discharged alive from hospitals in England between 1 October 2012 and 31 December 2012. This includes all specialities and zero-length stays ","Number of older people (male, aged 65 and over) discharged from acute or community hospitals from hospital  to their own home or to a residential or nursing care home or extra care housing for rehabilitation, with the clear intention that they will move on/back to their own home (including a place in extra care housing or an adult placement scheme setting)","Total number of people (male, aged 65 and over) discharged alive from hospitals in England between 1 October 2012 and 31 December 2012. This includes all specialities and zero-length stays. Data for geographical areas is based on usual residence of patient","Number of older people (male, aged 65 and over) discharged from acute or community hospitals from hospital to their own home or to a residential or nursing care home or extra care housing for rehabilitation, with the clear intention that they will move on/back to their own home (including a place in extra care housing or an adult placement scheme setting) as a percentage of the total number of people (male, aged 65 and over) discharged alive from hospitals in England between 1 October 2012 and 31 December 2012. This includes all specialities and zero-length stays","Number of older people (female, aged 65 and over) discharged from acute or community hospitals from hospital  to their own home or to a residential or nursing care home or extra care housing for rehabilitation, with the clear intention that they will move on/back to their own home (including a place in extra care housing or an adult placement scheme setting)","Total number of people (female, aged 65 and over) discharged alive from hospitals in England between 1 October 2012 and 31 December 2012. This includes all specialities and zero-length stays. Data for geographical areas is based on usual residence of patient","Number of older people (female, aged 65 and over) discharged from acute or community hospitals from hospital to their own home or to a residential or nursing care home or extra care housing for rehabilitation, with the clear intention that they will move on/back to their own home (including a place in extra care housing or an adult placement scheme setting) as a percentage of the total number of people (female, aged 65 and over) discharged alive from hospitals in England between 1 October 2012 and 31 December 2012. This includes all specialities and zero-length stays. ","Number of older people (aged 65 to 74) discharged from acute or community hospitals from hospital  to their own home or to a residential or nursing care home or extra care housing for rehabilitation, with the clear intention that they will move on/back to their own home (including a place in extra care housing or an adult placement scheme setting)",Total number of people (aged 65 to 74) discharged alive from hospitals in England between 1 October 2012 and 31 December 2012. This includes all specialities and zero-length stays. Data for geographical areas is based on usual residence of patient,"Number of older people (aged 65 to 74) discharged from acute or community hospitals from hospital to their own home or to a residential or nursing care home or extra care housing for rehabilitation, with the clear intention that they will move on/back to their own home (including a place in extra care housing or an adult placement scheme setting) as a percentage of the total number of people (aged 65 to 74) discharged alive from hospitals in England between 1 October 2012 and 31 December 2012. This includes all specialities and zero-length stays","Number of older people (aged 75 to 84) discharged from acute or community hospitals from hospital  to their own home or to a residential or nursing care home or extra care housing for rehabilitation, with the clear intention that they will move on/back to their own home (including a place in extra care housing or an adult placement scheme setting)",Total number of people (aged 75 to 84) discharged alive from hospitals in England between 1 October 2012 and 31 December 2012. This includes all specialities and zero-length stays. Data for geographical areas is based on usual residence of patient,"Number of older people (aged 75 to 84) discharged from acute or community hospitals from hospital to their own home or to a residential or nursing care home or extra care housing for rehabilitation, with the clear intention that they will move on/back to their own home (including a place in extra care housing or an adult placement scheme setting) as a percentage of the total number of people (aged 75 to 84) discharged alive from hospitals in England between 1 October 2012 and 31 December 2012. This includes all specialities and zero-length stays","Number of older people (aged 85 and over) discharged from acute or community hospitals from hospital  to their own home or to a residential or nursing care home or extra care housing for rehabilitation, with the clear intention that they will move on/back to their own home (including a place in extra care housing or an adult placement scheme setting)",Total number of people (aged 85 and over) discharged alive from hospitals in England between 1 October 2012 and 31 December 2012. This includes all specialities and zero-length stays. Data for geographical areas is based on usual residence of patient,"Number of older people (aged 85 and over) discharged from acute or community hospitals from hospital to their own home or to a residential or nursing care home or extra care housing for rehabilitation, with the clear intention that they will move on/back to their own home (including a place in extra care housing or an adult placement scheme setting) as a percentage of the total number of people (aged 85 and over) discharged alive from hospitals in England between 1 October 2012 and 31 December 2012. This includes all specialities and zero-length stays ",
,ASC -CAR - Table l1 row 2 col 9,HES,,ASC -CAR - Table l1 row 2 sum col 7,HES,,ASC -CAR - Table l1 row 2 sum col 8,HES,,"ASC -CAR - Table l1 row 2 sum cols 1, 2",HES,,"ASC -CAR - Table l1 row 2 sum cols 3, 4",HES,,"ASC-CAR - Table l1 sum cols 5, 6",HES,,
,,,,,,,,,,,,,,,,,,,
Cumbria,370,"16,385",2.3,235,"8,365",2.8,135,"8,020",1.7,60,"7,345",0.8,155,"6,230",2.5,150,"2,810",5.4,
Northumberland,525,"11,140",4.7,215,"5,670",3.8,305,"5,470",5.6,120,"5,505",2.2,235,"3,930",6.0,165,"1,705",9.8,
Gateshead,325,"6,480",5.0,120,"3,070",3.9,205,"3,405",6.0,70,"2,715",2.6,130,"2,705",4.9,125,"1,060",11.6,
Newcastle upon Tyne,230,"7,190",3.2,85,"3,305",2.6,140,"3,885",3.6,40,"3,210",1.2,80,"2,750",2.9,110,"1,230",9.0,
North Tyneside,315,"6,505",4.9,90,"3,065",3.0,225,"3,445",6.5,45,"2,920",1.5,135,"2,535",5.4,135,"1,050",12.9,
South Tyneside,315,"5,550",5.7,95,"2,555",3.8,220,"2,990",7.3,40,"2,425",1.7,125,"2,250",5.6,150,875,16.9,
Sunderland,320,"9,850",3.3,120,"4,750",2.6,200,"5,100",3.9,60,"4,320",1.4,140,"4,095",3.5,120,"1,435",8.3,
Hartlepool,65,"2,780",2.4,25,"1,420",1.6,45,"1,360",3.2,10,"1,215",0.7,30,"1,130",2.7,25,435,6.2,
Middlesbrough,80,"4,020",1.9,30,"1,805",1.7,45,"2,210",2.1,10,"1,705",0.6,45,"1,660",2.6,25,655,3.7,
Redcar and Cleveland,40,"4,445",0.9,15,"2,030",0.7,25,"2,410",1.1,-,-,-,-,-,-,-,-,-,
Stockton-on-Tees,110,"5,200",2.1,40,"2,490",1.6,70,"2,710",2.5,20,"2,385",0.9,45,"2,030",2.3,40,780,5.4,
Durham,335,"16,780",2.0,105,"8,130",1.3,230,"8,650",2.7,55,"7,590",0.7,155,"6,505",2.4,125,"2,685",4.7,
Darlington,300,"3,020",10.0,100,"1,410",7.0,205,"1,605",12.6,80,"1,270",6.2,110,"1,160",9.3,115,590,19.5,
Barnsley,195,"7,475",2.6,65,"3,660",1.8,130,"3,820",3.5,15,"3,500",0.4,85,"2,805",3.0,100,"1,170",8.4,
Doncaster,150,"8,645",1.7,50,"3,970",1.3,100,"4,675",2.1,20,"3,695",0.6,55,"3,380",1.6,75,"1,570",4.8,
Rotherham,130,"7,740",1.7,55,"3,875",1.4,75,"3,865",1.9,25,"3,605",0.7,55,"2,890",1.9,45,"1,245",3.6,
Sheffield,860,"13,530",6.4,320,"6,450",5.0,540,"7,085",7.6,115,"6,180",1.9,320,"4,945",6.5,425,"2,410",17.7,
Bradford,225,"12,505",1.8,140,"5,995",2.3,85,"6,510",1.3,30,"5,505",0.6,70,"4,905",1.5,120,"2,095",5.8,
Calderdale,80,"5,400",1.5,35,"2,550",1.3,45,"2,850",1.6,5,"2,450",0.3,35,"1,925",1.8,40,"1,030",3.8,
Kirklees,155,"9,875",1.5,45,"4,845",0.9,110,"5,030",2.2,25,"4,435",0.5,55,"3,725",1.5,75,"1,715",4.3,
Leeds,70,"16,950",0.4,30,"7,770",0.4,40,"9,175",0.4,10,"6,750",0.1,25,"6,935",0.4,35,"3,265",1.0,
Wakefield,215,"9,555",2.2,70,"4,630",1.6,145,"4,925",2.9,35,"4,500",0.8,75,"3,470",2.2,100,"1,585",6.4,
East Riding of Yorkshire,85,"11,250",0.7,30,"5,465",0.6,50,"5,780",0.9,10,"5,310",0.2,40,"4,125",1.0,35,"1,815",1.9,
Kingston upon Hull,90,"5,925",1.5,30,"2,865",1.1,55,"3,060",1.8,10,"2,630",0.5,40,"2,310",1.8,35,985,3.5,
North East Lincolnshire,55,"4,045",1.3,15,"2,120",0.6,40,"1,925",2.1,10,"1,780",0.6,15,"1,650",0.9,30,615,4.5,
North Lincolnshire,105,"4,915",2.1,35,"2,470",1.4,70,"2,445",2.8,15,"2,235",0.6,50,"1,895",2.5,40,785,5.2,
North Yorkshire,460,"19,190",2.4,160,"9,515",1.7,300,"9,675",3.1,55,"8,055",0.7,185,"7,410",2.5,220,"3,720",5.9,
York,45,"5,890",0.7,10,"2,825",0.3,35,"3,065",1.1,5,"2,390",0.3,10,"2,310",0.5,25,"1,190",2.1,
Bolton,435,"6,325",6.8,135,"3,085",4.4,295,"3,240",9.1,50,"3,030",1.7,180,"2,305",7.8,205,990,20.5,
Bury,195,"4,905",4.0,60,"2,415",2.6,130,"2,495",5.3,30,"2,340",1.2,85,"1,785",4.8,80,785,10.2,
Manchester,465,"8,785",5.3,165,"4,240",3.9,300,"4,545",6.6,70,"3,960",1.7,185,"3,300",5.5,210,"1,525",13.9,
Oldham,160,"5,495",2.9,105,"2,775",3.8,55,"2,720",2.1,20,"2,605",0.8,70,"2,000",3.6,65,890,7.5,
Rochdale,"1,515","5,960",25.4,475,"2,900",16.4,"1,040","3,060",34.0,250,"2,895",8.7,675,"2,200",30.8,585,865,67.8,
Salford,335,"5,555",6.0,105,"2,610",4.1,230,"2,945",7.8,100,"2,375",4.2,130,"2,165",6.0,105,"1,015",10.5,
Stockport,475,"8,070",5.9,170,"3,710",4.6,305,"4,360",7.0,55,"3,495",1.5,155,"3,065",5.1,265,"1,510",17.6,
Tameside,390,"5,705",6.9,140,"2,715",5.1,255,"2,990",8.5,85,"2,765",3.1,160,"2,000",7.9,150,940,15.8,
Trafford,160,"6,220",2.5,65,"2,890",2.2,95,"3,330",2.9,20,"2,555",0.8,65,"2,520",2.6,70,"1,145",6.3,
Wigan,285,"9,425",3.0,85,"4,555",1.9,200,"4,865",4.1,40,"4,460",0.9,130,"3,515",3.8,110,"1,450",7.7,
Knowsley,95,"4,385",2.1,45,"2,100",2.2,45,"2,285",2.1,15,"1,810",0.8,40,"1,895",2.2,35,680,5.4,
Liverpool,345,"10,985",3.1,120,"5,460",2.2,220,"5,530",4.0,60,"4,795",1.3,145,"4,390",3.3,135,"1,800",7.5,
Sefton,310,"9,510",3.3,100,"4,535",2.2,210,"4,970",4.3,50,"3,865",1.3,140,"3,930",3.6,120,"1,710",7.0,
St. Helens,90,"5,180",1.8,30,"2,490",1.2,60,"2,690",2.3,15,"2,300",0.6,30,"2,030",1.4,50,850,5.9,
Wirral,185,"10,580",1.7,60,"5,080",1.1,125,"5,500",2.3,20,"4,485",0.4,85,"4,145",2.1,80,"1,950",4.2,
Halton,95,"3,360",2.8,35,"1,685",2.0,60,"1,680",3.6,25,"1,590",1.6,35,"1,255",2.8,35,515,6.8,
Warrington,415,"5,350",7.7,120,"2,600",4.7,290,"2,750",10.6,55,"2,515",2.2,200,"1,960",10.1,160,875,18.2,
Lancashire,470,"36,255",1.3,335,"17,595",1.9,140,"18,660",0.7,55,"16,015",0.3,205,"14,170",1.5,210,"6,070",3.5,
Blackburn with Darwen,85,"3,015",2.9,35,"1,455",2.4,50,"1,560",3.3,15,"1,365",1.0,40,"1,135",3.4,35,515,6.8,
Blackpool,65,"5,360",1.2,25,"2,635",1.0,40,"2,725",1.4,10,"2,350",0.5,30,"2,145",1.4,25,865,2.8,
Cheshire East,330,"9,775",3.4,90,"4,760",1.9,240,"5,015",4.7,35,"4,255",0.8,130,"3,685",3.6,165,"1,835",8.9,
Cheshire West and Chester,230,"9,980",2.3,85,"5,055",1.7,145,"4,925",3.0,35,"4,350",0.8,95,"3,855",2.4,105,"1,780",5.8,
Warwickshire,845,"14,125",6.0,330,"7,080",4.6,515,"7,040",7.3,140,"6,520",2.2,335,"5,170",6.4,370,"2,430",15.2,
Birmingham,"1,265","22,380",5.7,475,"10,945",4.3,790,"11,435",6.9,165,"9,205",1.8,515,"8,790",5.9,585,"4,385",13.4,
Coventry,305,"7,325",4.2,205,"3,490",5.9,100,"3,835",2.6,30,"3,310",1.0,140,"2,585",5.3,135,"1,430",9.5,
Dudley,255,"8,980",2.8,90,"4,440",2.0,165,"4,540",3.6,20,"4,180",0.5,115,"3,290",3.5,115,"1,515",7.7,
Sandwell,205,"7,890",2.6,70,"3,905",1.8,135,"3,985",3.4,35,"3,415",1.0,90,"3,055",2.9,85,"1,420",5.9,
Solihull,120,"6,270",1.9,45,"3,010",1.5,80,"3,255",2.4,15,"2,700",0.6,50,"2,285",2.3,55,"1,280",4.3,
Walsall,270,"7,130",3.8,90,"3,595",2.4,180,"3,535",5.1,30,"3,275",0.9,115,"2,790",4.1,125,"1,065",11.6,
Wolverhampton,380,"6,550",5.8,150,"3,270",4.6,230,"3,280",7.0,65,"2,970",2.3,160,"2,440",6.5,155,"1,140",13.7,
Staffordshire,530,"24,810",2.1,190,"12,285",1.6,340,"12,525",2.7,70,"11,410",0.6,215,"9,060",2.4,245,"4,340",5.7,
Stoke-on-Trent,100,"6,255",1.6,35,"2,905",1.1,70,"3,350",2.0,15,"2,730",0.6,40,"2,385",1.7,45,"1,135",3.9,
Herefordshire,155,"4,460",3.5,110,"2,270",4.8,45,"2,190",2.1,15,"2,035",0.8,60,"1,715",3.6,80,705,11.3,
Worcestershire,510,"15,265",3.3,200,"7,595",2.6,310,"7,665",4.1,75,"6,915",1.1,200,"5,670",3.5,230,"2,685",8.6,
Shropshire,125,"8,720",1.5,60,"4,355",1.4,65,"4,365",1.5,20,"3,965",0.6,50,"3,230",1.5,55,"1,530",3.6,
Telford and the Wrekin,135,"3,850",3.5,35,"1,920",1.9,100,"1,925",5.1,25,"1,860",1.2,55,"1,425",3.9,55,560,9.8,
Lincolnshire,900,"22,035",4.1,350,"11,155",3.1,550,"10,880",5.1,105,"10,260",1.0,350,"8,215",4.2,450,"3,560",12.6,
Northamptonshire,550,"16,790",3.3,185,"8,730",2.1,370,"8,060",4.6,70,"8,180",0.9,205,"5,835",3.5,275,"2,780",9.9,
Derbyshire,195,"21,835",0.9,75,"10,520",0.7,120,"11,315",1.1,30,"9,610",0.3,80,"8,000",1.0,85,"4,225",2.1,
Derby,140,"6,000",2.3,40,"2,975",1.3,100,"3,025",3.3,25,"2,445",1.0,65,"2,325",2.8,50,"1,235",4.0,
Leicestershire,505,"17,390",2.9,190,"8,905",2.2,315,"8,485",3.7,50,"7,555",0.7,200,"6,540",3.1,255,"3,295",7.7,
Leicester,220,"5,625",3.9,85,"2,760",3.0,135,"2,865",4.7,40,"2,365",1.6,100,"2,125",4.8,80,"1,135",6.9,
Rutland,25,"1,125",2.4,15,565,2.5,15,560,2.3,-,-,-,-,-,-,-,-,-,
Nottinghamshire,755,"21,535",3.5,250,"10,585",2.4,505,"10,955",4.6,95,"9,725",1.0,300,"8,050",3.8,360,"3,765",9.5,
Nottingham,100,"6,140",1.6,35,"2,980",1.1,65,"3,160",2.1,10,"2,545",0.4,35,"2,415",1.5,50,"1,185",4.4,
Hertfordshire,460,"25,360",1.8,155,"12,230",1.3,305,"13,130",2.3,75,"10,220",0.8,185,"10,000",1.9,200,"5,140",3.9,
Norfolk,690,"28,810",2.4,250,"14,285",1.7,440,"14,525",3.0,115,"12,220",0.9,260,"11,165",2.3,315,"5,425",5.8,
Oxfordshire,480,"14,970",3.2,180,"7,160",2.5,300,"7,810",3.9,65,"6,355",1.1,200,"5,620",3.6,215,"2,990",7.1,
Suffolk,250,"20,790",1.2,90,"10,425",0.9,160,"10,365",1.5,40,"9,085",0.4,90,"7,765",1.1,120,"3,940",3.1,
Luton,165,"3,875",4.3,65,"1,965",3.4,100,"1,910",5.2,35,"1,695",2.2,70,"1,580",4.5,55,600,9.5,
Buckinghamshire,320,"10,340",3.1,115,"5,345",2.1,205,"4,995",4.1,45,"4,560",1.0,150,"4,020",3.7,130,"1,760",7.3,
Milton Keynes,235,"4,300",5.5,80,"2,220",3.6,155,"2,080",7.5,40,"2,240",1.7,95,"1,415",6.7,100,645,15.7,
Bracknell Forest,80,"1,900",4.2,30,950,3.1,50,950,5.4,15,825,1.8,30,695,4.6,35,375,8.8,
West Berkshire,40,"2,735",1.4,15,"1,360",1.2,20,"1,375",1.6,10,"1,250",0.6,10,990,1.1,20,495,3.8,
Reading,70,"2,095",3.4,30,980,3.0,40,"1,115",3.8,10,830,1.3,35,800,4.5,25,465,5.2,
Slough,40,"2,090",2.0,20,"1,040",1.7,25,"1,050",2.3,-,-,-,-,-,-,-,-,-,
Windsor and Maidenhead,110,"3,125",3.6,45,"1,490",2.9,70,"1,635",4.2,20,"1,180",1.7,50,"1,230",3.9,45,715,6.2,
Wokingham,70,"2,715",2.5,25,"1,300",2.0,45,"1,415",3.0,15,"1,125",1.2,25,"1,055",2.4,30,535,5.6,
Essex,845,"35,885",2.4,270,"17,910",1.5,570,"17,975",3.2,115,"15,460",0.7,320,"13,805",2.3,410,"6,620",6.2,
Southend-on-Sea,230,"4,825",4.7,75,"2,410",3.1,155,"2,415",6.4,30,"1,920",1.6,85,"1,835",4.6,115,"1,070",10.7,
Thurrock,85,"2,835",3.0,25,"1,415",1.8,60,"1,420",4.1,15,"1,370",1.2,30,995,3.0,35,470,7.9,
Cambridgeshire,405,"15,320",2.7,140,"7,745",1.8,265,"7,575",3.5,55,"7,070",0.8,145,"5,565",2.6,210,"2,685",7.7,
Peterborough,200,"3,605",5.6,80,"1,770",4.4,125,"1,835",6.7,35,"1,565",2.1,90,"1,380",6.4,80,660,12.2,
Bedford,95,"3,630",2.6,35,"1,840",1.8,60,"1,790",3.4,10,"1,585",0.6,35,"1,440",2.4,50,605,8.1,
Central Bedfordshire,105,"5,840",1.8,50,"3,030",1.7,55,"2,810",1.9,20,"2,720",0.7,50,"2,135",2.3,35,990,3.6,
Camden,140,"3,830",3.6,55,"1,850",2.9,85,"1,980",4.3,25,"1,625",1.5,50,"1,440",3.4,65,765,8.4,
Greenwich,190,"4,245",4.5,65,"2,015",3.2,125,"2,230",5.7,35,"1,910",1.8,75,"1,595",4.8,80,745,10.6,
Hackney,260,"2,750",9.5,95,"1,325",7.0,170,"1,425",11.8,60,"1,260",4.6,110,"1,015",10.8,95,475,19.6,
Hammersmith and Fulham,160,"2,890",5.5,60,"1,380",4.3,100,"1,510",6.6,35,"1,325",2.7,70,"1,055",6.4,55,505,10.7,
Islington,300,"3,580",8.4,120,"1,750",6.9,180,"1,830",9.8,70,"1,655",4.2,135,"1,365",10.0,95,560,16.8,
Kensington and Chelsea,130,"2,730",4.8,45,"1,340",3.4,85,"1,390",6.1,25,"1,135",2.4,60,"1,035",5.8,45,560,7.9,
Lambeth,250,"3,890",6.5,105,"1,865",5.6,150,"2,025",7.3,55,"1,690",3.3,105,"1,525",6.8,95,670,13.9,
Lewisham,150,"4,390",3.4,55,"1,980",2.7,95,"2,410",3.9,25,"1,825",1.4,65,"1,755",3.6,60,810,7.3,
Southwark,145,"4,000",3.6,55,"1,890",2.9,90,"2,110",4.3,25,"1,740",1.6,55,"1,520",3.6,65,740,8.6,
Tower Hamlets,75,"2,840",2.7,30,"1,445",2.1,45,"1,390",3.3,20,"1,215",1.6,30,"1,135",2.7,25,485,5.5,
Wandsworth,135,"3,970",3.5,50,"1,870",2.6,90,"2,100",4.2,15,"1,570",1.1,60,"1,570",3.9,60,830,7.1,
Westminster,210,"3,470",6.0,75,"1,700",4.5,130,"1,770",7.5,35,"1,415",2.3,90,"1,355",6.7,85,700,12.0,
City of London,20,145,15.4,10,75,10.7,15,70,20.6,-,-,-,-,-,-,-,-,-,
Barking and Dagenham,120,"3,275",3.6,45,"1,555",2.9,75,"1,715",4.3,15,"1,250",1.1,40,"1,305",3.2,60,720,8.6,
Barnet,400,"7,900",5.0,155,"3,810",4.0,245,"4,090",6.0,60,"2,990",2.0,155,"3,040",5.1,180,"1,870",9.7,
Bexley,210,"5,870",3.5,70,"2,925",2.4,135,"2,945",4.7,60,"2,420",2.5,70,"2,365",3.0,75,"1,085",7.0,
Brent,810,"5,375",15.1,335,"2,665",12.5,475,"2,710",17.6,195,"2,360",8.3,370,"2,185",16.9,245,830,29.3,
Bromley,650,"8,400",7.7,240,"4,020",6.0,410,"4,385",9.4,90,"3,410",2.7,245,"3,300",7.5,310,"1,690",18.4,
Croydon,150,"7,245",2.0,50,"3,475",1.4,100,"3,770",2.6,20,"2,930",0.6,55,"2,860",1.9,75,"1,455",5.2,
Ealing,240,"6,350",3.7,85,"3,045",2.8,155,"3,300",4.7,50,"2,845",1.8,100,"2,395",4.2,85,"1,110",7.8,
Enfield,150,"6,425",2.4,50,"3,095",1.6,100,"3,325",3.0,25,"2,810",0.9,60,"2,490",2.5,65,"1,125",5.9,
Haringey,85,"3,960",2.2,30,"1,945",1.6,55,"2,020",2.7,15,"1,815",0.8,40,"1,560",2.6,30,585,5.1,
Harrow,455,"4,985",9.2,155,"2,445",6.4,300,"2,540",11.8,110,"2,115",5.1,165,"1,900",8.6,185,970,18.9,
Havering,230,"6,655",3.4,80,"3,240",2.5,145,"3,415",4.3,25,"2,545",1.0,95,"2,670",3.5,110,"1,440",7.6,
Hillingdon,70,"5,845",1.2,20,"2,800",0.7,50,"3,045",1.6,15,"2,320",0.6,30,"2,295",1.3,25,"1,230",2.2,
Hounslow,35,"4,140",0.9,15,"1,950",0.7,25,"2,190",1.1,10,"1,880",0.5,15,"1,540",1.1,10,720,1.5,
Kingston upon Thames,50,"2,835",1.7,15,"1,380",0.9,35,"1,455",2.5,5,"1,185",0.5,15,"1,040",1.6,25,610,4.3,
Merton,30,"3,345",1.0,10,"1,555",0.6,25,"1,790",1.3,-,-,-,-,-,-,-,-,-,
Newham,65,"3,355",1.9,30,"1,760",1.8,30,"1,595",1.9,15,"1,530",0.8,20,"1,325",1.5,30,505,6.0,
Redbridge,325,"5,585",5.8,120,"2,675",4.5,205,"2,910",7.0,55,"2,115",2.6,125,"2,255",5.5,145,"1,215",12.1,
Richmond upon Thames,150,"3,300",4.5,50,"1,555",3.3,95,"1,745",5.6,25,"1,280",1.9,65,"1,195",5.4,60,825,7.3,
Sutton,110,"4,660",2.3,30,"2,160",1.4,75,"2,500",3.1,10,"1,810",0.7,30,"1,860",1.6,65,995,6.7,
Waltham Forest,165,"4,660",3.6,75,"2,210",3.4,90,"2,445",3.8,40,"2,055",1.9,55,"1,760",3.1,75,845,8.7,
Isle of Wight,165,"2,950",5.5,65,"1,465",4.3,100,"1,485",6.7,20,"1,250",1.8,65,"1,100",6.0,75,600,12.5,
Surrey,315,"26,800",1.2,125,"13,215",1.0,185,"13,585",1.4,45,"10,705",0.4,110,"10,520",1.0,165,"5,575",2.9,
West Sussex,345,"23,360",1.5,115,"11,410",1.0,230,"11,950",1.9,45,"9,665",0.5,135,"8,600",1.5,165,"5,095",3.3,
Dorset,650,"17,105",3.8,225,"8,715",2.6,425,"8,395",5.1,90,"6,695",1.3,250,"6,705",3.7,310,"3,710",8.4,
Bournemouth,425,"6,355",6.7,145,"3,150",4.7,275,"3,200",8.7,55,"2,380",2.3,140,"2,515",5.6,230,"1,460",15.7,
Poole,90,"5,070",1.8,40,"2,575",1.5,50,"2,495",2.0,20,"1,980",1.0,35,"1,975",1.8,35,"1,115",3.1,
Hampshire,"1,135","32,905",3.5,390,"16,335",2.4,750,"16,570",4.5,140,"14,160",1.0,500,"12,375",4.0,500,"6,370",7.8,
Portsmouth,210,"3,830",5.5,65,"1,690",3.9,145,"2,135",6.8,20,"1,630",1.2,80,"1,435",5.4,115,760,14.8,
Southampton,210,"4,995",4.2,80,"2,410",3.3,130,"2,585",5.1,30,"2,130",1.4,90,"1,865",4.7,95,"1,005",9.5,
East Sussex,505,"15,620",3.2,160,"7,620",2.1,350,"8,000",4.4,55,"6,515",0.8,210,"5,910",3.6,245,"3,195",7.6,
Brighton and Hove,345,"5,020",6.9,110,"2,465",4.4,240,"2,555",9.3,95,"2,135",4.4,115,"1,845",6.3,135,"1,040",13.2,
Wiltshire,"1,205","11,200",10.8,470,"5,385",8.7,735,"5,815",12.6,260,"4,870",5.3,460,"4,265",10.8,485,"2,065",23.6,
Swindon,70,"4,250",1.6,20,"2,080",1.0,50,"2,170",2.3,15,"1,965",0.7,25,"1,590",1.6,30,690,4.3,
Kent,"1,605","37,215",4.3,540,"18,175",3.0,"1,065","19,040",5.6,235,"15,835",1.5,645,"13,910",4.6,725,"7,470",9.7,
Medway Towns,115,"4,965",2.3,35,"2,400",1.4,80,"2,570",3.2,35,"2,430",1.5,30,"1,760",1.8,45,775,6.1,
Cornwall,..,"16,825",..,..,"8,460",..,..,"8,360",..,..,"7,600",..,..,"6,190",..,..,"3,030",..,
Gloucestershire,605,"15,455",3.9,210,"7,605",2.7,395,"7,845",5.0,65,"6,640",1.0,225,"5,750",3.9,315,"3,065",10.3,
Somerset,250,"17,765",1.4,95,"8,760",1.1,155,"9,005",1.7,35,"7,480",0.5,85,"6,620",1.3,130,"3,665",3.5,
Isles of Scilly,-,90,-,-,-,-,-,-,-,-,-,-,-,-,-,-,-,-,
Bath and North East Somerset,140,"4,260",3.2,45,"2,015",2.3,90,"2,245",4.1,15,"1,735",1.0,65,"1,635",3.9,60,890,6.5,
Bristol,95,"8,500",1.1,40,"4,195",1.0,55,"4,305",1.3,20,"3,720",0.5,40,"3,075",1.3,40,"1,705",2.2,
North Somerset,85,"6,260",1.3,30,"3,195",1.0,55,"3,065",1.7,10,"2,660",0.3,30,"2,390",1.3,45,"1,210",3.8,
South Gloucestershire,190,"6,415",3.0,65,"3,240",2.0,125,"3,180",4.0,35,"2,910",1.3,80,"2,470",3.2,75,"1,035",7.2,
Devon,455,"26,420",1.7,140,"12,975",1.1,315,"13,445",2.4,35,"11,380",0.3,175,"9,610",1.8,245,"5,425",4.5,
Plymouth,375,"5,935",6.3,190,"2,755",6.9,185,"3,180",5.8,80,"2,645",3.1,180,"2,300",7.8,110,990,11.3,
Torbay,155,"4,580",3.4,45,"2,170",2.0,110,"2,410",4.6,20,"1,930",1.1,50,"1,610",3.0,85,"1,040",8.2,
,,,,,,,,,,,,,,,,,,,
ENGLAND,"43,410","1,340,970",3.2,"15,975","656,795",2.4,"27,435","684,175",4.0,"6,780","584,060",1.2,"17,530","510,065",3.4,"19,100","246,850",7.7,
Number of councils the national total is based on,152,152,152,152,152,152,152,152,152,152,152,152,152,152,152,152,152,152,
,,,,,,,,,,,,,,,,,,,
Shire Counties,"15,415","589,740",2.6,"5,695","292,240",1.9,"9,720","297,500",3.3,"2,060","255,640",0.8,"6,110","222,285",2.7,"7,245","111,815",6.5,
Unitary Authorities,"9,510","303,485",3.1,"3,495","149,095",2.3,"6,020","154,385",3.9,"1,665","134,005",1.2,"3,890","114,935",3.4,"3,960","54,545",7.3,
Metropolitan Districts,"11,825","300,860",3.9,"4,310","144,710",3.0,"7,515","156,150",4.8,"1,780","132,990",1.3,"4,855","115,795",4.2,"5,190","52,075",10.0,
Inner London,"2,170","42,720",5.1,810,"20,485",4.0,"1,355","22,235",6.1,430,"18,450",2.3,910,"16,410",5.5,830,"7,860",10.5,
Outer London,"4,490","104,170",4.3,"1,660","50,270",3.3,"2,830","53,900",5.2,840,"42,980",2.0,"1,765","40,635",4.3,"1,885","20,555",9.2,
,,,,,,,,,,,,,,,,,,,
North East,"2,965","82,955",3.6,"1,045","39,710",2.6,"1,915","43,245",4.4,555,"37,240",1.5,"1,255","32,455",3.9,"1,155","13,255",8.7,
North West,"7,495","196,570",3.8,"2,825","95,715",3.0,"4,675","100,855",4.6,"1,165","87,520",1.3,"3,170","75,685",4.2,"3,160","33,360",9.5,
Yorkshire and the Humber,"2,910","142,885",2.0,"1,090","69,010",1.6,"1,820","73,875",2.5,390,"63,020",0.6,"1,120","54,675",2.1,"1,395","25,195",5.5,
East Midlands,"3,400","118,480",2.9,"1,225","59,175",2.1,"2,175","59,305",3.7,425,"53,145",0.8,"1,360","43,915",3.1,"1,615","21,420",7.5,
West Midlands,"5,210","144,010",3.6,"2,080","71,080",2.9,"3,130","72,930",4.3,730,"64,495",1.1,"2,140","53,895",4.0,"2,340","25,625",9.1,
South West,"4,850","156,480",3.1,"1,785","77,315",2.3,"3,060","79,165",3.9,765,"66,625",1.1,"1,860","58,740",3.2,"2,225","31,110",7.2,
Eastern,"3,525","150,775",2.3,"1,235","75,020",1.6,"2,290","75,755",3.0,545,"64,900",0.8,"1,355","57,660",2.3,"1,625","28,215",5.8,
London,"6,660","146,890",4.5,"2,475","70,755",3.5,"4,185","76,135",5.5,"1,270","61,425",2.1,"2,675","57,045",4.7,"2,710","28,415",9.5,
South East,"6,400","201,930",3.2,"2,215","99,020",2.2,"4,190","102,910",4.1,935,"85,685",1.1,"2,595","75,990",3.4,"2,870","40,255",7.1,
,,,,,,,,,,,,,,,,,,,
,,,,,,,,,,,,,,,,,,,
Notes:,,,,,,,,,,,,,,,,,,,
..  represents data that are unavailable.,,,,,,,,,,,,,,,,,,,
"-   means constituent values less than 6 are suppressed, where elements of an indicator are suppressed the indicator itself is also suppressed. The exception is for Measure 2C where values of less than 0.5 have been supressed. This is because the numerator is based on an average of the 12 monthly figures.",,,,,,,,,,,,,,,,,,,
1. Caution should be taken when comparing data historically please refer to the notes in the cover sheet.,,,,,,,,,,,,,,,,,,,
"2. Numerator and denominator values used to calculate the indicator are rounded to the nearest 5. The exception is for Measure 2C, which is based on average values.",,,,,,,,,,,,,,,,,,,
"3. 1A, 1B, 1D, 3A, 3B, 3C, 3D, 4A and 4B are based on survey data. The base for 1A, 1B, 3A, 3D, 4A and 4B (i.e. the number of responses on which the outcome is based) should be taken into account when assessing the reliability of the outcome values. Outcomes based on a small base should be treated with caution.",,,,,,,,,,,,,,,,,,,
"4. 1A, 1B, 3A, 3D, 4A and 4B have been weighted to reflect that a stratified sample was taken and to account for non-response bias. For 1D, 3B and 3C only the national, regional and council type figures have been weighted as stratified sampling was not used. These totals have been weighted to account for differeing response rates in councils.",,,,,,,,,,,,,,,,,,,
,,,,,,,,,,,,,,,,,,,
,,,,,,,,,,,,,,,,,,,
,,,,,,,,,,,,,,,,,,,
,,,,,,,,,,,,,,,,,,,
,,,,,,,,,,,,,,,,,,,
,,,,,,,,,,,,,,,,,,,
,,,,,,,,,,,,,,,,,,,
,,,,,,,,,,,,,,,,,,,
,,,,,,,,,,,,,,,,,,,
,,,,,,,,,,,,,,,,,,,
,,,,,,,,,,,,,,,,,,,
,,,,,,,,,,,,,,,,,,,
,,,,,,,,,,,,,,,,,,,
,,,,,,,,,,,,,,,,,,,
,,,,,,,,,,,,,,,,,,,
,,,,,,,,,,,,,,,,,,,
,,,,,,,,,,,,,,,,,,,
,,,,,,,,,,,,,,,,,,,
,,,,,,,,,,,,,,,,,,,
,,,,,,,,,,,,,,,,,,,
,,,,,,,,,,,,,,,,,,,
,,,,,,,,,,,,,,,,,,,
,,,,,,,,,,,,,,,,,,,
,,,,,,,,,,,,,,,,,,,
,,,,,,,,,,,,,,,,,,,
,,,,,,,,,,,,,,,,,,,
,,,,,,,,,,,,,,,,,,,
,,,,,,,,,,,,,,,,,,,
,,,,,,,,,,,,,,,,,,,
,,,,,,,,,,,,,,,,,,,
,,,,,,,,,,,,,,,,,,,
,,,,,,,,,,,,,,,,,,,
,,,,,,,,,,,,,,,,,,,
,,,,,,,,,,,,,,,,,,,
,,,,,,,,,,,,,,,,,,,
,,,,,,,,,,,,,,,,,,,
,,,,,,,,,,,,,,,,,,,
,,,,,,,,,,,,,,,,,,,
,,,,,,,,,,,,,,,,,,,
,,,,,,,,,,,,,,,,,,,
,,,,,,,,,,,,,,,,,,,
,,,,,,,,,,,,,,,,,,,
,,,,,,,,,,,,,,,,,,,
,,,,,,,,,,,,,,,,,,,
,,,,,,,,,,,,,,,,,,,
,,,,,,,,,,,,,,,,,,,
,,,,,,,,,,,,,,,,,,,
,,,,,,,,,,,,,,,,,,,
,,,,,,,,,,,,,,,,,,,
,,,,,,,,,,,,,,,,,,,
,,,,,,,,,,,,,,,,,,,
,,,,,,,,,,,,,,,,,,,
,,,,,,,,,,,,,,,,,,,
,,,,,,,,,,,,,,,,,,,
,,,,,,,,,,,,,,,,,,,
,,,,,,,,,,,,,,,,,,,
,,,,,,,,,,,,,,,,,,,
,,,,,,,,,,,,,,,,,,,
,,,,,,,,,,,,,,,,,,,
,,,,,,,,,,,,,,,,,,,
,,,,,,,,,,,,,,,,,,,
,,,,,,,,,,,,,,,,,,,
,,,,,,,,,,,,,,,,,,,
,,,,,,,,,,,,,,,,,,,
,,,,,,,,,,,,,,,,,,,
,,,,,,,,,,,,,,,,,,,
,,,,,,,,,,,,,,,,,,,
,,,,,,,,,,,,,,,,,,,
,,,,,,,,,,,,,,,,,,,
,,,,,,,,,,,,,,,,,,,
,,,,,,,,,,,,,,,,,,,
,,,,,,,,,,,,,,,,,,,
,,,,,,,,,,,,,,,,,,,
,,,,,,,,,,,,,,,,,,,
,,,,,,,,,,,,,,,,,,,
,,,,,,,,,,,,,,,,,,,
,,,,,,,,,,,,,,,,,,,
,,,,,,,,,,,,,,,,,,,
,,,,,,,,,,,,,,,,,,,
,,,,,,,,,,,,,,,,,,,
,,,,,,,,,,,,,,,,,,,
,,,,,,,,,,,,,,,,,,,
,,,,,,,,,,,,,,,,,,,
,,,,,,,,,,,,,,,,,,,
,,,,,,,,,,,,,,,,,,,
,,,,,,,,,,,,,,,,,,,
,,,,,,,,,,,,,,,,,,,
,,,,,,,,,,,,,,,,,,,
,,,,,,,,,,,,,,,,,,,
,,,,,,,,,,,,,,,,,,,
,,,,,,,,,,,,,,,,,,,
,,,,,,,,,,,,,,,,,,,
,,,,,,,,,,,,,,,,,,,
,,,,,,,,,,,,,,,,,,,
,,,,,,,,,,,,,,,,,,,
,,,,,,,,,,,,,,,,,,,
,,,,,,,,,,,,,,,,,,,
,,,,,,,,,,,,,,,,,,,
,,,,,,,,,,,,,,,,,,,
,,,,,,,,,,,,,,,,,,,
,,,,,,,,,,,,,,,,,,,
,,,,,,,,,,,,,,,,,,,
,,,,,,,,,,,,,,,,,,,
,,,,,,,,,,,,,,,,,,,
,,,,,,,,,,,,,,,,,,,
,,,,,,,,,,,,,,,,,,,
,,,,,,,,,,,,,,,,,,,
,,,,,,,,,,,,,,,,,,,
,,,,,,,,,,,,,,,,,,,
,,,,,,,,,,,,,,,,,,,
,,,,,,,,,,,,,,,,,,,
,,,,,,,,,,,,,,,,,,,
,,,,,,,,,,,,,,,,,,,
,,,,,,,,,,,,,,,,,,,
,,,,,,,,,,,,,,,,,,,
,,,,,,,,,,,,,,,,,,,
,,,,,,,,,,,,,,,,,,,
,,,,,,,,,,,,,,,,,,,
,,,,,,,,,,,,,,,,,,,
,,,,,,,,,,,,,,,,,,,
,,,,,,,,,,,,,,,,,,,
,,,,,,,,,,,,,,,,,,,
,,,,,,,,,,,,,,,,,,,
,,,,,,,,,,,,,,,,,,,
,,,,,,,,,,,,,,,,,,,
,,,,,,,,,,,,,,,,,,,
,,,,,,,,,,,,,,,,,,,
,,,,,,,,,,,,,,,,,,,
,,,,,,,,,,,,,,,,,,,
,,,,,,,,,,,,,,,,,,,
,,,,,,,,,,,,,,,,,,,
,,,,,,,,,,,,,,,,,,,
,,,,,,,,,,,,,,,,,,,
,,,,,,,,,,,,,,,,,,,
,,,,,,,,,,,,,,,,,,,
,,,,,,,,,,,,,,,,,,,
,,,,,,,,,,,,,,,,,,,
,,,,,,,,,,,,,,,,,,,
,,,,,,,,,,,,,,,,,,,
,,,,,,,,,,,,,,,,,,,
,,,,,,,,,,,,,,,,,,,
,,,,,,,,,,,,,,,,,,,
,,,,,,,,,,,,,,,,,,,
,,,,,,,,,,,,,,,,,,,
,,,,,,,,,,,,,,,,,,,
,,,,,,,,,,,,,,,,,,,
,,,,,,,,,,,,,,,,,,,
,,,,,,,,,,,,,,,,,,,
,,,,,,,,,,,,,,,,,,,
,,,,,,,,,,,,,,,,,,,
,,,,,,,,,,,,,,,,,,,
,,,,,,,,,,,,,,,,,,,
,,,,,,,,,,,,,,,,,,,
,,,,,,,,,,,,,,,,,,,
,,,,,,,,,,,,,,,,,,,
,,,,,,,,,,,,,,,,,,,
,,,,,,,,,,,,,,,,,,,
,,,,,,,,,,,,,,,,,,,
,,,,,,,,,,,,,,,,,,,
,,,,,,,,,,,,,,,,,,,
,,,,,,,,,,,,,,,,,,,
,,,,,,,,,,,,,,,,,,,
,,,,,,,,,,,,,,,,,,,
,,,,,,,,,,,,,,,,,,,
,,,,,,,,,,,,,,,,,,,
,,,,,,,,,,,,,,,,,,,
,,,,,,,,,,,,,,,,,,,
,,,,,,,,,,,,,,,,,,,
,,,,,,,,,,,,,,,,,,,
,,,,,,,,,,,,,,,,,,,
,,,,,,,,,,,,,,,,,,,
,,,,,,,,,,,,,,,,,,,
,,,,,,,,,,,,,,,,,,,
,,,,,,,,,,,,,,,,,,,
,,,,,,,,,,,,,,,,,,,
,,,,,,,,,,,,,,,,,,,
,,,,,,,,,,,,,,,,,,,
,,,,,,,,,,,,,,,,,,,
,,,,,,,,,,,,,,,,,,,
,,,,,,,,,,,,,,,,,,,
,,,,,,,,,,,,,,,,,,,
,,,,,,,,,,,,,,,,,,,
,,,,,,,,,,,,,,,,,,,
,,,,,,,,,,,,,,,,,,,
,,,,,,,,,,,,,,,,,,,
,,,,,,,,,,,,,,,,,,,
,,,,,,,,,,,,,,,,,,,
,,,,,,,,,,,,,,,,,,,
,,,,,,,,,,,,,,,,,,,
,,,,,,,,,,,,,,,,,,,
,,,,,,,,,,,,,,,,,,,
,,,,,,,,,,,,,,,,,,,
,,,,,,,,,,,,,,,,,,,
,,,,,,,,,,,,,,,,,,,
,,,,,,,,,,,,,,,,,,,
,,,,,,,,,,,,,,,,,,,
,,,,,,,,,,,,,,,,,,,
,,,,,,,,,,,,,,,,,,,
,,,,,,,,,,,,,,,,,,,
,,,,,,,,,,,,,,,,,,,
