ASCOF Outcomes 2012-13,Proportion of people using social care who receive direct payments,,,Proportion of people using social care who receive direct payments,,,Proportion of people using social care who receive direct payments,,,Proportion of people using social care who receive direct payments,,,Proportion of people using social care who receive direct payments,,,Proportion of people using social care who receive direct payments,,,Proportion of people using social care who receive direct payments,,,Proportion of people using social care who receive direct payments,,,Proportion of people using social care who receive direct payments,,,Proportion of people using social care who receive self-directed support,,,
,TOTAL,,,Adults aged 18 to 64 with a Physical Disability,,,Adults aged 18 to 64 with a Mental Health problem,,,Adults aged 18 to 64 with a Learning Disability,,,Adults aged 18 to 64,,,Adults aged 65 and over,,,CARERS aged under 65,,,CARERS aged 65 to 74,,,CARERS aged 75 and over,,,CARERS all ages,,,
,1C(2),1C(2),1C(2),1C(2),1C(2),1C(2),1C(2),1C(2),1C(2),1C(2),1C(2),1C(2),1C(2),1C(2),1C(2),1C(2),1C(2),1C(2),1C(2),1C(2),1C(2),1C(2),1C(2),1C(2),1C(2),1C(2),1C(2),1C(2),1C(2),1C(2),
,Numerator,Denominator,Outcome,Numerator,Denominator,Outcome,Numerator,Denominator,Outcome,Numerator,Denominator,Outcome,Numerator,Denominator,Outcome,Numerator,Denominator,Outcome,Numerator,Denominator,Outcome,Numerator,Denominator,Outcome,Numerator,Denominator,Outcome,Numerator,Denominator,Outcome,
,,,,,,,,,,,,,,,,,,,,,,,,,,,,,,,
,Number of clients and carers receiving direct payments in the year to 31 March,Number of clients receiving community-based services and carers receiving carer specific services in the year to 31 March (aged 18 and over),Users and carers receiving direct payments in the year to 31 March as a percentage of clients receiving community-based services and carers receiving carer specific services (aged 18 and over),Number of clients (aged 18 to 64 with a Physical Disability) receiving direct payments in the year to 31 March,Number of clients (aged 18 to 64 with a Physical Disability) receiving community-based services in the year to 31 March,Number of clients (aged 18 to 64 with a Physical Disability) receiving direct payments as a percentage of the total number of clients (aged 18 to 64 with a Physical Disability) receiving community-based services in the year to 31 March,Number of clients (aged 18 to 64 with a Mental Health problem) receiving direct payments in the year to 31 March,Number of clients (aged 18 to 64 with a Mental Health problem) receiving community-based services in the year to 31 March,Number of clients (aged 18 to 64 with a Mental Health problem) receiving direct payments as a percentage of the total number of clients (aged 18 to 64 with a Mental Health problem) receiving community-based services in the year to 31 March,Number of clients (aged 18 to 64 with a Learning Disability) receiving direct payments in the year to 31 March,Number of clients (aged 18 to 64 with a Learning Disability) receiving community-based services in the year to 31 March,Number of clients (aged 18 to 64 with a Learning Disability) receiving direct payments as a percentage of the total number of clients (aged 18 to 64 with a Learning Disability) receiving community-based services in the year to 31 March,Number of clients (aged 18 to 64) receiving direct payments in the year to 31 March,Number of clients (aged 18 to 64) receiving community-based services in the year to 31 March,Number of clients (aged 18 to 64) receiving direct payments as a percentage of the total number of clients (aged 18 to 64) receiving community-based services in the year to 31 March,Number of clients (aged 65 and over) receiving direct payments in the year to 31 March,Number of clients (aged 65 and over) receiving community-based services in the year to 31 March,Number of clients (aged 65 and over) receiving direct payments as a percentage of the total number of clients (aged 65 and over) receiving community-based services in the year to 31 March,Number of carers (aged under 65) receiving direct payments in the year to 31 March,Number of carers receiving carer specific services in the year to 31 March (aged under 65),Number of carers (aged under 65) receiving direct payments as a percentage of carers (aged under 65) receiving carer specific services in the year to 31 March,Number of carers (aged 65 to 74) receiving direct payments in the year to 31 March,Number of carers receiving carer specific services in the year to 31 March (aged 65 to 74),Number of carers (aged 65 to 74) receiving direct payments as a percentage of carers (aged 65 to 74) receiving carer specific services in the year to 31 March,Number of carers (aged 75 and over) receiving direct payments in the year to 31 March,Number of carers receiving carer specific services in the year to 31 March (aged 75 and over),Number of carers (aged 75 and over) receiving direct payments as a percentage of carers (aged 75 and over) receiving carer specific services in the year to 31 March,Number of carers receiving direct payments in the year to 31 March,Number of carers receiving carer specific services in the year to 31 March,Number of carers receiving direct payments as a percentage of carers receiving carer specific services in the year to 31 March,
,RAP - Table SD1 row 10 col 1 + col 2 + col 4 (18 and over) and Table SD3 row 6 col 1 + col 2 + col 4 (all ages),RAP - Table P2f pg1 row 11 col1 + pg3 row 11 col1 + Table C2 pg1 row 5 col1,,RAP - Table SD1 pg1 row 1 (aged 18 to 64 with a Physical Disability ) col 1 + col 2 + col 4 (Total) ,RAP - Table P2f pg1 row 1 (aged 18 to 64 with a Physical Disability) col 1 (Total of clients) ,,RAP - Table SD1 pg1 row 2 (aged 18 to 64 with a Mental Health problem )col 1 + col 2 + col 4 (Total) ,RAP - Table P2f pg1 row 6 (aged 18 to 64 with a Mental Health problem) col 1 (Total of clients) ,,RAP - Table SD1 pg1 row 3 (aged 18 to 64 with a Learning Disabilty ) col 1 + col 2 + col 4 (Total) ,RAP - Table P2f pg1 row 8 (aged 18 to 64 with a Learning Disability) col 1 (Total of clients) ,,RAP - Table SD1 pg1 row 6 (aged 18 to 64) col 1 + col 2 + col 4 (Total) ,RAP - Table P2f pg1 row 11 (aged 18 to 64 ) col 1 (Total of clients) ,,RAP - Table SD1 pg1 rows 7-9 (aged 65 and over) col 1 + col 2 + col 4 (Total) ,RAP - Table P2f pg3 row 11 (aged 65 and over) col 1 (Total of clients) ,,RAP - Table SD3 rows 1-2 (aged under 65) col 1 + col 2 + col 4 (Total),RAP - Table C2 pg1 row 1-2 (aged under 65) col1 (Total),,RAP - Table SD3 row 3 (aged 65 to 74) col 1 + col 2 + col 4 (Total),RAP - Table C2 pg1 row 3 (aged 65 to 74) col1 (Total),,RAP - Table SD3 rows 4-5 (aged 75 and over) col 1 + col 2 + col 4 (Total),RAP - Table C2 pg1 row 4 (aged 75 and over) col1 (Total),,RAP - Table SD3 row 6 (all ages) col 1 + col 2 + col 4 (Total),RAP - Table C2 pg1 row 4 (all ages) col1 (Total),,
,,,,,,,,,,,,,,,,,,,,,,,,,,,,,,,
Cumbria,"2,325","16,240",14.3,540,"1,570",34.5,245,"1,430",17.3,260,"1,065",24.3,"1,065","4,135",25.7,"1,240","7,630",16.3,-,-,-,-,-,-,-,-,-,20,"4,475",0.5,
Northumberland,565,"5,235",10.8,145,630,23.4,15,300,5.4,125,650,19.0,285,"1,590",18.1,270,"3,405",8.0,-,-,-,-,-,-,-,-,-,-,-,-,
Gateshead,430,"4,770",9.0,155,525,29.4,20,200,10.5,90,380,24.1,270,"1,155",23.4,155,"3,065",5.0,-,-,-,-,-,-,-,-,-,10,550,1.5,
Newcastle upon Tyne,"1,710","6,930",24.7,245,815,30.2,80,480,17.0,290,735,39.6,625,"2,110",29.7,320,"3,545",9.0,535,775,69.0,125,220,56.9,105,280,37.1,765,"1,275",59.9,
North Tyneside,440,"3,550",12.4,105,310,34.6,35,305,10.8,200,500,40.0,340,"1,145",29.8,100,"1,990",5.0,-,-,-,-,-,-,-,-,-,-,-,-,
South Tyneside,"1,400","5,975",23.5,265,870,30.4,130,300,44.0,165,395,41.4,560,"1,570",35.7,370,"3,930",9.4,325,325,100.0,105,105,100.0,45,45,100.0,470,470,100.0,
Sunderland,"1,040","6,035",17.2,185,530,34.6,25,290,8.6,215,605,35.7,430,"1,555",27.5,540,"3,805",14.2,30,270,11.5,15,95,14.4,10,135,9.0,70,675,10.3,
Hartlepool,740,"5,485",13.5,175,925,18.8,100,340,30.2,150,270,56.0,425,"1,540",27.6,165,"3,070",5.4,90,575,15.9,25,130,20.3,30,170,18.2,150,870,17.0,
Middlesbrough,810,"7,485",10.9,190,"1,205",15.6,50,930,5.6,245,550,44.8,490,"2,770",17.7,300,"3,580",8.4,-,-,-,-,-,-,-,-,-,20,"1,130",1.9,
Redcar and Cleveland,775,"4,775",16.2,180,790,22.9,65,290,22.1,235,335,69.6,480,"1,420",33.7,185,"3,020",6.1,65,175,38.1,30,75,36.4,20,80,23.5,115,335,34.1,
Stockton-on-Tees,550,"7,575",7.3,195,"1,380",14.1,35,445,7.8,145,460,31.2,380,"2,345",16.1,170,"4,845",3.5,-,-,-,-,-,-,-,-,-,-,-,-,
Durham,"1,675","18,525",9.1,360,"2,080",17.3,85,"1,385",6.2,390,"1,740",22.5,845,"5,385",15.7,710,"10,650",6.6,85,"1,510",5.5,30,515,5.4,10,465,2.4,120,"2,490",4.9,
Darlington,445,"3,540",12.6,105,480,22.3,15,350,4.3,135,260,51.6,260,"1,135",22.7,90,"2,130",4.3,65,160,40.7,20,65,30.8,10,45,24.4,95,270,35.7,
Barnsley,565,"6,560",8.6,90,460,19.6,15,"1,245",1.1,150,590,25.4,265,"2,330",11.3,140,"3,125",4.5,125,700,17.6,25,200,11.9,10,210,5.8,160,"1,110",14.4,
Doncaster,580,"6,820",8.5,-,-,-,-,-,-,-,-,-,370,"2,575",14.4,95,"3,220",3.0,-,-,-,-,-,-,-,-,-,115,"1,020",11.3,
Rotherham,"1,060","6,615",16.1,255,865,29.7,280,"1,080",26.0,130,555,23.6,670,"2,510",26.7,390,"3,665",10.6,-,-,-,-,-,-,-,-,-,-,-,-,
Sheffield,"3,575","12,480",28.6,690,"1,290",53.6,295,"2,310",12.8,810,"1,290",62.7,"1,825","4,940",36.9,"1,615","6,235",25.9,60,780,8.0,25,245,10.7,50,280,17.0,135,"1,305",10.4,
Bradford,"1,585","12,705",12.5,190,"1,050",18.0,85,"1,370",6.1,235,"1,575",14.9,510,"4,045",12.6,180,"5,475",3.3,655,"1,910",34.3,120,560,21.4,120,715,16.9,895,"3,185",28.1,
Calderdale,625,"4,315",14.5,235,325,73.1,15,"1,080",1.4,115,565,20.7,370,"1,980",18.7,255,"1,865",13.6,-,-,-,-,-,-,-,-,-,-,-,-,
Kirklees,"1,145","14,455",7.9,310,"1,775",17.5,90,"1,725",5.2,315,825,38.4,720,"4,365",16.5,425,"8,675",4.9,-,-,-,-,-,-,-,-,-,-,-,-,
Leeds,"1,890","11,885",15.9,475,"1,050",45.2,60,340,18.0,245,"1,465",16.7,800,"2,975",26.9,640,"5,935",10.8,345,940,36.8,50,415,11.8,55,"1,620",3.3,445,"2,975",15.0,
Wakefield,"1,460","7,975",18.3,275,735,37.6,30,895,3.1,170,760,22.5,515,"2,555",20.1,480,"4,535",10.6,320,565,56.6,100,175,57.4,45,140,32.4,470,885,52.9,
East Riding of Yorkshire,"2,620","10,670",24.6,255,925,27.3,70,"1,485",4.8,235,615,38.1,560,"3,050",18.3,270,"4,640",5.9,950,"1,540",61.7,445,735,60.5,395,700,56.1,"1,790","2,975",60.1,
Kingston upon Hull,"1,420","8,295",17.1,285,"1,580",18.2,30,235,12.3,150,460,32.7,470,"2,430",19.4,225,"4,815",4.7,480,655,73.2,150,220,67.9,90,170,52.3,720,"1,045",68.7,
North East Lincolnshire,810,"3,835",21.1,115,405,28.6,75,105,70.1,100,310,32.9,295,825,35.6,95,"2,320",4.2,275,415,65.9,85,135,62.4,65,145,44.4,420,690,60.8,
North Lincolnshire,"1,075","4,205",25.6,130,310,42.3,10,605,1.7,175,275,63.8,315,"1,190",26.6,290,"2,030",14.3,250,515,49.1,110,225,49.1,105,245,42.9,470,985,47.6,
North Yorkshire,"1,925","21,330",9.0,370,"2,115",17.6,60,"1,455",4.3,230,"1,410",16.2,665,"5,005",13.3,365,"11,940",3.0,565,"2,120",26.7,170,995,17.3,160,"1,270",12.6,900,"4,390",20.5,
York,850,"6,880",12.4,145,810,17.8,10,275,3.6,125,420,29.4,290,"1,570",18.6,105,"4,810",2.2,265,285,93.0,85,100,85.7,100,115,88.6,450,500,90.6,
Bolton,"1,740","5,750",30.3,285,565,51.0,80,"1,375",6.0,205,590,34.5,585,"2,580",22.6,640,"2,825",22.7,305,205,147.8,90,75,121.1,120,65,180.3,515,350,148.1,
Bury,"1,150","4,710",24.4,225,455,49.3,25,800,3.0,125,395,32.2,405,"1,700",23.9,165,"2,610",6.3,280,225,124.3,130,75,176.7,165,105,160.6,575,405,143.2,
Manchester,"5,015","14,845",33.8,265,"1,135",23.1,40,"1,840",2.3,140,"1,140",12.2,445,"4,840",9.2,290,"5,200",5.6,"3,065","3,445",89.0,690,760,91.0,525,605,86.8,"4,280","4,805",89.0,
Oldham,"1,750","4,260",41.0,280,550,50.9,70,220,30.9,255,505,50.7,615,"1,305",47.0,160,"1,910",8.5,615,650,94.3,140,160,88.1,220,235,94.0,975,"1,045",93.3,
Rochdale,510,"6,280",8.1,130,995,13.3,10,830,1.1,65,575,11.7,210,"2,405",8.7,100,"3,565",2.9,145,160,89.5,40,60,64.5,15,90,14.6,200,315,63.3,
Salford,"1,465","8,850",16.5,170,"1,200",14.3,55,700,8.0,130,590,22.2,380,"2,640",14.4,250,"4,945",5.1,655,750,87.6,115,250,46.8,60,270,22.6,835,"1,270",65.7,
Stockport,"1,430","7,685",18.6,225,630,36.0,320,"1,130",28.3,155,635,24.0,710,"2,435",29.2,400,"4,275",9.3,165,525,31.6,60,195,31.1,90,255,35.8,320,980,32.6,
Tameside,"1,675","7,440",22.5,135,"1,195",11.3,20,230,7.8,95,480,20.2,250,"1,915",13.1,155,"4,030",3.9,930,955,97.6,195,285,68.9,140,255,54.9,"1,270","1,495",84.8,
Trafford,"2,135","7,590",28.1,170,680,25.3,25,835,3.2,205,435,46.5,430,"2,405",17.8,265,"3,720",7.2,875,885,98.8,300,310,97.4,265,270,98.9,"1,440","1,465",98.5,
Wigan,"1,565","9,100",17.2,230,"1,575",14.5,30,345,8.7,195,695,28.1,455,"2,640",17.2,230,"5,480",4.2,535,575,93.4,220,245,89.4,130,160,80.6,885,980,90.3,
Knowsley,550,"4,665",11.8,145,610,24.0,20,270,6.7,130,585,22.0,295,"1,520",19.4,170,"2,520",6.7,60,325,18.7,15,95,16.8,10,200,5.0,85,625,14.0,
Liverpool,"1,730","12,150",14.3,290,"1,585",18.2,90,"1,075",8.5,360,"1,275",28.3,745,"4,005",18.6,500,"6,720",7.5,330,820,40.3,75,240,32.1,80,370,21.1,485,"1,425",34.0,
Sefton,"1,260","10,200",12.4,245,"1,180",20.9,45,505,9.3,225,685,32.8,530,"2,485",21.4,575,"6,665",8.6,30,470,6.8,15,220,5.9,110,365,29.9,155,"1,055",14.6,
St. Helens,720,"7,760",9.3,175,"1,430",12.1,10,195,4.6,210,470,44.1,390,"2,110",18.5,310,"5,565",5.6,-,-,-,-,-,-,-,-,-,20,85,25.3,
Wirral,"1,240","11,900",10.4,220,"1,190",18.5,50,"1,230",4.0,175,805,21.6,470,"3,385",13.9,225,"7,645",3.0,390,550,71.4,90,135,67.4,60,190,32.3,545,870,62.3,
Halton,"1,065","5,365",19.8,110,645,17.2,30,300,9.7,145,320,46.2,290,"1,275",22.7,60,"3,245",1.8,505,585,86.3,145,175,84.5,65,85,74.4,715,845,84.7,
Warrington,390,"3,750",10.4,145,355,40.3,15,240,5.8,100,380,25.9,260,"1,015",25.4,100,"2,075",4.8,-,-,-,-,-,-,-,-,-,35,655,5.0,
Lancashire,"3,015","28,200",10.7,755,"2,750",27.5,130,"2,795",4.6,500,"2,400",20.9,"1,455","8,460",17.2,715,"14,145",5.0,415,"2,755",15.1,180,"1,200",15.2,250,"1,640",15.2,850,"5,595",15.2,
Blackburn with Darwen,300,"2,495",12.0,80,290,27.4,10,255,4.7,100,320,31.1,195,900,21.8,100,"1,590",6.4,-,-,-,-,-,-,-,-,-,-,-,-,
Blackpool,355,"4,725",7.5,110,430,25.2,15,750,2.3,55,370,15.1,195,"1,710",11.4,140,"2,625",5.3,-,-,-,-,-,-,-,-,-,20,390,5.1,
Cheshire East,"1,855","8,550",21.7,270,835,32.3,200,"1,050",19.1,305,865,35.3,795,"2,910",27.3,"1,055","5,590",18.9,-,-,-,-,-,-,-,-,-,-,-,-,
Cheshire West and Chester,"1,955","8,580",22.8,385,755,50.8,140,"1,740",8.0,200,785,25.5,725,"3,295",22.1,"1,140","4,525",25.2,60,375,16.6,10,140,7.8,15,250,5.2,85,765,11.2,
Warwickshire,"1,450","9,085",15.9,555,"1,310",42.5,60,115,53.5,210,910,22.8,825,"2,340",35.3,565,"6,185",9.2,35,190,18.5,5,80,7.4,15,290,4.8,55,560,9.8,
Birmingham,"3,855","26,155",14.7,515,"3,810",13.5,70,"2,375",2.9,445,"1,920",23.1,"1,035","8,290",12.5,645,"14,750",4.4,"1,610","2,075",77.6,360,545,66.2,200,495,40.7,"2,175","3,115",69.8,
Coventry,"1,235","8,260",14.9,185,980,18.9,60,990,5.8,145,595,24.3,390,"2,570",15.1,365,"4,970",7.3,320,410,78.7,75,145,52.4,85,170,50.6,485,720,66.9,
Dudley,"1,185","6,025",19.7,170,385,43.8,20,65,31.7,290,520,55.6,480,985,48.9,295,"3,055",9.6,300,"1,175",25.7,70,325,21.2,40,485,8.0,410,"1,985",20.6,
Sandwell,"1,965","4,975",39.5,235,400,58.0,30,80,35.4,110,515,21.1,380,"1,015",37.4,570,"2,445",23.3,695,"1,035",67.2,170,250,69.1,145,230,64.2,"1,015","1,515",67.0,
Solihull,700,"4,590",15.3,145,560,25.9,35,340,10.1,135,390,35.2,320,"1,305",24.4,195,"2,990",6.6,110,155,72.1,45,75,63.0,30,70,44.9,190,295,63.5,
Walsall,825,..,..,125,375,33.5,10,65,17.9,105,425,24.4,245,875,27.8,320,"2,240",14.4,180,..,..,45,..,..,35,..,..,260,..,..,
Wolverhampton,755,"3,785",20.0,165,435,38.6,30,280,10.6,85,400,21.4,290,"1,145",25.2,300,"2,255",13.3,90,150,60.8,35,90,37.5,45,155,29.9,170,390,43.3,
Staffordshire,"3,115","25,635",12.2,780,"3,005",26.0,210,"1,285",16.3,475,"1,720",27.6,"1,475","6,180",23.8,"1,425","16,800",8.5,130,"1,310",9.8,65,535,11.8,25,810,3.0,215,"2,655",8.1,
Stoke-on-Trent,"1,095","9,330",11.7,205,"1,180",17.3,40,"1,635",2.4,130,535,23.9,375,"3,400",11.0,220,"5,185",4.3,310,405,75.9,115,180,64.0,80,160,49.1,500,745,67.2,
Herefordshire,450,"4,145",10.9,125,505,25.0,30,130,22.5,115,425,27.6,275,"1,090",25.3,110,"2,915",3.8,40,..,..,15,35,42.9,10,35,30.3,65,140,47.1,
Worcestershire,"2,350","8,605",27.3,355,785,45.6,65,270,24.1,310,955,32.4,750,"2,045",36.5,490,"4,205",11.7,665,"1,180",56.3,270,560,48.6,175,615,28.4,"1,110","2,355",47.2,
Shropshire,"1,200","4,170",28.8,270,465,58.0,95,200,46.5,160,605,26.7,540,"1,310",41.2,660,"2,860",23.1,-,-,-,-,-,-,-,-,-,-,-,-,
Telford and the Wrekin,310,"3,855",8.1,105,600,17.3,20,420,4.8,60,320,18.7,185,"1,340",13.7,105,"2,215",4.7,10,180,5.6,5,85,8.2,10,35,22.9,25,300,8.3,
Lincolnshire,"5,510","17,875",30.8,525,"1,905",27.5,135,840,15.9,410,"1,245",32.8,"1,090","4,055",26.9,715,"9,800",7.3,"2,015","2,020",99.8,880,"1,010",87.3,815,990,82.3,"3,710","4,015",92.3,
Northamptonshire,"1,915","12,565",15.2,500,"1,135",44.3,165,"1,260",13.0,735,"1,205",60.9,"1,400","3,595",38.9,510,"6,555",7.8,-,-,-,-,-,-,-,-,-,-,-,-,
Derbyshire,"1,910","17,290",11.1,575,"1,715",33.7,125,430,29.4,335,"1,395",24.0,"1,065","3,675",29.0,705,"10,830",6.5,85,"1,255",6.7,20,650,3.1,35,880,4.1,140,"2,785",5.0,
Derby,"1,565","6,990",22.4,230,985,23.3,195,740,26.6,155,495,31.1,595,"2,275",26.1,195,"3,355",5.9,460,660,69.9,165,245,66.8,150,455,32.7,775,"1,360",56.9,
Leicestershire,"2,170","14,195",15.3,505,"1,820",27.8,270,860,31.7,365,775,47.1,"1,165","3,540",32.9,980,"9,885",9.9,-,-,-,-,-,-,-,-,-,25,775,3.2,
Leicester,"2,070","8,015",25.8,390,"1,025",37.9,145,740,19.6,260,685,38.0,815,"2,535",32.2,460,"4,295",10.7,575,820,70.0,120,195,62.2,100,175,56.9,795,"1,190",66.8,
Rutland,210,"1,095",19.1,25,125,19.5,10,15,58.8,10,45,19.1,45,185,23.0,95,770,12.2,15,70,21.7,20,30,72.4,35,40,90.0,70,140,52.2,
Nottinghamshire,"4,635","13,585",34.1,925,"1,675",55.3,160,465,34.7,580,"1,745",33.3,"1,735","4,075",42.6,"1,455","7,735",18.8,975,"1,150",84.6,240,310,77.5,230,310,74.5,"1,445","1,770",81.6,
Nottingham,925,"7,285",12.7,320,"1,215",26.5,100,370,26.8,155,685,23.0,595,"2,395",24.9,325,"4,895",6.6,-,-,-,-,-,-,-,-,-,-,-,-,
Hertfordshire,"3,410","22,035",15.5,780,"2,505",31.2,745,"3,350",22.3,395,"2,330",17.0,"1,925","8,195",23.5,570,"11,130",5.1,595,"1,330",44.7,175,500,35.3,145,880,16.3,915,"2,710",33.8,
Norfolk,"4,100","18,805",21.8,960,"1,720",55.7,390,"1,020",38.0,655,"1,530",42.7,"2,070","4,435",46.6,"1,365","9,800",13.9,330,"1,785",18.6,120,755,15.9,215,"2,030",10.7,670,"4,570",14.6,
Oxfordshire,"3,410","7,485",45.5,350,690,50.4,25,380,6.6,355,"1,300",27.2,780,"2,475",31.4,745,"3,390",22.0,755,655,115.6,260,355,73.3,865,610,142.0,"1,885","1,620",116.2,
Suffolk,"1,660","16,220",10.2,510,"1,615",31.6,105,615,17.4,380,"1,170",32.6,"1,005","3,410",29.4,445,"10,120",4.4,105,"1,035",10.1,50,900,5.4,55,750,7.3,210,"2,690",7.8,
Luton,985,"3,865",25.5,230,615,37.0,80,240,33.9,85,475,18.1,400,"1,380",28.9,210,"1,765",12.0,260,470,55.3,65,120,56.8,45,130,36.2,375,720,52.1,
Buckinghamshire,"2,130","13,130",16.2,255,"1,395",18.4,95,515,18.7,190,820,23.4,560,"2,835",19.7,485,"8,115",6.0,580,"1,105",52.4,225,520,43.3,280,555,50.6,"1,085","2,180",49.8,
Milton Keynes,950,"4,865",19.6,235,590,39.6,25,"1,245",2.0,55,455,12.1,315,"2,305",13.7,555,"2,305",24.2,45,140,32.4,15,50,25.0,20,60,33.9,80,255,31.3,
Bracknell Forest,350,"2,505",13.9,70,215,33.3,35,360,9.4,50,265,18.8,165,890,18.7,100,"1,255",7.9,40,150,27.0,20,80,23.1,25,135,18.4,85,360,22.9,
West Berkshire,555,"3,470",16.0,105,355,30.1,25,480,5.6,60,295,19.5,195,"1,140",16.9,125,"2,030",6.1,155,180,85.7,45,65,67.2,40,55,75.9,240,300,80.0,
Reading,630,"3,450",18.2,80,515,15.5,45,295,14.9,35,260,12.6,160,"1,095",14.5,70,"1,735",4.1,255,390,65.3,70,110,61.8,75,125,61.8,400,620,64.0,
Slough,105,"2,065",5.0,-,-,-,-,-,-,-,-,-,70,895,7.6,35,"1,015",3.5,-,-,-,-,-,-,-,-,-,-,-,-,
Windsor and Maidenhead,155,"2,570",6.1,45,245,18.5,10,175,6.8,10,225,5.3,70,650,10.8,85,"1,720",4.9,-,-,-,-,-,-,-,-,-,-,-,-,
Wokingham,480,"2,065",23.3,95,230,41.7,25,375,6.4,130,315,42.2,250,920,27.5,105,"1,020",10.5,75,60,121.0,25,30,83.9,20,35,58.3,120,130,94.6,
Essex,"4,140","41,630",9.9,"1,120","4,410",25.3,250,"7,495",3.3,910,"2,920",31.1,"2,275","15,000",15.2,"1,265","23,100",5.5,260,"2,185",11.9,155,600,26.1,185,745,24.8,600,"3,530",17.0,
Southend-on-Sea,675,"5,145",13.2,130,705,18.6,65,85,78.3,145,420,34.0,340,"1,230",27.5,250,"3,255",7.6,60,245,24.3,10,75,15.6,20,335,5.3,90,660,13.6,
Thurrock,335,"1,735",19.2,105,210,49.5,10,95,11.7,65,180,35.4,180,495,36.2,135,"1,165",11.4,-,-,-,-,-,-,-,-,-,20,80,28.2,
Cambridgeshire,"4,990","14,735",33.9,400,"1,945",20.5,55,450,12.6,435,"1,225",35.5,895,"3,720",24.1,470,"8,130",5.8,"1,855","1,455",127.4,845,695,121.6,920,735,125.1,"3,625","2,890",125.5,
Peterborough,595,"5,975",10.0,205,"1,070",19.1,30,195,15.2,95,425,22.0,330,"1,735",19.1,180,"3,680",4.9,35,285,12.4,15,125,12.2,35,155,22.3,85,565,15.1,
Bedford,725,"3,325",21.9,90,490,18.1,45,145,29.7,45,325,14.5,180,985,18.3,140,"1,985",7.0,230,180,127.2,95,80,121.8,85,95,86.5,405,355,115.0,
Central Bedfordshire,"1,385","4,375",31.6,160,425,37.9,50,170,30.2,100,355,28.2,315,975,32.4,205,"2,615",7.8,420,385,109.7,240,215,110.1,205,190,109.0,865,790,109.6,
Camden,"1,210","5,380",22.5,230,605,38.0,145,"1,145",12.6,75,305,24.1,470,"2,205",21.3,320,"2,465",13.1,325,520,62.3,50,95,51.6,45,100,45.9,420,715,58.6,
Greenwich,910,"4,790",19.0,230,545,42.6,15,885,1.5,100,430,22.7,345,"1,870",18.4,220,"2,310",9.6,230,390,58.7,50,95,51.5,65,125,53.2,345,610,56.5,
Hackney,780,"5,405",14.5,160,825,19.2,25,"1,030",2.4,75,380,19.7,260,"2,260",11.5,130,"2,360",5.4,325,610,53.8,50,115,41.4,20,60,33.9,395,785,50.4,
Hammersmith and Fulham,800,"3,975",20.2,115,545,21.2,45,305,14.1,90,265,33.5,250,"1,155",21.8,215,"2,455",8.8,240,245,98.4,60,70,86.1,30,45,69.6,335,360,92.3,
Islington,"1,200","3,230",37.2,195,535,36.4,65,120,54.2,130,315,40.9,390,"1,040",37.3,175,"1,515",11.7,505,520,97.3,90,105,86.5,40,50,74.5,635,675,93.9,
Kensington and Chelsea,"1,260","5,955",21.1,155,710,21.7,50,"1,070",4.8,80,170,46.5,290,"2,215",13.1,175,"2,550",6.8,630,935,67.0,90,130,70.5,75,120,63.6,795,"1,185",67.1,
Lambeth,"1,440","7,730",18.7,220,"1,175",18.7,25,"1,510",1.5,125,385,32.2,375,"3,180",11.8,190,"3,320",5.7,640,800,79.9,115,140,80.1,125,285,44.2,875,"1,225",71.7,
Lewisham,"1,015","5,660",17.9,240,545,44.1,175,"1,360",12.8,90,445,20.1,510,"2,380",21.4,340,"2,760",12.3,90,300,30.5,25,80,34.2,50,145,33.6,165,525,31.9,
Southwark,"1,375","4,525",30.4,215,655,32.6,45,350,13.5,120,460,25.7,380,"1,535",24.9,605,"2,445",24.7,295,440,66.4,40,40,100.0,55,65,87.5,390,545,71.4,
Tower Hamlets,"1,205","5,145",23.4,175,640,27.2,125,585,21.8,80,530,14.9,385,"1,770",21.7,310,"2,250",13.7,445,975,45.6,50,95,51.6,20,55,33.3,510,"1,125",45.5,
Wandsworth,960,"3,855",24.9,140,405,34.5,50,410,12.4,125,490,25.4,315,"1,315",24.0,145,"1,825",7.9,330,475,69.1,110,145,74.0,60,95,66.0,500,715,69.7,
Westminster,780,"5,185",15.1,145,595,24.8,100,"1,040",9.6,75,355,21.2,330,"2,085",15.8,170,"2,965",5.8,210,95,222.1,40,20,186.4,30,20,138.1,280,140,203.6,
City of London,75,225,33.0,-,-,-,-,-,-,-,-,-,10,75,16.2,25,115,21.7,15,10,118.2,10,10,100.0,15,15,100.0,35,35,105.7,
Barking and Dagenham,925,"4,905",18.9,245,885,27.6,15,240,5.8,105,285,37.0,365,"1,450",25.3,555,"2,920",19.0,-,-,-,-,-,-,-,-,-,-,-,-,
Barnet,"1,305","6,765",19.3,290,740,38.9,65,"1,105",6.1,210,550,37.9,570,"2,440",23.4,630,"3,870",16.3,75,275,26.7,15,85,16.7,15,95,13.7,100,455,22.1,
Bexley,"1,575","6,415",24.6,475,805,59.3,20,"1,080",1.9,125,155,81.7,640,"2,065",31.1,850,"3,870",22.0,-,-,-,-,-,-,-,-,-,85,485,17.4,
Brent,490,"5,250",9.4,120,630,19.4,15,"1,010",1.3,195,555,35.0,330,"2,220",14.9,160,"2,845",5.6,-,-,-,-,-,-,-,-,-,-,-,-,
Bromley,425,"6,290",6.8,145,540,26.9,5,955,0.6,65,865,7.6,215,"2,385",9.1,205,"3,410",6.0,-,-,-,-,-,-,-,-,-,-,-,-,
Croydon,720,"7,480",9.6,200,960,20.7,25,900,3.0,170,690,24.4,455,"2,790",16.2,170,"4,330",4.0,55,210,25.2,10,50,24.0,30,105,28.2,95,365,25.9,
Ealing,840,"8,195",10.3,210,935,22.6,10,"1,935",0.4,150,580,25.5,365,"3,560",10.3,325,"4,130",7.8,120,355,33.9,15,75,17.3,15,75,20.5,150,505,29.5,
Enfield,"1,755","7,090",24.7,425,"1,225",34.7,60,485,12.5,130,655,19.6,640,"2,495",25.6,795,"3,860",20.6,210,400,52.6,60,135,44.5,50,195,24.9,320,735,43.7,
Haringey,"1,525","4,755",32.1,355,910,39.1,35,335,10.8,90,395,22.2,490,"1,725",28.3,365,"2,325",15.7,480,505,95.4,120,120,97.5,70,75,93.5,670,705,95.6,
Harrow,"1,740","4,985",35.0,205,550,37.6,170,685,24.5,175,315,55.3,565,"1,580",35.7,630,"2,685",23.4,335,455,73.8,110,150,74.7,100,110,91.0,550,715,76.7,
Havering,635,"6,260",10.1,140,680,20.9,10,295,3.8,150,340,44.5,305,"1,335",22.8,330,"4,480",7.4,-,-,-,-,-,-,-,-,-,-,-,-,
Hillingdon,340,"3,325",10.2,145,400,36.3,10,160,5.1,50,305,15.8,200,870,23.3,135,"2,430",5.6,-,-,-,-,-,-,-,-,-,-,-,-,
Hounslow,750,"4,560",16.4,170,600,28.3,45,685,6.7,110,365,30.4,335,"1,690",19.7,295,"2,485",11.8,75,215,34.6,20,75,28.9,25,90,29.2,125,380,32.2,
Kingston upon Thames,540,"2,580",20.9,90,170,53.3,40,535,7.7,155,285,54.5,300,"1,070",27.9,105,"1,350",7.7,80,95,83.3,30,35,94.1,25,25,100.0,135,155,88.4,
Merton,860,"3,990",21.6,160,535,29.8,90,180,48.4,115,275,41.2,365,"1,020",36.0,265,"2,620",10.1,140,210,66.8,40,70,58.0,50,70,72.5,230,350,66.2,
Newham,940,"4,315",21.8,225,605,37.5,30,280,10.7,225,480,47.0,485,"1,430",33.9,370,"2,150",17.3,-,-,-,-,-,-,-,-,-,85,735,11.3,
Redbridge,"1,590","8,040",19.8,310,940,32.9,70,200,35.6,230,530,43.1,610,"1,690",36.1,685,"4,265",16.0,155,"1,360",11.4,40,315,12.8,105,415,25.2,300,"2,085",14.3,
Richmond upon Thames,695,"1,955",35.6,130,205,62.4,40,90,44.6,115,235,48.3,280,530,53.0,185,"1,025",18.3,115,210,55.5,50,85,57.5,60,100,59.0,225,400,56.8,
Sutton,615,"3,425",17.9,120,460,26.6,30,90,36.4,105,315,33.0,260,890,29.4,185,"2,375",7.9,105,100,108.2,30,30,96.7,30,35,85.3,165,160,101.2,
Waltham Forest,"1,010","3,770",26.7,185,450,41.0,65,445,14.2,140,415,33.2,390,"1,330",29.3,305,"1,905",16.0,205,310,66.0,65,115,56.4,45,110,39.8,315,535,58.6,
Isle of Wight,"1,225","3,490",35.1,130,375,34.6,65,190,34.4,310,350,88.3,510,935,54.4,265,"2,250",11.7,285,95,294.8,45,50,84.6,125,90,135.9,450,305,148.7,
Surrey,"4,255","24,135",17.6,910,"2,865",31.8,225,"1,995",11.2,695,"2,265",30.6,"1,830","7,590",24.1,"1,175","15,395",7.6,790,770,103.1,215,160,135.0,245,220,110.4,"1,255","1,150",109.0,
West Sussex,"1,795","12,240",14.7,530,"1,450",36.4,150,"3,090",4.8,320,"1,445",22.1,"1,005","6,090",16.5,615,"5,930",10.4,100,105,92.5,35,40,84.6,30,60,47.5,180,215,82.5,
Dorset,"1,060","9,260",11.5,315,"1,190",26.3,85,905,9.4,285,755,37.4,680,"3,370",20.2,355,"5,080",6.9,15,390,3.9,5,150,4.0,5,270,2.6,30,810,3.5,
Bournemouth,450,"4,840",9.3,100,680,14.4,45,250,18.1,110,275,39.7,255,"1,210",20.9,120,"2,950",4.1,55,290,18.8,15,125,12.7,10,265,3.0,80,680,11.5,
Poole,415,"4,255",9.8,130,400,32.4,10,260,4.2,95,330,29.2,240,995,24.0,135,"2,475",5.4,25,350,7.4,10,180,6.6,5,255,2.4,45,785,5.6,
Hampshire,"1,900","24,335",7.8,645,"2,600",24.8,50,"1,360",3.8,575,"2,215",26.0,"1,305","6,315",20.6,540,"15,015",3.6,-,-,-,-,-,-,-,-,-,55,"3,005",1.8,
Portsmouth,605,"5,755",10.5,105,820,12.7,10,500,2.4,80,400,20.4,205,"1,840",11.2,240,"3,140",7.7,120,450,26.3,20,180,12.1,20,150,12.8,160,780,20.4,
Southampton,615,"9,280",6.6,225,"1,190",18.9,45,"1,300",3.3,80,585,13.4,345,"3,295",10.5,155,"5,165",3.0,75,425,18.0,20,180,11.1,20,215,10.3,120,815,14.4,
East Sussex,"4,750","19,555",24.3,595,"2,465",24.1,285,"1,175",24.1,195,835,23.2,"1,115","4,720",23.6,990,"11,365",8.7,"1,425","1,690",84.5,605,830,73.1,615,955,64.3,"2,645","3,470",76.3,
Brighton and Hove,755,"4,370",17.3,215,585,37.2,30,180,16.6,110,535,20.6,360,"1,330",27.0,120,"1,895",6.3,200,725,27.4,50,205,23.6,30,215,13.5,275,"1,145",24.1,
Wiltshire,"1,820","11,645",15.6,290,"1,730",16.9,15,710,1.8,145,965,14.9,460,"3,485",13.1,575,"7,100",8.1,230,400,58.3,200,255,79.2,355,405,87.9,790,"1,060",74.7,
Swindon,370,"5,105",7.3,-,-,-,-,-,-,-,-,-,185,"1,805",10.2,80,"2,850",2.8,80,250,31.3,10,80,15.2,15,120,12.7,105,450,23.6,
Kent,"4,535","30,490",14.9,"1,230","4,485",27.4,395,"3,215",12.2,"1,090","2,865",38.1,"2,715","10,670",25.4,"1,320","16,045",8.2,140,"1,655",8.3,80,590,13.2,285,"1,530",18.7,500,"3,775",13.3,
Medway Towns,680,"4,935",13.8,225,765,29.4,30,190,15.9,205,305,66.4,460,"1,400",32.8,185,"3,265",5.7,-,-,-,-,-,-,-,-,-,35,270,13.3,
Cornwall,"1,870",..,..,330,"1,975",16.7,5,..,..,305,"1,505",20.1,645,..,..,295,"9,930",3.0,565,760,74.2,190,265,71.8,175,205,86.2,930,"1,230",75.7,
Gloucestershire,"1,735","12,455",13.9,340,"1,040",32.9,30,280,11.4,195,"1,020",19.1,580,"2,455",23.6,485,"6,635",7.3,290,"1,130",25.5,110,715,15.6,270,"1,520",17.8,670,"3,365",19.9,
Somerset,"1,115","26,235",4.2,430,"2,015",21.4,15,"6,250",0.3,265,"1,305",20.2,730,"9,805",7.4,380,"15,930",2.4,-,-,-,-,-,-,-,-,-,-,-,-,
Isles of Scilly,15,45,37.0,-,-,-,-,-,-,-,-,-,-,-,-,-,-,-,-,-,-,-,-,-,-,-,-,15,15,100.0,
Bath and North East Somerset,490,"3,290",14.9,100,360,27.9,40,475,8.7,100,295,34.2,245,"1,140",21.3,130,"1,520",8.6,65,335,18.8,25,125,20.8,25,175,14.9,115,635,18.1,
Bristol,"1,550","9,385",16.5,445,"1,420",31.2,50,340,14.7,125,660,19.1,635,"2,520",25.2,350,"5,585",6.2,360,640,55.9,130,330,38.9,80,305,25.4,565,"1,280",44.1,
North Somerset,550,"3,540",15.5,105,550,18.9,10,55,21.8,80,275,29.5,200,905,21.9,95,"2,145",4.4,155,260,60.6,60,95,66.7,40,135,28.4,255,485,52.9,
South Gloucestershire,850,"4,355",19.5,270,595,45.1,40,430,9.3,160,430,37.8,470,"1,460",32.3,260,"2,805",9.2,85,45,188.9,10,20,66.7,20,20,104.8,120,85,141.7,
Devon,"5,800","25,340",22.9,675,"2,455",27.6,40,"3,675",1.1,475,"1,610",29.6,"1,205","7,805",15.4,"1,110","12,525",8.8,-,-,-,-,-,-,-,-,-,"3,485","5,015",69.5,
Plymouth,"1,415","4,855",29.2,310,565,54.3,40,85,45.8,250,655,38.1,650,"1,440",45.0,465,"2,905",16.0,190,300,63.2,65,110,58.7,50,100,48.0,305,510,59.3,
Torbay,810,"5,790",14.0,160,705,22.5,60,975,5.9,125,285,43.5,365,"2,075",17.6,230,"3,225",7.2,145,260,56.1,40,110,34.5,25,115,22.2,210,490,43.1,
,,,,,,,,,,,,,,,,,,,,,,,,,,,,,,,
ENGLAND,"213,875","1,271,370",16.8,"41,345","149,125",27.7,"11,155","124,645",8.9,"30,440","104,840",29.0,"84,315","390,420",21.6,"58,420","711,730",8.2,"44,360","91,245",48.6,"13,755","33,790",40.7,"12,990","43,930",29.6,"71,140","169,220",42.0,
Number of councils the national total is based on,152,152,152,152,152,152,152,152,152,152,152,152,152,152,152,152,152,152,152,152,152,152,152,152,152,152,152,152,152,152,
,,,,,,,,,,,,,,,,,,,,,,,,,,,,,,,
Shire Counties,"81,105","502,705",16.1,"16,440","54,635",30.1,"4,575","46,970",9.7,"11,820","40,440",29.2,"33,345","146,005",22.8,"21,480","283,410",7.6,"14,755","34,645",42.6,"5,650","16,175",34.9,"5,850","22,455",26.1,"26,280","73,290",35.9,
Unitary Authorities,"48,510","311,345",15.6,"9,875","40,285",24.5,"2,555","27,530",9.3,"7,420","25,705",28.9,"20,165","96,405",20.9,"13,545","180,240",7.5,"8,845","19,435",45.5,"3,090","7,115",43.4,"2,865","8,090",35.4,"14,800","34,705",42.6,
Metropolitan Districts,"51,975","291,920",17.8,"8,450","33,175",25.5,"2,305","28,600",8.1,"7,250","25,565",28.4,"18,325","90,365",20.3,"12,830","159,425",8.0,"14,210","24,415",58.2,"3,570","7,465",47.8,"3,025","10,070",30.0,"20,815","42,130",49.4,
Inner London,"13,010","61,045",21.3,"2,225","7,810",28.5,870,"9,850",8.8,"1,155","4,540",25.4,"4,310","23,080",18.7,"3,020","29,330",10.3,"4,275","6,320",67.7,780,"1,145",67.9,630,"1,170",53.6,"5,685","8,635",65.8,
Outer London,"19,275","104,355",18.5,"4,350","13,225",32.9,850,"11,690",7.3,"2,795","8,590",32.5,"8,175","34,570",23.6,"7,545","59,325",12.7,"2,270","6,425",35.3,665,"1,890",35.2,625,"2,140",29.1,"3,560","10,460",34.0,
,,,,,,,,,,,,,,,,,,,,,,,,,,,,,,,
North East,"10,585","79,870",13.3,"2,310","10,555",21.9,660,"5,615",11.8,"2,380","6,875",34.6,"5,390","23,720",22.7,"3,370","47,030",7.2,"1,225","5,515",22.2,355,"1,595",22.3,235,"1,830",12.8,"1,825","9,120",20.0,
North West,"35,195","201,090",17.5,"5,585","22,605",24.7,"1,675","20,125",8.3,"4,335","16,365",26.5,"11,895","62,070",19.2,"8,995","109,090",8.2,"9,430","16,580",56.9,"2,540","5,600",45.4,"2,335","7,755",30.1,"14,305","29,930",47.8,
Yorkshire and the Humber,"21,195","139,030",15.2,"4,060","14,335",28.3,"1,130","15,415",7.3,"3,325","11,815",28.1,"8,645","42,350",20.4,"5,580","73,285",7.6,"4,395","12,115",36.3,"1,380","4,600",30.1,"1,195","6,685",17.9,"6,970","23,395",29.8,
East Midlands,"20,910","98,895",21.1,"4,000","11,595",34.5,"1,305","5,720",22.9,"3,005","8,275",36.3,"8,500","26,330",32.3,"5,440","58,115",9.4,"4,145","7,790",53.2,"1,455","3,085",47.2,"1,365","3,575",38.2,"6,970","14,450",48.2,
West Midlands,"20,495","122,485",16.7,"3,940","14,800",26.6,770,"8,250",9.3,"2,770","10,240",27.1,"7,555","33,895",22.3,"6,270","73,055",8.6,"4,500","8,740",51.5,"1,275","3,045",41.9,895,"3,745",23.9,"6,670","15,535",42.9,
South West,"20,315","146,540",13.9,"4,100","16,400",25.0,490,"16,720",2.9,"2,795","10,785",25.9,"7,535","45,455",16.6,"5,055","83,695",6.0,"4,850","8,950",54.2,"1,795","4,270",42.0,"1,080","4,170",25.9,"7,725","17,390",44.4,
Eastern,"23,010","137,860",16.7,"4,685","15,720",29.8,"1,830","13,860",13.2,"3,310","11,355",29.1,"9,915","41,565",23.8,"5,235","76,745",6.8,"4,170","9,385",44.4,"1,780","4,085",43.5,"1,910","6,080",31.4,"7,860","19,550",40.2,
London,"32,290","165,400",19.5,"6,575","21,030",31.3,"1,720","21,540",8.0,"3,950","13,130",30.1,"12,485","57,650",21.7,"10,565","88,655",11.9,"6,545","12,745",51.4,"1,445","3,035",47.5,"1,250","3,315",37.8,"9,240","19,095",48.4,
South East,"29,880","180,195",16.6,"6,085","22,090",27.6,"1,570","17,400",9.0,"4,570","16,000",28.6,"12,400","57,385",21.6,"7,915","102,055",7.8,"5,095","9,430",54.1,"1,725","4,475",38.6,"2,725","6,775",40.2,"9,570","20,755",46.1,
,,,,,,,,,,,,,,,,,,,,,,,,,,,,,,,
,,,,,,,,,,,,,,,,,,,,,,,,,,,,,,,
Notes:,,,,,,,,,,,,,,,,,,,,,,,,,,,,,,,
..  represents data that are unavailable.,,,,,,,,,,,,,,,,,,,,,,,,,,,,,,,
"-   means constituent values less than 6 are suppressed, where elements of an indicator are suppressed the indicator itself is also suppressed. The exception is for Measure 2C where values of less than 0.5 have been supressed. This is because the numerator is based on an average of the 12 monthly figures.",,,,,,,,,,,,,,,,,,,,,,,,,,,,,,,
1. Caution should be taken when comparing data historically please refer to the notes in the cover sheet.,,,,,,,,,,,,,,,,,,,,,,,,,,,,,,,
"2. Numerator and denominator values used to calculate the indicator are rounded to the nearest 5. The exception is for Measure 2C, which is based on average values.",,,,,,,,,,,,,,,,,,,,,,,,,,,,,,,
"3. 1A, 1B, 1D, 3A, 3B, 3C, 3D, 4A and 4B are based on survey data. The base for 1A, 1B, 3A, 3D, 4A and 4B (i.e. the number of responses on which the outcome is based) should be taken into account when assessing the reliability of the outcome values. Outcomes based on a small base should be treated with caution.",,,,,,,,,,,,,,,,,,,,,,,,,,,,,,,
"4. 1A, 1B, 3A, 3D, 4A and 4B have been weighted to reflect that a stratified sample was taken and to account for non-response bias. For 1D, 3B and 3C only the national, regional and council type figures have been weighted as stratified sampling was not used. These totals have been weighted to account for differeing response rates in councils.",,,,,,,,,,,,,,,,,,,,,,,,,,,,,,,
,,,,,,,,,,,,,,,,,,,,,,,,,,,,,,,
,,,,,,,,,,,,,,,,,,,,,,,,,,,,,,,
,,,,,,,,,,,,,,,,,,,,,,,,,,,,,,,
,,,,,,,,,,,,,,,,,,,,,,,,,,,,,,,
,,,,,,,,,,,,,,,,,,,,,,,,,,,,,,,
,,,,,,,,,,,,,,,,,,,,,,,,,,,,,,,
,,,,,,,,,,,,,,,,,,,,,,,,,,,,,,,
,,,,,,,,,,,,,,,,,,,,,,,,,,,,,,,
,,,,,,,,,,,,,,,,,,,,,,,,,,,,,,,
,,,,,,,,,,,,,,,,,,,,,,,,,,,,,,,
,,,,,,,,,,,,,,,,,,,,,,,,,,,,,,,
,,,,,,,,,,,,,,,,,,,,,,,,,,,,,,,
,,,,,,,,,,,,,,,,,,,,,,,,,,,,,,,
,,,,,,,,,,,,,,,,,,,,,,,,,,,,,,,
,,,,,,,,,,,,,,,,,,,,,,,,,,,,,,,
,,,,,,,,,,,,,,,,,,,,,,,,,,,,,,,
,,,,,,,,,,,,,,,,,,,,,,,,,,,,,,,
,,,,,,,,,,,,,,,,,,,,,,,,,,,,,,,
,,,,,,,,,,,,,,,,,,,,,,,,,,,,,,,
,,,,,,,,,,,,,,,,,,,,,,,,,,,,,,,
,,,,,,,,,,,,,,,,,,,,,,,,,,,,,,,
,,,,,,,,,,,,,,,,,,,,,,,,,,,,,,,
,,,,,,,,,,,,,,,,,,,,,,,,,,,,,,,
,,,,,,,,,,,,,,,,,,,,,,,,,,,,,,,
,,,,,,,,,,,,,,,,,,,,,,,,,,,,,,,
,,,,,,,,,,,,,,,,,,,,,,,,,,,,,,,
,,,,,,,,,,,,,,,,,,,,,,,,,,,,,,,
,,,,,,,,,,,,,,,,,,,,,,,,,,,,,,,
,,,,,,,,,,,,,,,,,,,,,,,,,,,,,,,
,,,,,,,,,,,,,,,,,,,,,,,,,,,,,,,
,,,,,,,,,,,,,,,,,,,,,,,,,,,,,,,
,,,,,,,,,,,,,,,,,,,,,,,,,,,,,,,
,,,,,,,,,,,,,,,,,,,,,,,,,,,,,,,
,,,,,,,,,,,,,,,,,,,,,,,,,,,,,,,
,,,,,,,,,,,,,,,,,,,,,,,,,,,,,,,
,,,,,,,,,,,,,,,,,,,,,,,,,,,,,,,
,,,,,,,,,,,,,,,,,,,,,,,,,,,,,,,
,,,,,,,,,,,,,,,,,,,,,,,,,,,,,,,
,,,,,,,,,,,,,,,,,,,,,,,,,,,,,,,
,,,,,,,,,,,,,,,,,,,,,,,,,,,,,,,
,,,,,,,,,,,,,,,,,,,,,,,,,,,,,,,
,,,,,,,,,,,,,,,,,,,,,,,,,,,,,,,
,,,,,,,,,,,,,,,,,,,,,,,,,,,,,,,
,,,,,,,,,,,,,,,,,,,,,,,,,,,,,,,
,,,,,,,,,,,,,,,,,,,,,,,,,,,,,,,
,,,,,,,,,,,,,,,,,,,,,,,,,,,,,,,
,,,,,,,,,,,,,,,,,,,,,,,,,,,,,,,
,,,,,,,,,,,,,,,,,,,,,,,,,,,,,,,
,,,,,,,,,,,,,,,,,,,,,,,,,,,,,,,
,,,,,,,,,,,,,,,,,,,,,,,,,,,,,,,
,,,,,,,,,,,,,,,,,,,,,,,,,,,,,,,
,,,,,,,,,,,,,,,,,,,,,,,,,,,,,,,
,,,,,,,,,,,,,,,,,,,,,,,,,,,,,,,
,,,,,,,,,,,,,,,,,,,,,,,,,,,,,,,
,,,,,,,,,,,,,,,,,,,,,,,,,,,,,,,
,,,,,,,,,,,,,,,,,,,,,,,,,,,,,,,
,,,,,,,,,,,,,,,,,,,,,,,,,,,,,,,
,,,,,,,,,,,,,,,,,,,,,,,,,,,,,,,
,,,,,,,,,,,,,,,,,,,,,,,,,,,,,,,
,,,,,,,,,,,,,,,,,,,,,,,,,,,,,,,
,,,,,,,,,,,,,,,,,,,,,,,,,,,,,,,
,,,,,,,,,,,,,,,,,,,,,,,,,,,,,,,
,,,,,,,,,,,,,,,,,,,,,,,,,,,,,,,
,,,,,,,,,,,,,,,,,,,,,,,,,,,,,,,
,,,,,,,,,,,,,,,,,,,,,,,,,,,,,,,
,,,,,,,,,,,,,,,,,,,,,,,,,,,,,,,
,,,,,,,,,,,,,,,,,,,,,,,,,,,,,,,
,,,,,,,,,,,,,,,,,,,,,,,,,,,,,,,
,,,,,,,,,,,,,,,,,,,,,,,,,,,,,,,
,,,,,,,,,,,,,,,,,,,,,,,,,,,,,,,
,,,,,,,,,,,,,,,,,,,,,,,,,,,,,,,
,,,,,,,,,,,,,,,,,,,,,,,,,,,,,,,
,,,,,,,,,,,,,,,,,,,,,,,,,,,,,,,
,,,,,,,,,,,,,,,,,,,,,,,,,,,,,,,
,,,,,,,,,,,,,,,,,,,,,,,,,,,,,,,
,,,,,,,,,,,,,,,,,,,,,,,,,,,,,,,
,,,,,,,,,,,,,,,,,,,,,,,,,,,,,,,
,,,,,,,,,,,,,,,,,,,,,,,,,,,,,,,
,,,,,,,,,,,,,,,,,,,,,,,,,,,,,,,
,,,,,,,,,,,,,,,,,,,,,,,,,,,,,,,
,,,,,,,,,,,,,,,,,,,,,,,,,,,,,,,
,,,,,,,,,,,,,,,,,,,,,,,,,,,,,,,
,,,,,,,,,,,,,,,,,,,,,,,,,,,,,,,
,,,,,,,,,,,,,,,,,,,,,,,,,,,,,,,
,,,,,,,,,,,,,,,,,,,,,,,,,,,,,,,
,,,,,,,,,,,,,,,,,,,,,,,,,,,,,,,
,,,,,,,,,,,,,,,,,,,,,,,,,,,,,,,
,,,,,,,,,,,,,,,,,,,,,,,,,,,,,,,
,,,,,,,,,,,,,,,,,,,,,,,,,,,,,,,
,,,,,,,,,,,,,,,,,,,,,,,,,,,,,,,
,,,,,,,,,,,,,,,,,,,,,,,,,,,,,,,
,,,,,,,,,,,,,,,,,,,,,,,,,,,,,,,
,,,,,,,,,,,,,,,,,,,,,,,,,,,,,,,
,,,,,,,,,,,,,,,,,,,,,,,,,,,,,,,
,,,,,,,,,,,,,,,,,,,,,,,,,,,,,,,
,,,,,,,,,,,,,,,,,,,,,,,,,,,,,,,
,,,,,,,,,,,,,,,,,,,,,,,,,,,,,,,
,,,,,,,,,,,,,,,,,,,,,,,,,,,,,,,
,,,,,,,,,,,,,,,,,,,,,,,,,,,,,,,
,,,,,,,,,,,,,,,,,,,,,,,,,,,,,,,
,,,,,,,,,,,,,,,,,,,,,,,,,,,,,,,
,,,,,,,,,,,,,,,,,,,,,,,,,,,,,,,
,,,,,,,,,,,,,,,,,,,,,,,,,,,,,,,
,,,,,,,,,,,,,,,,,,,,,,,,,,,,,,,
,,,,,,,,,,,,,,,,,,,,,,,,,,,,,,,
,,,,,,,,,,,,,,,,,,,,,,,,,,,,,,,
,,,,,,,,,,,,,,,,,,,,,,,,,,,,,,,
,,,,,,,,,,,,,,,,,,,,,,,,,,,,,,,
,,,,,,,,,,,,,,,,,,,,,,,,,,,,,,,
,,,,,,,,,,,,,,,,,,,,,,,,,,,,,,,
,,,,,,,,,,,,,,,,,,,,,,,,,,,,,,,
,,,,,,,,,,,,,,,,,,,,,,,,,,,,,,,
,,,,,,,,,,,,,,,,,,,,,,,,,,,,,,,
,,,,,,,,,,,,,,,,,,,,,,,,,,,,,,,
,,,,,,,,,,,,,,,,,,,,,,,,,,,,,,,
,,,,,,,,,,,,,,,,,,,,,,,,,,,,,,,
,,,,,,,,,,,,,,,,,,,,,,,,,,,,,,,
,,,,,,,,,,,,,,,,,,,,,,,,,,,,,,,
,,,,,,,,,,,,,,,,,,,,,,,,,,,,,,,
,,,,,,,,,,,,,,,,,,,,,,,,,,,,,,,
,,,,,,,,,,,,,,,,,,,,,,,,,,,,,,,
,,,,,,,,,,,,,,,,,,,,,,,,,,,,,,,
,,,,,,,,,,,,,,,,,,,,,,,,,,,,,,,
,,,,,,,,,,,,,,,,,,,,,,,,,,,,,,,
,,,,,,,,,,,,,,,,,,,,,,,,,,,,,,,
,,,,,,,,,,,,,,,,,,,,,,,,,,,,,,,
,,,,,,,,,,,,,,,,,,,,,,,,,,,,,,,
,,,,,,,,,,,,,,,,,,,,,,,,,,,,,,,
,,,,,,,,,,,,,,,,,,,,,,,,,,,,,,,
,,,,,,,,,,,,,,,,,,,,,,,,,,,,,,,
,,,,,,,,,,,,,,,,,,,,,,,,,,,,,,,
,,,,,,,,,,,,,,,,,,,,,,,,,,,,,,,
,,,,,,,,,,,,,,,,,,,,,,,,,,,,,,,
,,,,,,,,,,,,,,,,,,,,,,,,,,,,,,,
,,,,,,,,,,,,,,,,,,,,,,,,,,,,,,,
,,,,,,,,,,,,,,,,,,,,,,,,,,,,,,,
,,,,,,,,,,,,,,,,,,,,,,,,,,,,,,,
,,,,,,,,,,,,,,,,,,,,,,,,,,,,,,,
,,,,,,,,,,,,,,,,,,,,,,,,,,,,,,,
,,,,,,,,,,,,,,,,,,,,,,,,,,,,,,,
,,,,,,,,,,,,,,,,,,,,,,,,,,,,,,,
,,,,,,,,,,,,,,,,,,,,,,,,,,,,,,,
,,,,,,,,,,,,,,,,,,,,,,,,,,,,,,,
,,,,,,,,,,,,,,,,,,,,,,,,,,,,,,,
,,,,,,,,,,,,,,,,,,,,,,,,,,,,,,,
,,,,,,,,,,,,,,,,,,,,,,,,,,,,,,,
,,,,,,,,,,,,,,,,,,,,,,,,,,,,,,,
,,,,,,,,,,,,,,,,,,,,,,,,,,,,,,,
,,,,,,,,,,,,,,,,,,,,,,,,,,,,,,,
,,,,,,,,,,,,,,,,,,,,,,,,,,,,,,,
,,,,,,,,,,,,,,,,,,,,,,,,,,,,,,,
,,,,,,,,,,,,,,,,,,,,,,,,,,,,,,,
,,,,,,,,,,,,,,,,,,,,,,,,,,,,,,,
,,,,,,,,,,,,,,,,,,,,,,,,,,,,,,,
,,,,,,,,,,,,,,,,,,,,,,,,,,,,,,,
,,,,,,,,,,,,,,,,,,,,,,,,,,,,,,,
,,,,,,,,,,,,,,,,,,,,,,,,,,,,,,,
,,,,,,,,,,,,,,,,,,,,,,,,,,,,,,,
,,,,,,,,,,,,,,,,,,,,,,,,,,,,,,,
,,,,,,,,,,,,,,,,,,,,,,,,,,,,,,,
,,,,,,,,,,,,,,,,,,,,,,,,,,,,,,,
,,,,,,,,,,,,,,,,,,,,,,,,,,,,,,,
,,,,,,,,,,,,,,,,,,,,,,,,,,,,,,,
,,,,,,,,,,,,,,,,,,,,,,,,,,,,,,,
,,,,,,,,,,,,,,,,,,,,,,,,,,,,,,,
,,,,,,,,,,,,,,,,,,,,,,,,,,,,,,,
,,,,,,,,,,,,,,,,,,,,,,,,,,,,,,,
,,,,,,,,,,,,,,,,,,,,,,,,,,,,,,,
,,,,,,,,,,,,,,,,,,,,,,,,,,,,,,,
,,,,,,,,,,,,,,,,,,,,,,,,,,,,,,,
,,,,,,,,,,,,,,,,,,,,,,,,,,,,,,,
,,,,,,,,,,,,,,,,,,,,,,,,,,,,,,,
,,,,,,,,,,,,,,,,,,,,,,,,,,,,,,,
,,,,,,,,,,,,,,,,,,,,,,,,,,,,,,,
,,,,,,,,,,,,,,,,,,,,,,,,,,,,,,,
,,,,,,,,,,,,,,,,,,,,,,,,,,,,,,,
,,,,,,,,,,,,,,,,,,,,,,,,,,,,,,,
,,,,,,,,,,,,,,,,,,,,,,,,,,,,,,,
,,,,,,,,,,,,,,,,,,,,,,,,,,,,,,,
,,,,,,,,,,,,,,,,,,,,,,,,,,,,,,,
,,,,,,,,,,,,,,,,,,,,,,,,,,,,,,,
,,,,,,,,,,,,,,,,,,,,,,,,,,,,,,,
,,,,,,,,,,,,,,,,,,,,,,,,,,,,,,,
,,,,,,,,,,,,,,,,,,,,,,,,,,,,,,,
,,,,,,,,,,,,,,,,,,,,,,,,,,,,,,,
,,,,,,,,,,,,,,,,,,,,,,,,,,,,,,,
,,,,,,,,,,,,,,,,,,,,,,,,,,,,,,,
,,,,,,,,,,,,,,,,,,,,,,,,,,,,,,,
,,,,,,,,,,,,,,,,,,,,,,,,,,,,,,,
,,,,,,,,,,,,,,,,,,,,,,,,,,,,,,,
,,,,,,,,,,,,,,,,,,,,,,,,,,,,,,,
,,,,,,,,,,,,,,,,,,,,,,,,,,,,,,,
,,,,,,,,,,,,,,,,,,,,,,,,,,,,,,,
,,,,,,,,,,,,,,,,,,,,,,,,,,,,,,,
,,,,,,,,,,,,,,,,,,,,,,,,,,,,,,,
,,,,,,,,,,,,,,,,,,,,,,,,,,,,,,,
,,,,,,,,,,,,,,,,,,,,,,,,,,,,,,,
,,,,,,,,,,,,,,,,,,,,,,,,,,,,,,,
,,,,,,,,,,,,,,,,,,,,,,,,,,,,,,,
,,,,,,,,,,,,,,,,,,,,,,,,,,,,,,,
