ASCOF Outcomes 2012-13,Proportion of people who use services who say that those services have made them feel safe and secure,,,Proportion of people who use services who say that those services have made them feel safe and secure,,,Proportion of people who use services who say that those services have made them feel safe and secure,,,Proportion of people who use services who say that those services have made them feel safe and secure,,,Proportion of people who use services who say that those services have made them feel safe and secure,,,,,
,TOTAL,,,MALE,,,FEMALE,,,18 to 64,,,65 and over,,,,,
,4B,4B,4B,4B,4B,4B,4B,4B,4B,4B,4B,4B,4B,4B,4B,,,
,Confidence Interval,Base,Outcome,Confidence Interval,Base,Outcome,Confidence Interval,Base,Outcome,Confidence Interval,Base,Outcome,Confidence Interval,Base,Outcome,,,
,,,,,,,,,,,,,,,,,,
,,Number of respondents that have answered question 7b,Respondents who answered 'Yes' as a percentage of all respondents to question 7b,,Number of male respondents that have answered question 7b,Male respondents who answered 'Yes' as a percentage of all male respondents to question 7b,,Number of female respondents that have answered question 7b,Female respondents who answered 'Yes' as a percentage of all female respondents to question 7b,,Number of respondents (aged 18 to 64) that have answered question 7b,Respondents (aged 18 to 64) who answered 'Yes' as a percentage of all respondents (aged 18 to 64) to question 7b,,Number of respondents (aged 65 and over) that have answered question 7b,Respondents (aged 65 and over) who answered 'Yes' as a percentage of all respondents (aged 65 and over) to question 7b,,,
,,ASCS - question 7b,"* Outcome is a
  weighted value",,ASCS - question 7b,"* Outcome is a
  weighted value",,ASCS - question 7b,"* Outcome is a
  weighted value",,ASCS - question 7b,"* Outcome is a
  weighted value",,ASCS - question 7b,"* Outcome is a
  weighted value",,,
,Confidence Interval,Base,Outcome,MALE Confidence Interval,MALE Base,MALE Outcome,FEMALE Confidence Interval,FEMALE Base,FEMALE Outcome,18 to 64 Confidence Interval,18 to 64 Base,18 to 64 Outcome,65 and over Confidence Interval,65 and over Base,65 and over Outcome,,,
Cumbria,3.8,510,70.8,6.3,195,68.8,4.8,315,72.1,7.2,140,67.9,4.4,365,72.0,,,
Northumberland,2.7,495,89.0,4.6,165,89.8,3.4,330,88.6,4.9,175,87.6,3.2,325,89.8,,,
Gateshead,3.9,370,75.8,6.3,160,74.4,5.3,210,76.9,7.2,105,76.8,4.7,265,75.4,,,
Newcastle upon Tyne,3.4,485,74.1,5.4,205,74.1,4.5,285,74.2,5.1,185,79.1,4.4,300,71.5,,,
North Tyneside,2.8,560,81.1,5.4,200,77.7,3.4,355,82.8,4.4,230,83.6,3.6,330,79.8,,,
South Tyneside,4.2,320,69.6,7.1,115,68.8,5.5,205,70.0,8.6,90,65.4,4.9,230,71.2,,,
Sunderland,3.4,385,83.4,6.5,130,80.6,4.1,255,84.8,6.9,130,80.2,3.9,255,84.9,,,
Hartlepool,4.7,290,76.3,7.7,120,76.6,6.1,170,76.1,9.0,95,71.9,5.5,195,78.4,,,
Middlesbrough,3.3,310,88.4,4.1,145,89.3,5.2,165,87.6,4.3,130,90.2,4.7,180,87.0,,,
Redcar and Cleveland,3.3,405,84.6,5.6,140,86.4,4.2,265,83.7,5.2,120,89.2,4.2,285,82.5,,,
Stockton-on-Tees,4.2,340,74.4,7.0,125,74.4,5.5,215,74.4,7.1,125,72.0,5.2,215,75.8,,,
Durham,3.6,390,81.7,6.8,125,80.7,4.3,265,82.1,6.5,135,79.8,4.3,255,82.6,,,
Darlington,4.2,345,71.8,7.5,105,72.3,5.3,240,71.5,9.6,85,72.0,4.3,260,71.6,,,
Barnsley,5.7,310,81.9,10.8,110,81.4,6.0,200,82.2,12.2,65,82.7,4.6,245,81.3,,,
Doncaster,3.5,365,80.9,6.0,150,77.2,4.4,220,83.1,5.8,185,75.1,4.4,180,85.1,,,
Rotherham,3.4,380,81.8,6.4,145,76.5,4.1,235,85.0,5.9,165,75.9,4.1,215,86.2,,,
Sheffield,3.7,515,77.8,6.4,175,85.2,4.5,340,75.7,5.8,280,80.5,4.8,235,76.3,,,
Bradford,3.0,690,70.5,4.8,280,70.7,4.0,410,70.4,4.7,305,69.6,3.8,385,71.4,,,
Calderdale,3.9,305,82.4,6.4,135,82.7,5.2,170,82.1,5.4,120,89.9,5.2,185,78.5,,,
Kirklees,2.6,690,84.3,4.8,255,82.1,3.2,435,85.5,6.5,190,73.5,2.8,500,87.7,,,
Leeds,3.6,465,82.6,5.8,190,80.8,4.6,275,83.9,5.2,145,89.0,4.8,320,79.1,,,
Wakefield,4.0,395,76.4,6.6,145,75.8,5.1,250,76.8,6.9,135,74.2,4.8,255,77.6,,,
East Riding of Yorkshire,4.1,245,84.7,6.9,90,83.9,5.2,155,85.1,6.9,80,88.3,5.1,160,83.0,,,
Kingston upon Hull,3.5,415,85.5,6.5,150,83.4,4.2,270,86.8,8.2,85,83.4,3.4,330,86.6,,,
North East Lincolnshire,4.1,255,83.6,7.2,105,81.4,5.2,150,85.0,8.2,95,76.1,4.5,160,88.2,,,
North Lincolnshire,2.8,420,87.4,4.9,165,86.9,3.8,250,87.8,5.6,140,83.3,3.1,275,89.9,,,
North Yorkshire,3.6,525,67.7,5.7,225,69.0,4.8,300,66.8,7.1,140,70.0,4.3,385,66.8,,,
York,3.6,395,83.5,5.8,140,84.7,4.7,255,82.8,7.4,75,91.0,4.1,320,81.0,,,
Bolton,2.8,780,76.9,4.7,275,78.0,3.8,505,76.2,4.9,250,73.0,2.8,530,80.9,,,
Bury,3.4,330,86.3,5.1,150,87.5,4.9,180,85.4,5.4,105,89.7,4.3,225,84.8,,,
Manchester,3.8,385,78.7,6.1,165,77.8,5.1,220,79.3,6.0,165,77.9,4.9,220,79.4,,,
Oldham,3.3,490,77.3,5.3,190,79.2,4.6,300,76.1,5.2,160,82.3,4.3,330,74.2,,,
Rochdale,4.5,325,67.4,8.1,115,69.2,5.6,210,66.4,7.2,135,71.6,5.9,190,64.5,,,
Salford,3.6,505,81.5,6.0,205,80.7,4.6,300,82.0,5.4,230,83.3,4.7,270,80.6,,,
Stockport,4.4,370,70.9,7.4,150,67.3,5.6,220,73.1,6.4,145,80.9,5.8,225,66.1,,,
Tameside,4.0,305,67.0,7.6,100,61.2,4.7,205,69.7,8.2,75,62.9,4.6,230,68.5,,,
Trafford,4.6,370,68.3,7.9,125,70.3,5.6,250,67.2,8.6,115,69.1,5.3,260,67.8,,,
Wigan,4.1,425,66.8,6.9,145,72.2,5.3,280,63.8,7.5,125,68.7,4.9,295,65.8,,,
Knowsley,2.9,560,79.6,5.2,215,77.5,4.1,300,80.7,4.9,205,80.6,3.6,360,78.9,,,
Liverpool,2.1,950,82.6,3.4,395,83.3,2.9,560,82.1,3.3,370,86.1,2.7,585,80.2,,,
Sefton,3.1,385,86.3,4.9,155,87.5,4.3,235,85.5,5.2,120,89.0,3.9,265,85.0,,,
St. Helens,4.6,410,57.5,8.1,140,55.5,5.7,270,58.6,9.4,95,54.5,5.2,315,58.7,,,
Wirral,4.0,310,85.8,4.9,195,87.0,7.2,115,83.5,7.9,110,81.9,4.6,200,87.6,,,
Halton,4.0,465,67.6,6.9,180,70.2,5.3,285,66.1,6.3,145,86.3,4.9,320,62.2,,,
Warrington,2.3,350,93.0,4.4,110,92.8,2.8,240,93.2,4.1,110,93.3,2.8,245,93.0,,,
Lancashire,3.7,470,71.8,6.3,175,69.1,4.6,295,73.5,5.9,195,71.5,4.7,275,72.0,,,
Blackburn with Darwen,2.1,390,89.2,4.6,115,89.3,2.7,275,89.1,5.0,95,87.3,2.1,295,90.0,,,
Blackpool,3.1,475,86.5,3.4,180,87.5,4.6,295,85.8,7.4,160,78.5,3.3,315,88.9,,,
Cheshire East,3.0,370,88.7,4.5,165,90.7,4.1,200,87.1,5.1,155,87.8,3.7,215,89.2,,,
Cheshire West and Chester,3.0,560,87.9,5.8,225,85.6,3.6,340,89.2,5.1,310,85.8,3.6,255,89.7,,,
Warwickshire,3.8,350,77.4,7.1,110,74.0,4.7,240,78.9,7.1,105,79.8,4.6,245,76.2,,,
Birmingham,2.5,465,90.2,3.9,170,92.3,3.3,295,89.0,4.9,140,87.6,2.9,325,91.5,,,
Coventry,3.7,390,78.7,6.4,140,79.0,4.7,255,78.6,5.3,130,87.5,4.9,260,74.4,,,
Dudley,3.4,675,76.4,5.4,290,78.1,4.5,385,75.3,5.6,270,76.9,4.2,405,76.2,,,
Sandwell,3.7,325,83.5,6.8,125,77.8,4.4,200,87.1,7.9,105,79.8,4.1,220,85.2,,,
Solihull,2.9,720,76.2,4.9,270,77.9,3.8,445,75.3,3.8,330,80.4,3.9,385,73.8,,,
Walsall,1.5,"1,010",88.2,3.0,375,87.7,2.0,635,88.4,2.7,340,89.7,1.9,670,87.5,,,
Wolverhampton,3.8,395,76.5,6.4,155,75.9,4.9,240,76.8,6.7,115,81.4,4.7,275,74.1,,,
Staffordshire,6.4,415,73.3,12.2,150,71.9,7.4,265,74.3,7.7,110,72.5,8.4,300,73.7,,,
Stoke-on-Trent,4.1,330,81.9,6.9,130,81.5,5.2,200,82.2,8.3,105,77.0,4.3,225,84.8,,,
Herefordshire,3.9,330,80.3,5.7,115,81.6,5.5,215,79.6,7.4,90,89.6,4.7,240,75.9,,,
Worcestershire,3.2,450,80.5,5.3,175,79.7,4.1,275,81.0,5.3,160,84.7,4.0,290,78.4,,,
Shropshire,4.5,340,63.8,6.8,130,70.0,6.1,210,59.9,6.2,155,65.9,6.4,185,62.4,,,
Telford and the Wrekin,4.1,325,74.4,7.2,115,74.3,5.2,215,74.5,6.6,145,69.7,5.2,180,77.6,,,
Lincolnshire,3.8,380,81.1,6.6,140,81.2,4.8,245,81.1,6.4,125,85.7,4.7,260,79.2,,,
Northamptonshire,3.4,510,83.3,4.9,195,87.6,4.6,315,80.8,4.9,195,84.9,4.5,315,82.4,,,
Derbyshire,4.4,430,66.5,7.4,160,67.7,5.6,275,65.8,7.5,130,73.9,5.4,300,63.8,,,
Derby,4.1,345,75.6,6.6,135,80.0,5.5,210,72.7,7.1,120,79.2,5.1,225,73.6,,,
Leicestershire,3.4,325,88.9,5.5,115,90.0,4.4,205,88.2,5.1,105,92.2,4.4,215,87.4,,,
Leicester,3.6,485,74.8,6.3,175,73.0,4.5,310,75.8,5.2,205,82.8,4.9,285,69.4,,,
Rutland,5.1,190,78.7,9.9,80,77.0,7.1,115,79.9,10.9,60,76.7,4.9,135,80.0,,,
Nottinghamshire,2.8,400,90.2,5.5,135,87.7,3.1,265,91.5,4.8,155,87.0,3.4,245,92.0,,,
Nottingham,3.4,430,81.9,5.8,160,80.2,4.3,270,83.0,6.4,125,81.4,4.0,305,82.2,,,
Hertfordshire,4.1,365,83.7,7.5,140,80.5,5.3,225,86.2,6.2,160,80.5,2.8,205,89.8,,,
Norfolk,3.8,360,81.4,6.8,135,79.1,4.6,225,82.8,4.8,150,89.3,5.4,210,76.7,,,
Oxfordshire,3.2,515,83.1,5.1,215,82.6,4.3,300,83.4,3.9,235,87.6,4.6,280,80.5,,,
Suffolk,3.0,750,79.4,4.9,305,78.6,3.8,445,79.9,3.7,340,83.0,3.9,410,78.0,,,
Luton,4.0,435,63.5,6.6,150,65.2,5.2,285,62.5,7.8,115,69.1,4.4,320,60.3,,,
Buckinghamshire,4.5,385,59.0,7.4,140,57.6,5.7,245,59.9,8.0,105,67.8,5.4,275,55.8,,,
Milton Keynes,2.9,385,88.9,4.4,170,90.9,4.2,215,87.4,4.6,165,87.6,3.8,215,89.7,,,
Bracknell Forest,2.2,650,82.0,4.1,275,81.2,3.2,375,82.6,3.9,285,78.8,2.3,365,85.0,,,
West Berkshire,3.1,445,84.1,5.3,170,85.5,4.2,275,83.3,5.6,165,80.8,3.6,275,86.4,,,
Reading,3.5,380,77.9,5.8,165,77.1,4.8,210,78.6,5.1,150,82.9,4.7,225,74.2,,,
Slough,..,..,..,..,..,..,..,..,..,..,..,..,..,..,..,,,
Windsor and Maidenhead,3.1,315,87.4,5.9,115,84.4,3.9,200,89.2,5.6,115,84.9,3.7,200,88.9,,,
Wokingham,2.7,360,88.8,4.0,170,90.9,4.1,190,87.1,4.2,190,87.2,3.3,170,90.4,,,
Essex,2.3,955,82.1,4.0,360,78.7,2.8,590,84.3,4.9,250,80.0,2.6,685,82.7,,,
Southend-on-Sea,3.9,380,75.6,6.8,145,72.1,5.0,240,77.7,6.9,105,79.2,4.7,275,74.4,,,
Thurrock,4.6,290,64.2,8.4,95,66.8,5.9,195,62.9,10.5,65,67.2,5.2,225,63.2,,,
Cambridgeshire,3.4,555,72.4,5.8,210,71.5,4.4,345,73.0,6.5,155,75.3,4.0,400,71.1,,,
Peterborough,3.8,505,72.0,6.5,190,75.4,4.9,315,70.2,5.7,240,81.6,5.1,265,66.6,,,
Bedford,4.0,310,79.8,6.9,130,78.9,5.1,180,80.4,6.4,130,77.6,5.2,180,81.2,,,
Central Bedfordshire,4.4,295,76.8,7.6,105,78.8,5.7,190,75.8,9.7,90,74.1,4.7,205,78.1,,,
Camden,3.8,420,74.7,6.2,185,72.8,5.4,225,75.8,6.5,180,64.7,4.3,240,84.5,,,
Greenwich,3.9,335,82.8,7.0,125,78.9,4.7,210,85.1,5.5,155,84.0,5.4,175,81.8,,,
Hackney,3.9,355,80.7,5.4,150,86.0,5.6,205,76.9,5.4,175,83.5,5.7,185,77.8,,,
Hammersmith and Fulham,5.0,275,64.7,7.9,95,77.0,6.6,175,58.3,8.4,90,71.3,6.3,180,60.9,,,
Islington,4.1,315,77.8,5.8,130,79.8,5.9,185,76.2,6.6,125,77.5,5.1,190,78.0,,,
Kensington and Chelsea,4.2,390,62.1,6.6,160,67.2,5.8,230,58.7,5.9,170,66.9,5.7,220,59.6,,,
Lambeth,4.3,440,60.5,7.0,185,61.3,5.7,260,59.8,6.9,195,61.3,5.4,245,59.7,,,
Lewisham,4.6,330,83.3,7.1,155,81.6,6.1,175,84.7,6.5,190,81.6,6.5,140,84.9,,,
Southwark,2.3,920,73.3,3.7,400,74.4,3.3,520,72.5,3.6,365,78.5,3.0,550,69.6,,,
Tower Hamlets,2.1,865,84.9,3.5,390,84.2,2.9,475,85.6,3.4,345,84.1,2.6,520,85.5,,,
Wandsworth,2.0,815,85.8,3.6,345,84.6,2.7,470,86.6,3.1,370,86.3,2.7,445,85.3,,,
Westminster,4.3,355,69.7,7.0,150,70.5,5.7,200,69.1,7.0,145,70.6,5.5,210,69.0,,,
City of London,..,..,..,..,..,..,..,..,..,..,..,..,..,..,..,,,
Barking and Dagenham,4.1,370,75.3,7.2,105,81.4,5.2,265,72.8,6.9,120,80.0,5.2,250,72.5,,,
Barnet,3.9,425,70.9,6.6,160,74.4,5.1,260,68.8,6.6,170,70.6,4.9,255,71.1,,,
Bexley,5.2,325,62.2,9.5,115,64.1,6.5,210,61.4,8.1,115,60.8,6.3,210,62.7,,,
Brent,6.1,215,66.6,9.4,85,73.9,8.8,110,65.3,9.0,75,73.5,7.9,140,63.4,,,
Bromley,2.5,655,87.5,4.7,225,86.8,3.2,430,87.9,3.6,230,89.8,3.2,430,86.7,,,
Croydon,4.3,440,59.7,7.3,170,59.7,5.5,275,59.8,8.0,135,65.1,4.9,310,56.3,,,
Ealing,4.3,355,73.0,6.8,140,71.6,5.7,210,74.0,6.9,120,77.0,5.5,235,71.0,,,
Enfield,3.0,735,84.0,4.6,355,85.7,4.2,380,82.9,4.2,455,85.2,4.2,280,83.2,,,
Haringey,3.7,340,83.4,6.2,135,81.9,4.7,205,84.4,5.5,150,83.8,4.9,190,83.1,,,
Harrow,5.1,310,57.9,9.6,90,54.8,6.2,215,59.3,10.4,85,57.6,5.8,225,58.0,,,
Havering,4.1,345,78.4,7.1,125,78.0,5.3,215,78.6,7.5,100,82.6,5.0,240,76.6,,,
Hillingdon,4.6,265,83.9,8.4,100,80.5,5.6,165,85.7,6.6,90,89.4,5.9,180,81.9,,,
Hounslow,3.1,670,69.5,5.2,280,66.9,4.2,390,71.5,5.2,275,66.2,3.7,390,72.3,,,
Kingston upon Thames,4.4,235,85.2,8.0,95,82.7,5.5,140,86.8,6.8,115,84.0,5.8,120,86.2,,,
Merton,4.5,330,60.4,7.2,125,66.3,6.0,205,56.7,6.6,150,64.4,6.2,180,56.9,,,
Newham,3.2,535,82.1,5.2,240,81.0,4.4,295,82.8,3.9,305,85.6,4.9,230,79.3,,,
Redbridge,3.6,460,77.9,6.0,175,77.1,4.6,280,78.4,6.9,130,78.0,4.2,330,77.9,,,
Richmond upon Thames,2.9,385,84.0,4.6,160,86.6,4.2,225,82.2,3.9,190,88.4,4.1,195,81.2,,,
Sutton,3.8,385,70.7,6.3,140,77.1,5.2,240,67.0,6.0,140,79.7,5.0,245,65.5,,,
Waltham Forest,4.4,345,70.1,7.0,140,72.6,5.9,205,68.5,6.2,175,73.9,6.3,170,66.6,,,
Isle of Wight,2.5,420,90.4,4.8,150,89.5,3.1,275,90.9,3.1,160,92.7,3.3,260,89.4,,,
Surrey,3.1,580,79.0,5.1,225,79.1,3.9,355,78.9,8.3,100,76.8,3.3,480,79.4,,,
West Sussex,2.7,465,89.3,3.8,200,91.7,3.9,265,87.6,4.2,185,91.0,3.6,280,88.3,,,
Dorset,3.8,415,62.6,6.3,180,64.3,5.3,235,61.2,5.1,170,67.2,5.3,245,59.1,,,
Bournemouth,4.2,345,72.1,6.8,135,73.2,5.7,210,71.3,8.0,95,72.9,4.9,245,71.6,,,
Poole,3.2,360,86.0,5.7,145,84.4,4.2,215,87.0,6.4,100,86.8,3.7,260,85.5,,,
Hampshire,1.4,"1,330",83.1,2.2,450,85.5,1.8,880,81.6,1.7,420,90.7,1.9,910,78.6,,,
Portsmouth,5.2,165,87.4,8.1,70,88.1,6.9,95,86.8,8.6,75,84.2,6.4,90,89.8,,,
Southampton,3.2,675,76.9,5.2,270,77.5,4.3,405,76.5,5.3,255,73.2,4.0,420,79.5,,,
East Sussex,4.4,400,66.0,7.8,135,64.6,5.4,265,66.8,8.6,110,70.7,5.1,290,64.0,,,
Brighton and Hove,3.5,380,82.4,5.9,145,81.6,4.6,235,83.0,6.0,135,83.3,4.4,245,81.9,,,
Wiltshire,3.6,365,83.8,6.0,140,82.9,4.5,225,84.4,6.8,115,81.7,3.9,250,85.1,,,
Swindon,4.1,355,77.9,7.3,125,76.3,5.1,230,78.8,6.9,145,74.0,4.8,210,81.2,,,
Kent,3.5,450,78.8,5.9,170,78.3,4.5,280,79.2,6.2,150,76.1,4.3,300,80.3,,,
Medway Towns,3.3,420,83.8,5.8,150,84.6,4.2,270,83.3,6.7,105,83.0,3.6,315,84.2,,,
Cornwall,3.0,370,89.2,5.6,135,87.4,3.7,235,90.2,5.1,120,90.2,3.8,250,88.7,,,
Gloucestershire,3.1,365,90.6,3.9,140,91.0,4.2,225,90.5,5.9,105,89.2,3.6,260,91.1,,,
Somerset,2.9,560,83.2,5.2,200,79.3,3.5,360,85.3,4.5,220,81.7,3.7,340,84.0,,,
Isles of Scilly,..,..,..,..,..,..,..,..,..,..,..,..,..,..,..,,,
Bath and North East Somerset,3.4,490,78.5,6.0,185,77.9,4.4,310,78.9,6.1,190,72.7,3.8,300,82.6,,,
Bristol,3.5,425,82.7,5.7,175,81.3,4.4,250,83.6,5.3,180,81.9,4.5,245,83.1,,,
North Somerset,3.1,315,87.5,5.5,110,89.1,3.9,205,86.6,5.1,115,87.2,3.9,200,87.6,,,
South Gloucestershire,3.5,385,78.7,6.1,155,77.1,4.6,235,79.7,5.0,160,84.5,4.9,225,74.7,,,
Devon,3.7,370,82.7,6.7,145,77.4,4.5,225,85.9,6.3,170,76.8,4.6,200,86.9,,,
Plymouth,3.7,345,81.7,6.4,130,79.5,4.7,210,83.1,7.0,120,78.0,4.2,225,83.8,,,
Torbay,4.2,390,65.3,7.0,150,67.5,5.5,235,63.8,6.4,170,67.6,5.7,220,63.4,,,
,,,,,,,,,,,,,,,,,,
ENGLAND,0.4,"65,275",78.1,0.7,"25,225",77.9,0.5,"39,965",78.2,0.6,"23,975",78.9,0.5,"41,285",77.6,,,
Number of councils the national total is based on,149,149,149,149,149,149,149,149,149,149,149,149,149,149,149,,,
,,,,,,,,,,,,,,,,,,
Shire Counties,0.8,"13,580",77.8,1.4,"5,110",76.7,1.0,"8,460",78.5,1.3,"4,585",79.4,1.0,"8,975",77.0,,,
Unitary Authorities,0.6,"20,650",80.9,0.9,"7,845",81.0,0.7,"12,805",80.8,1.0,"7,385",80.9,0.7,"13,265",80.9,,,
Metropolitan Districts,0.6,"17,110",78.2,1.1,"6,625",78.5,0.8,"10,445",78.1,1.1,"6,170",78.5,0.8,"10,940",78.1,,,
Inner London,1.2,"5,815",74.6,1.9,"2,465",75.8,1.6,"3,335",73.6,1.9,"2,510",75.3,1.5,"3,305",73.9,,,
Outer London,1.0,"8,120",73.5,1.6,"3,175",74.5,1.3,"4,920",73.1,1.6,"3,320",76.0,1.2,"4,800",72.0,,,
,,,,,,,,,,,,,,,,,,
North East,1.1,"4,700",80.1,1.9,"1,740",79.5,1.4,"2,960",80.4,2.0,"1,605",79.8,1.4,"3,100",80.2,,,
North West,1.0,"10,490",76.3,1.6,"4,055",76.7,1.3,"6,390",76.1,1.7,"3,705",76.9,1.2,"6,780",76.0,,,
Yorkshire and the Humber,1.0,"6,370",79.4,1.7,"2,450",78.6,1.2,"3,915",79.9,1.8,"2,220",78.5,1.2,"4,150",79.9,,,
East Midlands,1.4,"3,505",79.9,2.4,"1,290",80.3,1.8,"2,210",79.6,2.2,"1,220",83.4,1.8,"2,285",78.2,,,
West Midlands,1.6,"6,520",78.3,3.0,"2,450",78.4,1.8,"4,070",78.3,2.0,"2,305",78.9,2.1,"4,215",78.0,,,
South West,1.1,"5,855",82.5,1.8,"2,255",80.4,1.3,"3,605",83.8,1.9,"2,180",80.2,1.3,"3,675",83.8,,,
Eastern,1.3,"5,195",77.9,2.2,"1,955",76.5,1.6,"3,235",78.8,2.1,"1,795",80.9,1.6,"3,380",76.4,,,
London,0.8,"13,935",73.9,1.2,"5,645",75.0,1.0,"8,255",73.3,1.2,"5,830",75.7,1.0,"8,100",72.7,,,
South East,1.1,"8,710",78.2,1.8,"3,385",78.6,1.5,"5,325",77.9,2.0,"3,110",80.3,1.4,"5,600",77.1,,,
,,,,,,,,,,,,,,,,,,
,,,,,,,,,,,,,,,,,,
Notes:,,,,,,,,,,,,,,,,,,
..  represents data that are unavailable.,,,,,,,,,,,,,,,,,,
"-   means constituent values less than 6 are suppressed, where elements of an indicator are suppressed the indicator itself is also suppressed. The exception is for Measure 2C where values of less than 0.5 have been supressed. This is because the numerator is based on an average of the 12 monthly figures.",,,,,,,,,,,,,,,,,,
1. Caution should be taken when comparing data historically please refer to the notes in the cover sheet.,,,,,,,,,,,,,,,,,,
"2. Numerator and denominator values used to calculate the indicator are rounded to the nearest 5. The exception is for Measure 2C, which is based on average values.",,,,,,,,,,,,,,,,,,
"3. 1A, 1B, 1D, 3A, 3B, 3C, 3D, 4A and 4B are based on survey data. The base for 1A, 1B, 3A, 3D, 4A and 4B (i.e. the number of responses on which the outcome is based) should be taken into account when assessing the reliability of the outcome values. Outcomes based on a small base should be treated with caution.",,,,,,,,,,,,,,,,,,
"4. 1A, 1B, 3A, 3D, 4A and 4B have been weighted to reflect that a stratified sample was taken and to account for non-response bias. For 1D, 3B and 3C only the national, regional and council type figures have been weighted as stratified sampling was not used. These totals have been weighted to account for differeing response rates in councils.",,,,,,,,,,,,,,,,,,
,,,,,,,,,,,,,,,,,,
,,,,,,,,,,,,,,,,,,
,,,,,,,,,,,,,,,,,,
,,,,,,,,,,,,,,,,,,
,,,,,,,,,,,,,,,,,,
,,,,,,,,,,,,,,,,,,
,,,,,,,,,,,,,,,,,,
,,,,,,,,,,,,,,,,,,
,,,,,,,,,,,,,,,,,,
,,,,,,,,,,,,,,,,,,
,,,,,,,,,,,,,,,,,,
,,,,,,,,,,,,,,,,,,
,,,,,,,,,,,,,,,,,,
,,,,,,,,,,,,,,,,,,
,,,,,,,,,,,,,,,,,,
,,,,,,,,,,,,,,,,,,
,,,,,,,,,,,,,,,,,,
,,,,,,,,,,,,,,,,,,
,,,,,,,,,,,,,,,,,,
,,,,,,,,,,,,,,,,,,
,,,,,,,,,,,,,,,,,,
,,,,,,,,,,,,,,,,,,
,,,,,,,,,,,,,,,,,,
,,,,,,,,,,,,,,,,,,
,,,,,,,,,,,,,,,,,,
,,,,,,,,,,,,,,,,,,
,,,,,,,,,,,,,,,,,,
,,,,,,,,,,,,,,,,,,
,,,,,,,,,,,,,,,,,,
,,,,,,,,,,,,,,,,,,
,,,,,,,,,,,,,,,,,,
,,,,,,,,,,,,,,,,,,
,,,,,,,,,,,,,,,,,,
,,,,,,,,,,,,,,,,,,
,,,,,,,,,,,,,,,,,,
,,,,,,,,,,,,,,,,,,
,,,,,,,,,,,,,,,,,,
,,,,,,,,,,,,,,,,,,
,,,,,,,,,,,,,,,,,,
,,,,,,,,,,,,,,,,,,
,,,,,,,,,,,,,,,,,,
,,,,,,,,,,,,,,,,,,
,,,,,,,,,,,,,,,,,,
,,,,,,,,,,,,,,,,,,
,,,,,,,,,,,,,,,,,,
,,,,,,,,,,,,,,,,,,
,,,,,,,,,,,,,,,,,,
,,,,,,,,,,,,,,,,,,
,,,,,,,,,,,,,,,,,,
,,,,,,,,,,,,,,,,,,
,,,,,,,,,,,,,,,,,,
,,,,,,,,,,,,,,,,,,
,,,,,,,,,,,,,,,,,,
,,,,,,,,,,,,,,,,,,
,,,,,,,,,,,,,,,,,,
,,,,,,,,,,,,,,,,,,
,,,,,,,,,,,,,,,,,,
,,,,,,,,,,,,,,,,,,
,,,,,,,,,,,,,,,,,,
,,,,,,,,,,,,,,,,,,
,,,,,,,,,,,,,,,,,,
,,,,,,,,,,,,,,,,,,
,,,,,,,,,,,,,,,,,,
,,,,,,,,,,,,,,,,,,
,,,,,,,,,,,,,,,,,,
,,,,,,,,,,,,,,,,,,
,,,,,,,,,,,,,,,,,,
,,,,,,,,,,,,,,,,,,
,,,,,,,,,,,,,,,,,,
,,,,,,,,,,,,,,,,,,
,,,,,,,,,,,,,,,,,,
,,,,,,,,,,,,,,,,,,
,,,,,,,,,,,,,,,,,,
,,,,,,,,,,,,,,,,,,
,,,,,,,,,,,,,,,,,,
,,,,,,,,,,,,,,,,,,
,,,,,,,,,,,,,,,,,,
,,,,,,,,,,,,,,,,,,
,,,,,,,,,,,,,,,,,,
,,,,,,,,,,,,,,,,,,
,,,,,,,,,,,,,,,,,,
,,,,,,,,,,,,,,,,,,
,,,,,,,,,,,,,,,,,,
,,,,,,,,,,,,,,,,,,
,,,,,,,,,,,,,,,,,,
,,,,,,,,,,,,,,,,,,
,,,,,,,,,,,,,,,,,,
,,,,,,,,,,,,,,,,,,
,,,,,,,,,,,,,,,,,,
,,,,,,,,,,,,,,,,,,
,,,,,,,,,,,,,,,,,,
,,,,,,,,,,,,,,,,,,
,,,,,,,,,,,,,,,,,,
,,,,,,,,,,,,,,,,,,
,,,,,,,,,,,,,,,,,,
,,,,,,,,,,,,,,,,,,
,,,,,,,,,,,,,,,,,,
,,,,,,,,,,,,,,,,,,
,,,,,,,,,,,,,,,,,,
,,,,,,,,,,,,,,,,,,
,,,,,,,,,,,,,,,,,,
,,,,,,,,,,,,,,,,,,
,,,,,,,,,,,,,,,,,,
,,,,,,,,,,,,,,,,,,
,,,,,,,,,,,,,,,,,,
,,,,,,,,,,,,,,,,,,
,,,,,,,,,,,,,,,,,,
,,,,,,,,,,,,,,,,,,
,,,,,,,,,,,,,,,,,,
,,,,,,,,,,,,,,,,,,
,,,,,,,,,,,,,,,,,,
,,,,,,,,,,,,,,,,,,
,,,,,,,,,,,,,,,,,,
,,,,,,,,,,,,,,,,,,
,,,,,,,,,,,,,,,,,,
,,,,,,,,,,,,,,,,,,
,,,,,,,,,,,,,,,,,,
,,,,,,,,,,,,,,,,,,
,,,,,,,,,,,,,,,,,,
,,,,,,,,,,,,,,,,,,
,,,,,,,,,,,,,,,,,,
,,,,,,,,,,,,,,,,,,
,,,,,,,,,,,,,,,,,,
,,,,,,,,,,,,,,,,,,
,,,,,,,,,,,,,,,,,,
,,,,,,,,,,,,,,,,,,
,,,,,,,,,,,,,,,,,,
,,,,,,,,,,,,,,,,,,
,,,,,,,,,,,,,,,,,,
,,,,,,,,,,,,,,,,,,
,,,,,,,,,,,,,,,,,,
,,,,,,,,,,,,,,,,,,
,,,,,,,,,,,,,,,,,,
,,,,,,,,,,,,,,,,,,
,,,,,,,,,,,,,,,,,,
,,,,,,,,,,,,,,,,,,
,,,,,,,,,,,,,,,,,,
,,,,,,,,,,,,,,,,,,
,,,,,,,,,,,,,,,,,,
,,,,,,,,,,,,,,,,,,
,,,,,,,,,,,,,,,,,,
,,,,,,,,,,,,,,,,,,
,,,,,,,,,,,,,,,,,,
,,,,,,,,,,,,,,,,,,
,,,,,,,,,,,,,,,,,,
,,,,,,,,,,,,,,,,,,
,,,,,,,,,,,,,,,,,,
,,,,,,,,,,,,,,,,,,
,,,,,,,,,,,,,,,,,,
,,,,,,,,,,,,,,,,,,
,,,,,,,,,,,,,,,,,,
,,,,,,,,,,,,,,,,,,
,,,,,,,,,,,,,,,,,,
,,,,,,,,,,,,,,,,,,
,,,,,,,,,,,,,,,,,,
,,,,,,,,,,,,,,,,,,
,,,,,,,,,,,,,,,,,,
,,,,,,,,,,,,,,,,,,
,,,,,,,,,,,,,,,,,,
,,,,,,,,,,,,,,,,,,
,,,,,,,,,,,,,,,,,,
,,,,,,,,,,,,,,,,,,
,,,,,,,,,,,,,,,,,,
,,,,,,,,,,,,,,,,,,
,,,,,,,,,,,,,,,,,,
,,,,,,,,,,,,,,,,,,
,,,,,,,,,,,,,,,,,,
,,,,,,,,,,,,,,,,,,
,,,,,,,,,,,,,,,,,,
,,,,,,,,,,,,,,,,,,
,,,,,,,,,,,,,,,,,,
,,,,,,,,,,,,,,,,,,
,,,,,,,,,,,,,,,,,,
,,,,,,,,,,,,,,,,,,
,,,,,,,,,,,,,,,,,,
,,,,,,,,,,,,,,,,,,
,,,,,,,,,,,,,,,,,,
,,,,,,,,,,,,,,,,,,
,,,,,,,,,,,,,,,,,,
,,,,,,,,,,,,,,,,,,
,,,,,,,,,,,,,,,,,,
,,,,,,,,,,,,,,,,,,
,,,,,,,,,,,,,,,,,,
,,,,,,,,,,,,,,,,,,
,,,,,,,,,,,,,,,,,,
,,,,,,,,,,,,,,,,,,
,,,,,,,,,,,,,,,,,,
,,,,,,,,,,,,,,,,,,
,,,,,,,,,,,,,,,,,,
,,,,,,,,,,,,,,,,,,
,,,,,,,,,,,,,,,,,,
,,,,,,,,,,,,,,,,,,
,,,,,,,,,,,,,,,,,,
,,,,,,,,,,,,,,,,,,
,,,,,,,,,,,,,,,,,,
,,,,,,,,,,,,,,,,,,
,,,,,,,,,,,,,,,,,,
,,,,,,,,,,,,,,,,,,
,,,,,,,,,,,,,,,,,,
,,,,,,,,,,,,,,,,,,
