ASCOF Outcomes 2012-13,Proportion of adults with learning disabilities in paid employment,,,Proportion of adults with learning disabilities in paid employment,,,Proportion of adults with learning disabilities in paid employment,,
,TOTAL,,,MALE,,,FEMALE,,
,1E,1E,1E,1E,1E,1E,1E,1E,1E
,Numerator,Denominator,Outcome,Numerator,Denominator,Outcome,Numerator,Denominator,Outcome
,,,,,,,,,
,All clients within the denominator who are in paid employment,Number of working-age learning disabled clients known to CASSRs in the year to 31 March (aged 18 to 64),Working age learning disabled clients known to CASSRs in paid employment as a percentage of working-age learning disabled clients known to CASSRs in the year to 31 March (aged 18 to 64),All male clients within the denominator who are in paid employment,Number of working-age male learning disabled clients known to CASSRs in the year to 31 March (aged 18 to 64),Working age male learning disabled clients known to CASSRs in paid employment as a percentage of working-age male learning disabled clients known to CASSRs in the year to 31 March (aged 18 to 64),All female clients within the denominator who are in paid employment,Number of working-age female learning disabled clients known to CASSRs in the year to 31 March (aged 18 to 64),Working age female learning disabled clients known to CASSRs in paid employment as a percentage of working-age female learning disabled clients known to CASSRs in the year to 31 March (aged 18 to 64)
,ASC-CAR - Table L1 sum of rows 1 - 5 col 9,ASC-CAR - Table L1 row 9 col 9,,ASC-CAR - Table L1 sum of rows 1 - 5 col 7,ASC-CAR - Table L1 row 9 col 7,,ASC-CAR - Table L1 sum of rows 1 - 5 col 8,ASC-CAR - Table L1 row 9 col 8,
,,,,,,,,,
Cumbria,75,"1,330",5.5,45,780,6.0,25,550,4.7
Northumberland,45,"1,270",3.6,30,730,3.8,20,540,3.3
Gateshead,30,535,5.8,20,325,6.5,10,210,4.7
Newcastle upon Tyne,65,890,7.1,40,510,8.1,20,385,5.7
North Tyneside,55,560,9.8,40,305,13.7,15,255,5.1
South Tyneside,-,495,-,-,-,-,-,-,-
Sunderland,60,800,7.2,40,450,8.5,20,355,5.7
Hartlepool,55,385,13.8,40,220,18.6,10,165,7.4
Middlesbrough,35,760,4.9,25,435,5.3,15,325,4.3
Redcar and Cleveland,35,465,7.5,20,270,7.0,15,195,8.2
Stockton-on-Tees,20,605,3.3,10,325,2.5,10,280,4.3
Durham,60,"1,730",3.6,30,"1,020",3.1,30,710,4.2
Darlington,30,390,7.2,10,220,5.5,15,170,9.5
Barnsley,15,615,2.4,-,-,-,-,-,-
Doncaster,60,815,7.1,45,450,10.0,15,365,3.6
Rotherham,45,730,5.9,30,435,7.4,10,295,3.7
Sheffield,55,"1,590",3.4,35,925,3.9,20,665,2.7
Bradford,120,"1,710",7.0,70,900,7.6,50,810,6.3
Calderdale,55,680,7.9,40,405,9.4,15,280,5.8
Kirklees,130,"1,190",10.9,90,705,12.9,40,485,8.0
Leeds,125,"1,790",7.1,70,"1,035",6.8,55,755,7.6
Wakefield,50,"1,095",4.7,30,610,5.1,20,485,4.1
East Riding of Yorkshire,55,820,6.4,35,470,7.2,20,355,5.4
Kingston upon Hull,-,660,-,-,-,-,-,-,-
North East Lincolnshire,60,380,15.7,35,220,15.8,25,160,15.6
North Lincolnshire,25,355,6.4,15,210,7.7,5,150,4.7
North Yorkshire,125,"1,710",7.2,70,995,6.8,55,715,7.7
York,45,510,8.7,30,305,9.5,15,205,7.4
Bolton,5,660,1.1,-,-,-,-,-,-
Bury,40,500,7.8,30,300,9.3,10,195,5.6
Manchester,25,"1,390",1.7,15,845,2.0,5,545,1.3
Oldham,35,595,5.7,25,380,6.3,10,215,4.7
Rochdale,25,695,3.4,15,405,4.2,5,290,2.4
Salford,40,660,5.9,25,385,7.0,10,275,4.4
Stockport,90,725,12.3,65,435,15.1,25,285,8.0
Tameside,45,795,5.4,30,505,5.9,15,290,4.5
Trafford,65,560,11.3,30,315,10.2,30,245,12.8
Wigan,40,750,5.5,25,435,5.8,15,315,5.1
Knowsley,20,695,3.0,15,385,3.9,5,305,2.0
Liverpool,115,"1,455",7.8,85,855,9.8,30,600,4.8
Sefton,15,795,2.1,10,485,2.3,5,310,1.9
St. Helens,35,670,5.2,25,365,6.3,10,310,3.9
Wirral,70,965,7.3,45,580,8.1,25,385,6.3
Halton,30,415,6.7,15,230,6.5,15,185,7.0
Warrington,35,450,7.5,25,255,9.1,10,195,5.6
Lancashire,145,"3,070",4.7,95,"1,830",5.3,45,"1,245",3.7
Blackburn with Darwen,10,395,2.3,-,-,-,-,-,-
Blackpool,10,435,1.8,-,-,-,-,-,-
Cheshire East,90,995,9.1,55,585,9.8,35,410,8.0
Cheshire West and Chester,50,920,5.6,30,520,5.6,25,405,5.7
Warwickshire,65,"1,115",5.8,35,635,5.5,30,480,6.0
Birmingham,140,"2,960",4.8,100,"1,740",5.8,40,"1,220",3.4
Coventry,40,800,5.0,25,475,5.5,15,330,4.3
Dudley,50,705,6.8,25,425,6.3,20,280,7.5
Sandwell,-,695,-,-,-,-,-,-,-
Solihull,40,600,6.5,25,355,7.1,15,250,5.6
Walsall,70,665,10.4,45,375,12.3,25,290,7.9
Wolverhampton,10,605,1.5,-,-,-,-,-,-
Staffordshire,85,"2,035",4.2,65,"1,200",5.6,20,835,2.3
Stoke-on-Trent,40,735,5.7,25,420,6.5,15,320,4.7
Herefordshire,40,545,7.3,25,310,8.3,15,235,6.0
Worcestershire,90,"1,330",6.9,55,765,7.0,40,565,6.7
Shropshire,95,765,12.3,60,450,13.3,35,315,10.8
Telford and the Wrekin,15,425,4.0,10,250,4.4,5,175,3.5
Lincolnshire,115,"1,765",6.6,70,985,7.2,45,780,5.8
Northamptonshire,25,"1,745",1.4,20,"1,000",1.8,5,745,0.9
Derbyshire,95,"1,625",5.9,55,940,5.9,40,685,5.8
Derby,45,740,5.8,25,430,6.1,15,310,5.5
Leicestershire,20,"1,150",1.6,10,680,1.8,5,475,1.5
Leicester,105,"1,170",8.8,70,690,9.9,35,485,7.2
Rutland,15,65,23.1,-,-,-,-,-,-
Nottinghamshire,160,"2,415",6.7,120,"1,450",8.4,40,970,4.2
Nottingham,15,870,1.8,10,515,1.9,5,355,1.7
Hertfordshire,115,"3,185",3.6,75,"1,835",4.0,40,"1,350",3.0
Norfolk,165,"2,380",6.9,100,"1,340",7.5,65,"1,045",6.0
Oxfordshire,135,"1,415",9.5,85,810,10.5,50,605,8.1
Suffolk,100,"1,640",6.0,60,950,6.5,35,695,5.2
Luton,90,605,14.7,65,375,17.8,20,230,9.6
Buckinghamshire,165,"1,155",14.5,90,625,14.2,80,525,14.8
Milton Keynes,75,600,12.4,45,315,14.4,30,285,10.1
Bracknell Forest,50,300,16.9,30,200,15.5,20,100,19.6
West Berkshire,20,410,4.6,10,235,4.7,10,175,4.5
Reading,40,460,8.5,25,255,10.5,10,205,5.9
Slough,15,250,6.0,-,-,-,-,-,-
Windsor and Maidenhead,45,315,15.0,30,160,19.8,15,150,9.9
Wokingham,60,465,12.9,40,290,13.0,20,175,12.6
Essex,320,"3,805",8.5,195,"2,215",8.8,130,"1,590",8.1
Southend-on-Sea,50,515,9.9,30,280,11.0,20,235,8.6
Thurrock,20,330,5.8,-,-,-,-,-,-
Cambridgeshire,80,"1,600",4.9,50,915,5.6,30,690,4.1
Peterborough,50,685,7.2,30,355,8.4,20,325,5.8
Bedford,25,530,4.9,15,310,4.8,10,220,5.0
Central Bedfordshire,25,565,4.6,20,335,5.7,5,230,3.0
Camden,25,375,6.2,10,215,5.1,10,160,7.5
Greenwich,35,520,6.5,20,295,7.4,10,225,5.4
Hackney,30,525,5.7,20,320,5.6,10,205,5.9
Hammersmith and Fulham,20,390,4.6,-,-,-,-,-,-
Islington,40,455,9.2,30,255,11.0,15,200,7.0
Kensington and Chelsea,30,270,10.7,20,155,13.4,10,115,7.1
Lambeth,35,625,5.3,15,335,4.2,20,295,6.5
Lewisham,80,750,10.6,50,425,11.2,30,320,9.7
Southwark,35,620,5.6,25,390,5.9,10,230,5.2
Tower Hamlets,55,685,7.9,45,400,10.8,10,285,3.8
Wandsworth,60,725,8.5,30,420,7.6,30,305,9.8
Westminster,30,490,6.3,15,265,6.0,15,225,6.7
City of London,-,15,-,-,-,-,-,-,-
Barking and Dagenham,25,480,5.4,20,270,7.5,5,210,2.9
Barnet,75,755,9.8,45,430,11.0,25,330,8.2
Bexley,85,510,17.1,45,300,14.9,40,205,20.4
Brent,10,405,2.9,-,-,-,-,-,-
Bromley,175,"1,100",16.1,120,675,17.6,60,425,13.7
Croydon,45,900,5.0,30,525,5.7,15,375,4.0
Ealing,95,860,11.1,60,525,11.8,35,335,9.9
Enfield,140,870,16.2,90,540,16.9,50,335,15.0
Haringey,40,635,6.3,30,380,7.9,10,255,3.9
Harrow,85,445,18.8,45,245,17.6,40,205,20.2
Havering,40,535,7.5,25,315,8.0,15,225,6.7
Hillingdon,15,660,2.4,10,405,2.0,10,255,3.1
Hounslow,55,630,8.9,35,370,9.7,20,260,7.8
Kingston upon Thames,55,405,14.0,40,240,16.8,15,170,10.1
Merton,55,515,10.3,45,315,13.7,10,200,5.0
Newham,20,670,3.0,-,-,-,-,-,-
Redbridge,90,640,14.0,35,320,10.6,55,320,17.4
Richmond upon Thames,50,365,14.2,30,220,13.3,25,145,15.6
Sutton,20,515,4.1,15,300,5.0,5,215,2.8
Waltham Forest,65,585,11.3,45,340,12.6,25,240,9.5
Isle of Wight,40,550,7.1,-,-,-,-,-,-
Surrey,365,"3,250",11.2,235,"1,940",12.1,130,"1,310",9.9
West Sussex,210,"1,795",11.7,135,"1,035",13.2,75,760,9.7
Dorset,30,"1,090",2.9,25,615,3.9,10,475,1.7
Bournemouth,55,535,10.2,30,310,10.0,25,225,10.6
Poole,40,465,8.8,20,265,7.5,20,200,10.4
Hampshire,305,"3,070",10.0,190,"1,775",10.7,115,"1,295",9.0
Portsmouth,45,500,9.2,35,290,11.3,15,210,6.3
Southampton,65,670,9.4,40,390,10.8,20,280,7.5
East Sussex,100,"1,310",7.6,65,745,8.8,35,565,6.0
Brighton and Hove,100,770,13.3,70,455,14.9,35,310,10.9
Wiltshire,170,"1,200",14.1,110,655,17.0,55,540,10.5
Swindon,20,555,3.6,15,305,4.2,5,245,2.8
Kent,220,"3,445",6.4,150,"2,020",7.4,70,"1,425",5.1
Medway Towns,15,625,2.1,-,-,-,-,-,-
Cornwall,10,"1,735",0.6,-,-,-,-,-,-
Gloucestershire,190,"1,570",12.1,110,880,12.4,80,690,11.6
Somerset,75,"1,565",4.7,55,890,6.1,20,675,3.0
Isles of Scilly,-,-,-,-,-,-,-,-,-
Bath and North East Somerset,35,455,7.7,20,265,7.5,15,190,7.9
Bristol,65,"1,030",6.2,45,615,7.3,20,415,4.6
North Somerset,55,445,12.1,35,260,13.0,20,185,10.9
South Gloucestershire,95,725,13.4,65,430,14.7,35,295,11.4
Devon,185,"2,150",8.6,115,"1,200",9.6,70,945,7.4
Plymouth,45,990,4.3,25,550,4.7,15,440,3.8
Torbay,20,390,4.9,10,200,5.0,10,190,4.8
,,,,,,,,,
ENGLAND,"9,845","140,015",7.0,"6,305","81,170",7.8,"3,540","58,845",6.0
Number of councils the national total is based on,152,152,152,152,152,152,152,152,152
,,,,,,,,,
Shire Counties,"3,760","53,720",7.0,"2,380","31,055",7.7,"1,380","22,670",6.1
Unitary Authorities,"2,490","34,930",7.1,"1,595","20,120",7.9,900,"14,810",6.1
Metropolitan Districts,"1,870","32,440",5.8,"1,250","18,935",6.6,620,"13,500",4.6
Inner London,470,"6,445",7.3,290,"3,710",7.8,180,"2,735",6.6
Outer London,"1,250","12,480",10.0,785,"7,350",10.7,465,"5,125",9.1
,,,,,,,,,
North East,490,"8,880",5.5,305,"5,100",6.0,185,"3,780",4.9
North West,"1,095","19,920",5.5,735,"11,755",6.2,365,"8,165",4.4
Yorkshire and the Humber,960,"14,650",6.5,605,"8,395",7.2,355,"6,255",5.7
East Midlands,595,"11,550",5.2,390,"6,725",5.8,205,"4,825",4.2
West Midlands,785,"13,985",5.6,515,"8,165",6.3,270,"5,820",4.6
South West,"1,085","14,900",7.3,680,"8,425",8.1,405,"6,475",6.3
Eastern,"1,035","15,845",6.5,660,"9,115",7.2,380,"6,730",5.6
London,"1,720","18,925",9.1,"1,075","11,060",9.7,645,"7,860",8.2
South East,"2,070","21,360",9.7,"1,335","12,425",10.8,735,"8,935",8.2
,,,,,,,,,
,,,,,,,,,
Notes:,,,,,,,,,
..  represents data that are unavailable.,,,,,,,,,
"-   means constituent values less than 6 are suppressed, where elements of an indicator are suppressed the indicator itself is also suppressed. The exception is for Measure 2C where values of less than 0.5 have been supressed. This is because the numerator is based on an average of the 12 monthly figures.",,,,,,,,,
1. Caution should be taken when comparing data historically please refer to the notes in the cover sheet.,,,,,,,,,
"2. Numerator and denominator values used to calculate the indicator are rounded to the nearest 5. The exception is for Measure 2C, which is based on average values.",,,,,,,,,
"3. 1A, 1B, 1D, 3A, 3B, 3C, 3D, 4A and 4B are based on survey data. The base for 1A, 1B, 3A, 3D, 4A and 4B (i.e. the number of responses on which the outcome is based) should be taken into account when assessing the reliability of the outcome values. Outcomes based on a small base should be treated with caution.",,,,,,,,,
"4. 1A, 1B, 3A, 3D, 4A and 4B have been weighted to reflect that a stratified sample was taken and to account for non-response bias. For 1D, 3B and 3C only the national, regional and council type figures have been weighted as stratified sampling was not used. These totals have been weighted to account for differeing response rates in councils.",,,,,,,,,
,,,,,,,,,
,,,,,,,,,
,,,,,,,,,
,,,,,,,,,
,,,,,,,,,
,,,,,,,,,
,,,,,,,,,
,,,,,,,,,
,,,,,,,,,
,,,,,,,,,
,,,,,,,,,
,,,,,,,,,
,,,,,,,,,
,,,,,,,,,
,,,,,,,,,
,,,,,,,,,
,,,,,,,,,
,,,,,,,,,
,,,,,,,,,
,,,,,,,,,
,,,,,,,,,
,,,,,,,,,
,,,,,,,,,
,,,,,,,,,
,,,,,,,,,
,,,,,,,,,
,,,,,,,,,
,,,,,,,,,
,,,,,,,,,
,,,,,,,,,
,,,,,,,,,
,,,,,,,,,
,,,,,,,,,
,,,,,,,,,
,,,,,,,,,
,,,,,,,,,
,,,,,,,,,
,,,,,,,,,
,,,,,,,,,
,,,,,,,,,
,,,,,,,,,
,,,,,,,,,
,,,,,,,,,
,,,,,,,,,
,,,,,,,,,
,,,,,,,,,
,,,,,,,,,
,,,,,,,,,
,,,,,,,,,
,,,,,,,,,
,,,,,,,,,
,,,,,,,,,
,,,,,,,,,
,,,,,,,,,
,,,,,,,,,
,,,,,,,,,
,,,,,,,,,
,,,,,,,,,
,,,,,,,,,
,,,,,,,,,
,,,,,,,,,
,,,,,,,,,
,,,,,,,,,
,,,,,,,,,
,,,,,,,,,
,,,,,,,,,
,,,,,,,,,
,,,,,,,,,
,,,,,,,,,
,,,,,,,,,
,,,,,,,,,
,,,,,,,,,
,,,,,,,,,
,,,,,,,,,
,,,,,,,,,
,,,,,,,,,
,,,,,,,,,
,,,,,,,,,
,,,,,,,,,
,,,,,,,,,
,,,,,,,,,
,,,,,,,,,
,,,,,,,,,
,,,,,,,,,
,,,,,,,,,
,,,,,,,,,
,,,,,,,,,
,,,,,,,,,
,,,,,,,,,
,,,,,,,,,
,,,,,,,,,
,,,,,,,,,
,,,,,,,,,
,,,,,,,,,
,,,,,,,,,
,,,,,,,,,
,,,,,,,,,
,,,,,,,,,
,,,,,,,,,
,,,,,,,,,
,,,,,,,,,
,,,,,,,,,
,,,,,,,,,
,,,,,,,,,
,,,,,,,,,
,,,,,,,,,
,,,,,,,,,
,,,,,,,,,
,,,,,,,,,
,,,,,,,,,
,,,,,,,,,
,,,,,,,,,
,,,,,,,,,
,,,,,,,,,
,,,,,,,,,
,,,,,,,,,
,,,,,,,,,
,,,,,,,,,
,,,,,,,,,
,,,,,,,,,
,,,,,,,,,
,,,,,,,,,
,,,,,,,,,
,,,,,,,,,
,,,,,,,,,
,,,,,,,,,
,,,,,,,,,
,,,,,,,,,
,,,,,,,,,
,,,,,,,,,
,,,,,,,,,
,,,,,,,,,
,,,,,,,,,
,,,,,,,,,
,,,,,,,,,
,,,,,,,,,
,,,,,,,,,
,,,,,,,,,
,,,,,,,,,
,,,,,,,,,
,,,,,,,,,
,,,,,,,,,
,,,,,,,,,
,,,,,,,,,
,,,,,,,,,
,,,,,,,,,
,,,,,,,,,
,,,,,,,,,
,,,,,,,,,
,,,,,,,,,
,,,,,,,,,
,,,,,,,,,
,,,,,,,,,
,,,,,,,,,
,,,,,,,,,
,,,,,,,,,
,,,,,,,,,
,,,,,,,,,
,,,,,,,,,
,,,,,,,,,
,,,,,,,,,
,,,,,,,,,
,,,,,,,,,
,,,,,,,,,
,,,,,,,,,
,,,,,,,,,
,,,,,,,,,
,,,,,,,,,
,,,,,,,,,
,,,,,,,,,
,,,,,,,,,
,,,,,,,,,
,,,,,,,,,
,,,,,,,,,
,,,,,,,,,
,,,,,,,,,
,,,,,,,,,
,,,,,,,,,
,,,,,,,,,
,,,,,,,,,
,,,,,,,,,
,,,,,,,,,
,,,,,,,,,
,,,,,,,,,
,,,,,,,,,
,,,,,,,,,
,,,,,,,,,
,,,,,,,,,
,,,,,,,,,
,,,,,,,,,
,,,,,,,,,
,,,,,,,,,
,,,,,,,,,
,,,,,,,,,
,,,,,,,,,
,,,,,,,,,
,,,,,,,,,
,,,,,,,,,
,,,,,,,,,
,,,,,,,,,
