,ASCOF Outcomes 2011-12,Social care-related quality of life,,,Proportion of people who use services who have control over their daily life,,,Proportion of people using social care who receive self-directed support,,,Proportion of people using social care who receive direct payments,,,Carer-reported quality of life,,,Proportion of adults with learning disabilities in paid employment,,,Proportion of adults in contact with secondary mental health services in paid employment,,,Proportion of adults with learning disabilities who live in their own home or with their family,,,"Proportion of adults in contact with secondary mental health services living independently, with or without support",,,"Permanent admissions of younger adults (aged 18 to 64) to residential and nursing care homes, per 100,000 population",,,"Permanent admissions of older people (aged 65 and over) to residential and nursing care homes, per 100,000 population",,,Proportion of older people (65 and over) who were still at home 91 days after discharge from hospital into reablement/rehabilitation services (effectiveness of the service),,,Proportion of older people (65 and over) who were still at home 91 days after discharge from hospital into reablement/rehabilitation services (offered the service),,,"Delayed transfers of care from hospital per 100,000 population",,,"Delayed transfers of care from hospital which are attributable to adult social care per 100,000 population",,,Overall satisfaction of people who use services with their care and support,,,Overall satisfaction of carers with social services,,,Proportion of carers who report that they have been included or consulted in discussion about the person they care for,,,Proportion of people who use services and carers who find it easy to find information about services,,,Proportion of people who use services who feel safe,,,Proportion of people who use services who say that those services have made them feel safe and secure,,,,"Permanent admissions of younger adults to residential and nursing care homes (adjusted), per 100,000 population",,,"Permanent admissions of older people to residential and nursing care homes (adjusted), per 100,000 population",,
,,Collected annually from Adult Social Care Survey (ASCS),,,Collected annually from Adult Social Care Survey (ASCS),,,"Collected annually from Referrals, Assessments and Packages of Care (RAP)",,,"Collected annually from Referrals, Assessments and Packages of Care (RAP)",,,"Collected biennially from the Carers Survey
(Carers survey will take place in 2012-13. Measure deferred for 2011-12)",,,Collected annually from Adult Social care Combined Activity Return (ASC-CAR),,,"Collected annually (from quarterly returns), from Mental Health Minimum Data Set v4 (MHMDS)",,,Collected annually from Adult Social Care Combined Activity Return (ASC-CAR),,,"Collected annually (from quarterly returns), from Mental Health Minimum Data Set v4 (MHMDS)",,,Collected annually from Adult Social care Combined Activity Return (ASC-CAR)and the Office of National Statistics (ONS),,,Collected annually from Adult Social care Combined Activity Return (ASC-CAR) and the Office of National Statistics (ONS),,,Collected annually from Adult Social care Combined Activity Return (ASC-CAR),,,Collected annually from Adult Social care Combined Activity Return (ASC-CAR) and Hospital Episode Statistics (HES),,,Collected annually from UNIFY2 (DH) and the Office of National Statistics (ONS),,,Collected annually from UNIFY2 (DH) and the Office of National Statistics (ONS),,,Collected annually from the Adult Social Care Survey (ASCS) and the Easy Read Adult Social Care questionnaire,,,"Collected biennially from the Carers Survey
(Carers survey will take place in 2012-13. Measure deferred for 2011-12.)",,,"Collected biennially from the Carers Survey
(Carers survey will take place in 2012-13. Measure deferred for 2011-12.)",,,Collected annually from the Adult Social Care Survey (ASCS) and biennially from the Carers Survey (data available 2012/13),,,Collected annually from the Adult Social Care Survey (ASCS),,,Collected annually from the Adult Social Care Survey (ASCS),,,,Collected annually from Adult Social care Combined Activity Return (ASC-CAR)and the Office of National Statistics (ONS),,,Collected annually from Adult Social care Combined Activity Return (ASC-CAR) and the Office of National Statistics (ONS),,
,,1A,1A,1A,1B,1B,1B,1C(1),1C(1),1C(1),1C(2),1C(2),1C(2),,1D,1D,1E,1E,1E,1F,1F,1F,1G,1G,1G,1H,1H,1H,2A(1),2A(1),2A(1),2A(2),2A(2),2A(2),2B(1),2B(1),2B(1),2B(2),2B(2),2B(2),2C(1),2C(1),2C(1),2C(2),2C(2),2C(2),3A,3A,3A,,3B,3B,,3C,3C,3D,3D,3D,4A,4A,4A,4B,4B,4B,,2A(1),2A(1),2A(1),2A(2),2A(2),2A(2)
,,Confidence Interval,Base,Outcome,Confidence Interval,Base,Outcome,Numerator,Denominator,Outcome,Numerator,Denominator,Outcome,,Base,Outcome,Numerator,Denominator,Outcome,Numerator,Denominator,Outcome,Numerator,Denominator,Outcome,Numerator,Denominator,Outcome,Numerator,Denominator,Outcome,Numerator,Denominator,Outcome,Numerator,Denominator,Outcome,Numerator,Denominator,Outcome,Numerator,Denominator,Outcome,Numerator,Denominator,Outcome,Confidence Interval,Base,Outcome,,Base,Outcome,,Base,Outcome,Confidence Interval,Base,Outcome,Confidence Interval,Base,Outcome,Confidence Interval,Base,Outcome,,Numerator,Denominator,Outcome,Numerator,Denominator,Outcome
,,,Number of respondents who answered all eight questions,Number of respondents who answered all eight questions divided by the sum of their scores,,Number of respondents that have answered question 3a,Proportion of respondents who felt they had control over their daily life,Number of clients and carers receiving self-directed support in the year to 31 March,Number of clients receiving community-based services and carers receiving carer specific services in the year to 31 March (aged 18 and over),Number of clients and carers receiving self-directed support in the year to 31 March as a percentage of clients receiving community-based services and carers receiving carer specific services (aged 18 and over),Number of users and carers receiving direct payments in the year to 31 March,Clients receiving community-based services and carers receiving carer specific services in the year to 31 March (aged 18 and over),Users and carers receiving direct payments in the year to 31 March as a percentage of clients receiving community-based services and carers receiving carer specific services (aged 18 and over),,Number of respondents who answered all seven questions,Sum of the scores for all respondents divided by number of respondents (for respondents who answered all seven questions),All clients within the denominator who are in paid employment,Number of working age learning disabled clients known to CASSRs in the year to 31 March (aged 18 to 64),Working age learning disabled clients known to CASSRs in paid employment as a percentage of  working age learning disabled clients known to CASSRs in the year to 31 March (aged 18 to 64),Number of working age adults who are receiving secondary mental health services and who are on the Care Programme Approach recorded as being employed (aged 18 to 69),Number of working age adults who are receiving secondary mental health services and who were on the Care Programme Approach at any point in the financial year (aged 18 to 69),Working age adults who are receiving secondary mental health services and who are on the Care Programme Approach recorded as being employed as a percentage of working age adults who are receiving secondary mental health services and who were on the Care Programme Approach (aged 18 to 69),All clients within the denominator who are living in their own home or with their family,Number of working-age learning disabled clients known to councils (aged 18 to 64),Working-age learning disabled clients who are living in their own home or with their family as a percentage of working-age learning disabled clients (aged 18 to 64),"Number of adults who are receiving secondary mental health services on the Care Programme Approach recorded as living independently , with or without support (aged 18 to 69)",Number of adults who are receiving secondary mental health services and who are on the Care Programme Approach at any point in the financial year (aged 18 to 69),"Adults who are receiving secondary mental health services on the Care Programme Approach recorded as living independently , with or without support as a percentage of adults who are receiving secondary mental health services and who are on the Care Programme Approach (aged 18 to 69)","Number of council-supported permanent admissions of younger adults to residential and nursing care, excluding transfers between residential and nursing care (aged 18 to 64)",Size of younger adult population in area  (aged 18 to 64),"Number of council-supported permanent admissions of younger adults to residential and nursing care divided by the size of the younger adult population in the area multiplied by 100,000  (aged 18 to 64)","Number of council-supported permanent admissions of older people to residential and nursing care, excluding transfers between residential and nursing care (aged 65 and over)",Size of the older people population in area  (aged 65 and over),"Number of council-supported permanent admissions of older people to residential and nursing care divided by the size of the older people  population in the area multiplied by 100,000 (aged 65 and over)",All older people (aged 65 and over) within the denominator who are at home or in extra care housing or an adult placement scheme setting 91 days after the date of their discharge from hospital,"Number of older people (aged 65 and over) discharged from hospital to their own home or to a residential or nursing care home or extra care housing for rehabilitation, with the clear intention that they will move on/back to their own home","Older people who are at home or in extra care housing or an adult placement scheme setting 91 days after the date of their discharge from hospital as a percentage of older people discharged from hospital to their own home or to a residential or nursing care home or extra care housing for rehabilitation, with the clear intention that they will move on/back to their own home (aged 65 and over)","Number of older people (aged 65 and over) discharged from hospital to their own home or to a residential or nursing care home or extra care housing for rehabilitation, with the clear intention that they will move on/back to their own home",Total number of people discharged alive from hospitals in England between 1 October 2011 and 31 December 2011 (aged 65 and over),"Older people discharged from hospital to their own home or to a residential or nursing care home or extra care housing for rehabilitation, with the clear intention that they will move on/back to their own home as a percentage of people discharged alive from hospitals in England between 1 October 2011 and 31 December 2011 (aged 65 and over)",Average number of delayed transfers of care on a particular day taken over the year (aged 18 and over) - this is the average of the 12 monthly snapshots collected in the monthly Situation Report (SitRep),Size of the adult population in area (aged 18 and over),"Average number of delayed transfers of care on a particular day taken over the year divided by the size of the adult population in the area (aged 18 and over) multiplied by 100,000",Average number of delayed transfers of care on a particular day taken over the year that are attributable to social care or jointly to social care and the NHS (aged 18 and over) - this is the average of the 12 monthly snapshots,Size of the adult population in area (aged 18 and over),"Average number of delayed transfers of care on a particular day taken over the year that are attributable to social care or jointly to social care and the NHS divided by the size of the adult population in the area (aged 18 and over) multiplied by 100,000",,Total number of respondents to ASCS q1 and Easy Read Adult Social Care questionnaire q1,"Total number of respondents to question 1 as a percentage of those respondents who answered 'I am extremely satisfied' or 'I am very satisfied' or 'I am very happy with the way staff help me, it's really good' ",,Number of respondents to the question excluding those who answered 'We haven't received any support or services from Social Services in the last 12 months',Respondents who answered 'I am extremely satisfied' or 'I am very satisfied'  as a percentage of all respondents to the question excluding those who answered 'We haven't received any support or services from Social Services in the last 12 months',,"Number of respondents to question 15 excluding those who answered 'There have been no discussions that I am aware of, in the last 12 months'","Respondents who answered 'I always felt involved or consulted' or ' I usually felt involved or consulted'  as a percentage of all respondents to question 15 excluding those who answered 'There have been no discussions that I am aware of, in the last 12 months'",,Number of respondents that have answered question 12,Number of respondents who answered 'Very easy to find and 'Fairly easy to find' as a percentage of all respondents to question 12,,Number of respondents that have answered question 7a,Respondents who answered 'I feel as safe as I want' as a percentage of all respondents to question 7a,,Number of respondents that have answered question 7b,Respondents who answered 'Yes' as a percentage of all respondents to question 7b,,"Number of council-supported permanent admissions of younger adults to residential and nursing care, excluding transfers between residential and nursing care (aged 18 to 64)",Size of younger adult population in area  (aged 18 to 64),"Number of council-supported permanent admissions of younger adults to residential and nursing care divided by the size of the younger adult population in the area multiplied by 100,000  (aged 18 to 64)","Number of council-supported permanent admissions of older people to residential and nursing care, excluding transfers between residential and nursing care (aged 65 and over)",Size of the older people population in area  (aged 65 and over),"Number of council-supported permanent admissions of older people to residential and nursing care divided by the size of the older people  population in the area multiplied by 100,000 (aged 65 and over)"
,,,ASCS - questions 3a to 9a and 11,"* Outcome is a
   weighted value",,ASCS - question 3a,"* Outcome is a
   weighted value",RAP - Table SD1 pg1 row 10 col 5 (18 and over) + Table SD3 row 6 col 5 (all ages),RAP - Table P2f pg1 row 11 col1 + pg3 row 11 col1 and Table C2 pg1 row 5 col1,,RAP - Table SD1 row 10 col 1 + col 2 + col 4 (18 and over) and Table SD3 row 6 col 1 + col 2 + col 4 (all ages),RAP - Table P2f pg1 row 11 col1 + pg3 row 11 col1 and Table C2 pg1 row 5 col1,,,Carer Survey - questions 7 to 12,,ASC-CAR - Table L1 sum of rows 1 - 5 col 9,ASC-CAR - Table L1 row 9 col 9,,MHMDSv4,MHMDSv4,,ASC-CAR - Table L2 rows 12 to 20 col 3,ASC-CAR - Table L2 row 22 col 3,,MHMDSv4,MHMDSv4,,ASC-CAR - Table S3 page 1 row 15 sum col 1 to 3,"ONS, mid year population estimates",,ASC-CAR - Table S3 page 1 row 16 sum col 1 - 3,"ONS, mid year population estimates",,ASC -CAR - Table l1 row 1 col 9,ASC -CAR - Table l1 row 2 col 9,,ASC -CAR - Table l1 row 2 col 9,HES,,Unify2,ONS mid year population estimates,,Unify2,ONS mid year population estimates,,,ASCS - question 1 + Easy Read Adult Social Care questionnaire - question 1,"* Outcome is a
   weighted value",,Carers Survey - question 4,,,Carers Survey - question 15,,,"ASCS - question 12
from 2012/13 this  will change to include the Carers Survey","* Outcome is a
   weighted value",,ASCS - question 7a,"* Outcome is a
   weighted value",,ASCS - question 7b,"* Outcome is a
   weighted value",,ASC-CAR - Table S3 page 1 row 15 sum col 1 to 3,"ONS, mid year population estimates",,ASC-CAR - Table S3 page 1 row 16 sum col 1 - 3,"ONS, mid year population estimates",
,,,,,,,,,,,,,,,,,,,,,,,,,,,,,,,,,,,,,,,,,,,,,,,,,,,,,,,,,,,,,,,,,,,,,,,
102,Cumbria,0.3,540,19.3,3.2,620,78.3,"7,710","17,670",43.6,"1,085","17,670",6.1,,.,.,70,"1,320",5.2,185,"2,015",9.2,"1,055","1,320",79.9,"1,300","2,015",64.6,60,"300,735",19.6,695,"103,565",669.1,330,375,87.5,375,"15,470",2.4,47,"404,300",11.5,19,"404,300",4.6,3.8,615,63.7,,.,.,,.,.,3.5,440,82.2,3.3,610,69.7,3.1,605,71.3,,..,"300,735",..,..,"103,565",..
104,Northumberland,0.3,490,19.3,3.7,520,76.4,"3,890","8,635",45,570,"8,635",6.6,,.,.,55,"1,250",4.2,145,"3,670",3.9,950,"1,250",76,"1,210","3,670",33,25,"191,105",12,450,"63,875",707.7,425,460,92.8,460,"11,215",4.1,12,"254,980",4.6,8,"254,980",3.3,4.1,525,66.9,,.,.,,.,.,4,405,80,4,525,66.3,3,495,87.6,,25,"191,105",12,450,"63,875",707.7
106,Gateshead,0.4,290,19,4.4,320,75.8,"2,385","5,460",43.7,435,"5,460",8,,.,.,30,450,6.5,65,"1,125",5.7,325,450,72.8,610,"1,125",54,60,"124,680",47.3,320,"35,410",903.7,260,300,86.8,300,"6,435",4.7,12,"160,090",7.3,7,"160,090",4.4,5.2,320,63,,.,.,,.,.,5.2,235,77.8,4.8,320,72,3.8,320,84.9,,20,"124,680",14.8,300,"35,410",848.7
107,Newcastle upon Tyne,0.4,380,19.4,3.6,410,79.7,"4,070","9,480",42.9,"1,500","9,480",15.8,,.,.,45,755,6,145,"3,540",4,665,755,87.9,910,"3,540",25.7,25,"186,205",12.9,355,"38,895",917.9,165,205,81.1,205,"7,635",2.7,24,"225,100",10.6,11,"225,100",4.8,4.4,400,68.6,,.,.,,.,.,4.5,290,80.3,4.1,405,71.7,4,400,70.2,,25,"186,205",12.5,355,"38,895",917.1
108,North Tyneside,0.4,310,19.2,4.6,340,73.3,"2,605","3,840",67.8,420,"3,840",10.9,,.,.,60,635,9.1,110,"2,195",5,520,635,82.2,705,"2,195",32,45,"125,290",36.7,305,"35,585",854.2,155,175,87.6,175,"6,665",2.7,6,"160,880",3.4,2,"160,880",1.3,5,350,63.3,,.,.,,.,.,5.3,255,75.1,4.4,345,70.6,3.6,340,78.7,,10,"125,290",6.9,300,"35,585",846.8
109,South Tyneside,0.4,295,19.2,4.3,350,77.1,"3,505","5,745",61,"1,030","5,745",18,,.,.,-,505,-,55,"1,065",5.3,415,505,82.1,450,"1,065",42,30,"91,620",30.6,335,"26,950","1,239.30",285,350,81.2,350,"5,435",6.5,6,"118,570",5.3,3,"118,570",2.2,4.7,345,70.5,,.,.,,.,.,5.1,245,79.1,4.3,350,69.6,4.2,345,69,,30,"91,620",30.6,335,"26,950","1,239.30"
110,Sunderland,0.3,360,19.2,4.1,385,77.3,"4,025","6,230",64.6,"1,040","6,230",16.7,,.,.,50,805,6.2,80,"1,700",4.6,650,805,80.6,845,"1,700",49.6,105,"173,420",61.1,380,"47,110",802.4,270,315,86.3,315,"8,975",3.5,29,"220,530",13.2,18,"220,530",8.1,4.5,380,71.2,,.,.,,.,.,4.6,270,80.7,4.3,380,70.8,3.5,370,85.5,,20,"173,420",12.7,355,"47,110",751.6
111,Hartlepool,0.4,285,19,4.5,340,74.1,"1,880","5,730",32.8,655,"5,730",11.4,,.,.,65,355,18.3,70,655,10.5,255,355,72.2,510,655,78,10,"56,040",17.8,140,"15,690",898.8,30,35,86.5,35,"2,510",1.5,4,"71,730",5,-,"71,730",-,4.7,340,70.7,,.,.,,.,.,5.1,235,79.4,4.8,340,62.8,5,310,54.4,,10,"56,040",17.8,140,"15,690",898.8
112,Middlesbrough,0.3,365,19.6,3.5,385,81.8,"1,735","7,500",23.1,495,"7,500",6.6,,.,.,50,740,6.5,60,"1,050",5.9,540,740,73,760,"1,050",72.2,20,"85,780",21,145,"20,835",691.1,60,70,81.7,70,"3,845",1.8,14,"106,615",13.4,-,"106,615",-,4.5,385,65.5,,.,.,,.,.,4,310,79.6,4.2,385,68.2,2.5,380,90.7,,20,"85,780",21,145,"20,835",691.1
113,Redcar and Cleveland,0.4,380,18.7,4.2,405,71.9,"1,520","6,435",23.6,845,"6,435",13.1,,.,.,35,460,7.8,95,815,11.4,330,460,71,635,815,77.5,15,"80,990",21,245,"26,425",923.4,25,30,90,30,"4,380",0.7,19,"107,415",18,2,"107,415",2.2,4.4,410,66.8,,.,.,,.,.,4.2,310,80.1,4.3,410,63.8,3.4,400,82.7,,15,"80,990",21,245,"26,425",923.4
114,Stockton-on-Tees,0.3,385,19.2,3.7,430,79.5,"1,280","6,905",18.5,515,"6,905",7.5,,.,.,15,560,2.5,150,"1,365",10.9,395,560,70.5,"1,025","1,365",75,20,"119,345",15.1,295,"30,200",976.8,70,85,78.2,85,"5,030",1.7,10,"149,545",6.9,1,"149,545",0.6,4.3,425,69.6,,.,.,,.,.,4.4,315,77.9,4.3,425,64,3.9,420,60.8,,20,"119,345",15.1,295,"30,200",976.8
116,Durham,0.3,370,19.4,3.7,415,81.4,"10,460","19,540",53.5,"1,685","19,540",8.6,,.,.,55,"1,635",3.2,375,"3,840",9.8,"1,375","1,635",84.3,"3,015","3,840",78.4,35,"319,860",10.9,825,"93,015",888,215,250,86,250,"15,445",1.6,20,"412,875",4.9,4,"412,875",1,4.5,420,62.4,,.,.,,.,.,4.4,305,81.3,4.3,415,67.5,3.6,400,81.4,,35,"319,860",10.9,825,"93,015",888
117,Darlington,0.5,195,19.4,5.4,220,77.3,"1,495","3,520",42.5,635,"3,520",18,,.,.,30,390,7.7,145,945,15.2,225,390,57.8,760,945,80.5,10,"64,090",18.7,180,"18,570",958.5,100,135,72.8,135,"2,800",4.9,18,"82,660",21.8,3,"82,660",3.8,6.3,220,62.5,,.,.,,.,.,6.1,160,81,5.8,220,68.5,5.3,220,67.7,,10,"64,090",18.7,180,"18,570",958.5
204,Barnsley,0.6,370,18.8,4.9,395,77.1,"3,610","7,735",46.7,655,"7,735",8.5,,.,.,10,600,2,50,"1,045",4.8,515,600,86,565,"1,045",53.8,30,"142,755",21,300,"40,335",746.3,180,210,86.1,210,"6,815",3.1,3,"183,085",1.7,-,"183,085",-,5.5,395,65.8,,.,.,,.,.,6.1,270,80.2,5.7,395,63.6,4.9,395,81.4,,30,"142,755",21,300,"40,335",746.3
205,Doncaster,0.4,400,18.7,3.9,440,76.5,"3,310","6,985",47.4,630,"6,985",9,,.,.,60,825,7.1,50,980,5.1,585,825,70.6,605,980,61.8,35,"185,800",17.8,475,"51,460",921.1,80,135,56.9,135,"8,220",1.7,28,"237,260",11.7,15,"237,260",6.4,4.7,435,60.5,,.,.,,.,.,4.4,335,77.5,4.1,440,62.3,3.4,440,78.6,,35,"185,800",17.8,475,"51,460",921.1
206,Rotherham,0.3,555,19.1,3.2,600,76.7,"5,725","7,420",77.1,760,"7,420",10.3,,.,.,35,715,4.8,55,"1,100",5,545,715,76.4,710,"1,100",64.6,40,"156,515",25.6,415,"45,130",917.3,120,140,85.5,140,"7,725",1.8,10,"201,645",4.8,2,"201,645",1.1,3.4,610,72.5,,.,.,,.,.,3.8,440,75.8,3.6,590,60.7,3.1,575,77.8,,40,"156,515",25.6,415,"45,130",917.3
207,Sheffield,0.3,410,18.6,3.8,470,76.2,"7,050","13,005",54.2,"2,560","13,005",19.7,,.,.,65,"1,335",5,115,"1,975",5.7,910,"1,335",68,640,"1,975",32.5,15,"352,380",4.3,380,"86,185",443.2,590,685,86.2,685,"12,350",5.5,15,"438,565",3.5,7,"438,565",1.5,4.5,470,60.5,,.,.,,.,.,5.1,330,69.5,4.3,460,65.1,3.6,455,73.8,,15,"352,380",4.3,380,"86,185",443.2
209,Bradford,0.4,430,18.5,4.2,440,72.6,"6,555","15,765",41.6,"1,195","15,765",7.6,,.,.,100,"1,640",6.1,180,"2,705",6.7,"1,350","1,640",82.4,"1,575","2,705",58.2,90,"316,770",28.4,485,"69,785",692.1,115,135,85.7,135,"11,545",1.2,9,"386,555",2.3,5,"386,555",1.2,4.6,445,57.7,,.,.,,.,.,5,320,68.9,4.2,440,64.9,4.1,430,66.6,,90,"316,770",28.4,485,"69,785",692.1
210,Calderdale,0.4,300,19.2,4.5,335,79.6,"3,500","4,320",81.1,895,"4,320",20.7,,.,.,55,640,8.7,210,"1,920",10.8,555,640,86.6,990,"1,920",51.5,15,"126,130",13.5,245,"32,725",745.6,75,95,79.2,95,"5,090",1.9,8,"158,855",5.1,6,"158,855",4,5.1,335,65.4,,.,.,,.,.,5.7,225,74.5,5,330,67.8,3.7,330,84.5,,15,"126,130",13.5,245,"32,725",745.6
211,Kirklees,0.3,505,18.3,3.5,580,73.3,"6,950","16,180",43,"1,660","16,180",10.3,,.,.,120,"1,125",10.7,435,"3,895",11.2,915,"1,125",81.1,"2,375","3,895",61,40,"261,365",15.3,440,"64,740",681.2,100,110,92.6,110,"9,250",1.2,18,"326,105",5.4,5,"326,105",1.6,3.9,575,60.7,,.,.,,.,.,4.4,420,68.8,3.8,575,53.9,3.6,565,59.4,,40,"261,365",15.3,440,"64,740",681.2
212,Leeds,0.4,365,18.4,4.4,380,73.5,"6,120","11,745",52.1,"2,080","11,745",17.7,,.,.,120,"1,680",7.1,545,"4,420",12.3,"1,410","1,680",83.7,"2,455","4,420",55.5,60,"485,590",12.4,760,"110,210",687.8,55,65,85.7,65,"16,585",0.4,71,"595,800",11.9,21,"595,800",3.5,4.9,375,63.4,,.,.,,.,.,5.4,295,67.4,4.6,375,62.7,3.7,365,84.3,,60,"485,590",12.4,760,"110,210",687.8
213,Wakefield,0.3,445,18.6,4,460,72.8,"2,430","8,145",29.8,"1,065","8,145",13.1,,.,.,50,"1,025",5,390,"3,550",11,735,"1,025",71.6,"1,830","3,550",51.6,25,"202,460",11.9,385,"55,565",694.7,155,220,71.4,220,"8,750",2.5,28,"258,025",11,5,"258,025",1.9,4.3,455,63.2,,.,.,,.,.,4.7,350,72.1,4.1,460,62.1,3.2,455,85,,25,"202,460",11.9,385,"55,565",694.7
214,East Riding of Yorkshire,0.4,245,19.4,4.8,260,79.8,"5,220","12,090",43.2,"2,240","12,090",18.5,,.,.,55,820,6.5,180,"1,145",15.6,515,820,62.8,845,"1,145",73.9,30,"198,420",14.1,540,"72,290",748.4,65,70,91.7,70,"10,750",0.7,21,"270,705",7.8,3,"270,705",1.1,5.6,260,68,,.,.,,.,.,5.8,190,78.9,5.2,260,70.6,3.5,255,89.6,,30,"198,420",14.1,540,"72,290",748.4
215,Kingston upon Hull,0.4,465,18.7,3.8,520,76.9,"5,050","8,050",62.8,"1,285","8,050",16,,.,.,-,640,-,50,"1,035",4.8,425,640,66.3,640,"1,035",61.6,30,"165,500",17.5,350,"35,905",972,70,90,79.8,90,"6,075",1.5,30,"201,405",14.7,5,"201,405",2.4,4.1,530,70.1,,.,.,,.,.,4.6,405,72.9,4.2,530,61.3,3.8,510,78.1,,30,"165,500",17.5,350,"35,905",972
216,North East Lincolnshire,0.6,225,18.3,5.7,270,75.1,"2,475","6,725",36.8,895,"6,725",13.3,,.,.,75,435,17.1,75,700,10.7,310,435,71.6,605,700,86.4,10,"96,875",8.3,140,"28,515",491,70,70,98.6,70,"3,755",1.9,9,"125,390",7.4,4,"125,390",3.5,6.2,270,52.1,,.,.,,.,.,6.6,205,74.4,5.5,250,63.4,5.3,245,80,,10,"96,875",8.3,140,"28,515",491
217,North Lincolnshire,0.3,410,19.5,3.2,470,82.3,"1,160","6,185",18.7,780,"6,185",12.6,,.,.,20,365,5.5,25,595,4.4,270,365,73.9,260,595,43.6,15,"101,730",14.7,200,"30,315",666.3,70,85,81.9,85,"4,695",1.8,3,"132,045",2,1,"132,045",0.4,3.8,465,71.2,,.,.,,.,.,3.8,350,82.8,3.8,465,68.9,3.6,450,74.1,,15,"101,730",14.7,200,"30,315",666.3
218,North Yorkshire,0.3,430,18.9,3.5,535,77.7,"10,910","22,585",48.3,"1,790","22,585",7.9,,.,.,140,"1,730",8.1,280,"2,605",10.8,"1,360","1,730",78.7,"1,230","2,605",47.3,30,"358,185",8.9,610,"124,320",489.9,475,510,92.6,510,"17,670",2.9,44,"482,505",9.1,9,"482,505",2,4.1,535,61.6,,.,.,,.,.,4.2,400,74,3.8,535,64.8,3.5,520,67,,30,"358,185",8.9,610,"124,320",489.9
219,York,0.4,335,19,4,395,78.2,"2,145","6,805",31.5,980,"6,805",14.4,,.,.,50,470,10.3,130,"1,115",11.5,340,470,73.1,600,"1,115",53.9,10,"128,150",7,205,"33,695",608.4,20,20,100,20,"5,185",0.4,28,"161,845",17.3,5,"161,845",3.2,4.7,385,64,,.,.,,.,.,4.5,285,81.4,4.6,395,63.7,3.7,370,82.9,,10,"128,150",7,205,"33,695",608.4
304,Bolton,0.4,385,18.3,4.2,420,71.6,"2,840","5,745",49.4,"1,470","5,745",25.5,,.,.,10,710,1.1,155,"1,665",9.3,580,710,81.6,"1,450","1,665",87.1,20,"169,835",11.2,345,"42,845",809.9,300,375,79.7,375,"5,450",6.9,19,"212,680",9.1,4,"212,680",2,4.6,425,58.4,,.,.,,.,.,4.7,335,72.4,4.4,420,62.3,3.9,420,75.6,,..,"169,835",..,..,"42,845",..
305,Bury,0.3,315,20.1,4.5,335,69.5,"1,490","6,245",23.9,490,"6,245",7.9,,.,.,35,470,7.7,30,"1,045",2.8,405,470,85.7,490,"1,045",47,30,"113,645",24.6,255,"29,805",852.1,245,285,86.7,285,"4,855",5.9,12,"143,450",8.1,4,"143,450",2.6,4.5,335,68.1,,.,.,,.,.,4.7,275,77.2,3.4,335,86.3,4.5,320,61.1,,30,"113,645",24.6,255,"29,805",852.1
306,Manchester,0.4,350,18.3,4.4,385,72.1,"7,815","12,690",61.6,"3,540","12,690",27.9,,.,.,35,"1,330",2.5,80,"2,405",3.4,"1,185","1,330",89.1,"1,490","2,405",61.9,30,"346,795",9.2,380,"47,625",800,285,410,69.2,410,"8,380",4.9,34,"394,420",8.6,21,"394,420",5.3,4.9,385,58.5,,.,.,,.,.,5.3,300,69.6,4.5,385,62.1,3.9,380,77.3,,30,"346,795",9.2,380,"47,625",800
307,Oldham,0.5,230,18.5,5.7,265,68.8,"3,140","4,295",73.1,"1,570","4,295",36.5,,.,.,35,610,6.1,30,"1,225",2.4,570,610,93.6,690,"1,225",56.2,5,"135,455",5.2,205,"33,150",624.4,120,145,82.6,145,"5,415",2.7,7,"168,605",4.3,1,"168,605",0.4,6,265,58,,.,.,,.,.,6.5,195,69.8,5.8,260,65.7,5.5,250,73.8,,5,"135,455",5.2,205,"33,150",624.4
308,Rochdale,0.4,335,18.8,4.7,360,71.9,"2,835","6,710",42.3,495,"6,710",7.4,,.,.,25,710,3.2,55,"1,355",4.1,570,710,80.1,875,"1,355",64.5,25,"130,215",20,260,"31,035",831.3,120,165,70.7,165,"5,350",3.1,10,"161,250",6.3,-,"161,250",-,4.9,365,63.9,,.,.,,.,.,4.8,285,76.6,4.6,370,60,3.9,360,80.8,,25,"130,215",20,260,"31,035",831.3
309,Salford,0.3,505,18.5,3.8,550,71.1,"4,350","9,670",45,"1,425","9,670",14.7,,.,.,40,650,5.9,100,"1,560",6.4,595,650,91.7,"1,200","1,560",77.1,20,"150,380",12,295,"33,320",885.3,445,540,82.7,540,"5,430",9.9,13,"183,700",7.2,3,"183,700",1.4,3.9,555,67.9,,.,.,,.,.,4,410,78.6,4,565,62.1,3.4,535,81.8,,20,"150,380",12,295,"33,320",885.3
310,Stockport,0.4,305,18.6,4.5,380,73.3,"5,330","7,415",71.9,"1,130","7,415",15.2,,.,.,75,705,10.5,95,"1,400",6.8,600,705,84.8,925,"1,400",66,25,"171,305",14.6,380,"51,395",743.3,365,405,90.2,405,"7,810",5.2,23,"222,700",10.4,-,"222,700",-,4.8,370,68,,.,.,,.,.,4.4,280,81.6,4.9,370,62.2,4.2,360,65.3,,25,"171,305",14.6,380,"51,395",743.3
311,Tameside,0.4,335,18.4,4.2,405,72,"3,850","11,720",32.9,620,"11,720",5.3,,.,.,75,780,9.7,40,880,4.5,730,780,93.8,630,880,71.2,5,"136,740",5.1,160,"34,525",469.2,215,240,88.4,240,"5,125",4.7,2,"171,265",1,-,"171,265",-,4.4,395,67.4,,.,.,,.,.,4.7,295,74.4,4.4,400,62.9,4.1,390,56.6,,5,"136,740",5.1,160,"34,525",469.2
312,Trafford,0.4,325,18.6,4.5,360,73.5,"4,195","9,865",42.5,"1,465","9,865",14.8,,.,.,50,545,9.3,155,"1,245",12.5,410,545,75.3,"1,000","1,245",80.4,15,"138,810",9.4,285,"36,465",781.5,135,195,68.6,195,"6,005",3.2,16,"175,275",9.1,10,"175,275",5.7,4.8,365,64.6,,.,.,,.,.,5.7,265,66.4,4.8,360,60.6,4.6,350,65.2,,15,"138,810",9.4,285,"36,465",781.5
313,Wigan,0.4,355,18.8,3.9,420,76,"3,600","9,215",39.1,"1,270","9,215",13.8,,.,.,25,755,3.6,220,"2,125",10.4,595,755,78.8,"1,240","2,125",58.5,20,"198,140",9.6,390,"52,040",747.5,220,285,77,285,"8,605",3.3,18,"250,180",7.1,2,"250,180",0.8,4.5,415,62.8,,.,.,,.,.,4.8,300,76.4,4.3,410,63.1,4,405,65.7,,20,"198,140",9.6,390,"52,040",747.5
315,Knowsley,0.4,425,19.3,3.7,500,76.3,"2,500","4,535",55.1,580,"4,535",12.7,,.,.,20,670,2.8,85,"1,260",6.7,610,670,90.6,775,"1,260",61.8,15,"90,130",18.9,200,"23,095",866.1,90,115,79.8,115,"3,850",3,8,"113,220",7.1,3,"113,220",2.6,4.1,495,65.7,,.,.,,.,.,4.2,365,76.8,3.7,490,72.6,3.1,485,82.9,,15,"90,130",18.9,200,"23,095",866.1
316,Liverpool,0.4,325,19,4.3,355,76.4,"3,270","13,100",25,"1,825","13,100",13.9,,.,.,130,"1,445",9,90,"3,775",2.4,"1,245","1,445",86.3,"1,855","3,775",49.1,70,"311,135",21.9,565,"65,715",859.8,290,355,81.8,355,"10,955",3.3,34,"376,850",9.1,19,"376,850",5.2,4.9,360,63.6,,.,.,,.,.,4.9,280,76.9,4.7,350,68.2,3.6,350,82.2,,70,"311,135",21.9,565,"65,715",859.8
317,Sefton,0.3,430,19.2,3.5,490,80.5,"5,795","11,430",50.7,"1,125","11,430",9.8,,.,.,20,795,2.5,60,"1,480",4,655,795,82.5,770,"1,480",51.9,35,"162,410",20.3,520,"57,365",903,335,385,87.7,385,"8,755",4.4,11,"219,775",5,3,"219,775",1.5,3.8,490,73.2,,.,.,,.,.,4.4,330,78.4,4.1,490,61.2,3.6,470,76.8,,35,"162,410",20.3,520,"57,365",903
318,St. Helens,0.4,330,19,4.1,395,76.1,"3,705","7,280",50.9,535,"7,280",7.3,,.,.,30,545,5.5,110,"1,135",9.9,440,..,..,660,"1,135",57.9,20,"107,375",16.8,335,"31,660","1,051.80",65,70,93,70,"4,840",1.5,11,"139,035",8.2,5,"139,035",3.7,4.5,385,70.3,,.,.,,.,.,4.7,305,76.8,4.4,390,63.2,4.5,380,56.7,,20,"107,375",16.8,335,"31,660","1,051.80"
319,Wirral,0.6,200,18.8,5.6,225,77.3,"7,575","11,295",67.1,"1,135","11,295",10.1,,.,.,20,"1,020",2,125,"1,835",6.8,340,"1,020",33.2,"1,495","1,835",81.3,35,"190,830",18.3,515,"61,425",835.1,180,195,91.4,195,"9,980",2,5,"252,260",1.8,3,"252,260",1,7.2,230,61.4,,.,.,,.,.,8.2,160,69.9,6.9,230,61,6.2,220,68.2,,35,"190,830",18.3,515,"61,425",835.1
321,Halton,0.4,295,19.7,3.9,340,80.6,"2,785","5,620",49.5,"1,140","5,620",20.2,,.,.,30,395,8.1,125,"1,030",12.3,305,395,77.2,560,"1,030",54.6,-,"78,890",-,140,"18,650",740,80,110,74.1,110,"3,040",3.6,8,"97,535",8.2,3,"97,535",2.6,4.6,330,69.2,,.,.,,.,.,4.1,250,85.6,4.6,335,66.2,3.7,325,79.1,,-,"78,890",-,140,"18,650",740
322,Warrington,0.4,340,18.6,4.2,370,76.3,"2,310","4,665",49.5,410,"4,665",8.8,,.,.,25,455,5.5,195,"1,440",13.4,400,455,88,910,"1,440",63,40,"126,210",30.1,205,"32,510",636.8,350,405,87.1,405,"5,080",7.9,14,"158,720",8.9,5,"158,720",2.9,4.6,375,65.6,,.,.,,.,.,4.9,280,76.2,4.3,360,65.4,3.4,360,86.1,,40,"126,210",30.1,205,"32,510",636.8
323,Lancashire,0.4,315,19.2,4.3,355,79,"18,160","36,100",50.3,"3,295","36,100",9.1,,.,.,160,"3,240",4.9,"1,530","8,305",18.4,"2,340","3,240",72.2,"5,280","8,305",63.6,130,"715,440",18,"1,970","212,930",924.2,410,525,78.1,525,"33,875",1.5,70,"928,370",7.5,10,"928,370",1.1,4.8,355,73.2,,.,.,,.,.,5.5,255,74.7,4.9,350,69.7,4.6,345,70.4,,..,"715,440",..,..,"212,930",..
324,Blackburn with Darwen,0.3,420,19.3,3.3,435,79.6,"1,430","3,710",38.5,250,"3,710",6.7,,.,.,10,370,2.4,170,"1,205",14.1,255,370,68.5,735,"1,205",60.9,25,"89,920",27.8,185,"19,150",960.8,60,70,88.2,70,"2,850",2.4,7,"109,070",6.3,1,"109,070",0.5,4,435,66.4,,.,.,,.,.,4.1,330,77.8,3.7,435,67.2,2.5,435,88.1,,25,"89,920",27.8,185,"19,150",960.8
325,Blackpool,0.4,370,18.5,3.9,425,75.5,"2,165","5,565",38.9,470,"5,565",8.4,,.,.,20,475,4.4,275,"2,055",13.4,300,475,63.8,"1,420","2,055",69.1,15,"85,840",17.5,260,"27,355",946.8,60,65,89.4,65,"4,880",1.4,15,"113,195",13,7,"113,195",6.4,4.4,425,63.1,,.,.,,.,.,4.8,295,72.3,4.1,420,64.9,3.9,410,70.6,,15,"85,840",16.7,260,"27,355",945.6
326,Cheshire East,0.4,385,19,3.8,425,79.2,"3,475","8,490",40.9,"2,390","8,490",28.1,,.,.,75,"1,045",7.3,205,"1,630",12.5,550,"1,045",52.4,"1,095","1,630",67.4,40,"223,775",18.3,470,"72,060",652.2,200,255,79.2,255,"9,045",2.8,25,"295,835",8.5,1,"295,835",0.3,4.6,415,65.4,,.,.,,.,.,4.6,315,76.6,4.1,420,66.1,2.9,410,88,,35,"223,775",16.3,470,"72,060",651.6
327,Cheshire West and Chester,0.3,655,19.2,3.1,700,81.5,"4,415","8,910",49.5,"1,415","8,910",15.9,,.,.,60,925,6.5,170,"1,620",10.4,735,925,79.7,"1,155","1,620",71.4,60,"202,040",28.7,645,"61,600","1,043.80",210,255,81.7,255,"9,205",2.8,15,"263,640",5.6,3,"263,640",1,3.7,700,66.5,,.,.,,.,.,3.8,460,81.5,3.3,705,75.3,2.5,705,89.3,,60,"202,040",28.7,645,"61,600","1,043.80"
404,Warwickshire,0.4,430,18.8,4.1,470,73.7,"4,685","10,375",45.2,"1,450","10,375",14,,.,.,70,"1,185",5.9,620,"3,770",16.4,645,"1,185",54.5,"2,155","3,770",57.2,50,"334,435",14.4,570,"100,300",567.3,435,535,81.2,535,"12,960",4.1,72,"434,735",16.7,32,"434,735",7.2,4.5,470,62.4,,.,.,,.,.,4.8,320,77.4,4.2,475,68.7,3.9,470,77.4,,45,"334,435",13.8,570,"100,300",567.2
406,Birmingham,0.5,315,18.3,4.9,350,65.2,"10,375","23,675",43.8,"3,355","23,675",14.2,,.,.,140,"3,005",4.7,395,"5,390",7.3,"1,540","3,005",51.2,815,"5,390",15.1,145,"661,065",21.9,"1,000","138,770",720.6,920,"1,175",78.6,"1,175","21,095",5.6,142,"799,835",17.7,98,"799,835",12.2,5.2,355,53.5,,.,.,,.,.,5.7,250,69.3,4.7,355,66.6,3.2,335,89.9,,100,"661,065",15.3,990,"138,770",714.6
407,Coventry,0.4,350,19,4,385,78.5,"3,740","8,660",43.2,"1,265","8,660",14.6,,.,.,35,785,4.6,120,"1,610",7.5,..,785,..,950,"1,610",58.8,40,"199,875",19,295,"46,480",636.9,260,370,70.4,370,"7,115",5.2,50,"246,355",20.2,18,"246,355",7.1,4.7,385,62.8,,.,.,,.,.,4.9,285,75.4,4.3,395,69.9,4,385,69.8,,40,"199,875",19,295,"46,480",636.9
408,Dudley,0.3,710,19.2,2.9,835,78.8,"3,795","16,130",23.5,"1,160","16,130",7.2,,.,.,45,910,5.1,100,"1,995",5.1,695,910,76.8,965,"1,995",48.3,40,"186,955",20.3,360,"58,625",615.8,200,230,87.3,230,"8,675",2.6,23,"245,580",9.5,13,"245,580",5.3,3.4,825,67.4,,.,.,,.,.,3.4,590,79.3,3.4,830,62.1,3.1,785,78.9,,25,"186,955",12.8,360,"58,625",612.3
409,Sandwell,0.5,360,18.4,4.8,400,67.9,"2,795","8,335",33.5,"1,825","8,335",21.9,,.,.,45,755,5.8,75,"1,065",6.9,490,755,64.9,630,"1,065",59,20,"187,385",10.7,285,"47,015",610.4,110,135,83.6,135,"7,475",1.8,50,"234,400",21.5,35,"234,400",14.9,5.2,400,56.7,,.,.,,.,.,5.9,290,68.7,4.9,395,59.5,4.6,385,70.5,,..,"187,385",..,..,"47,015",..
410,Solihull,0.2,785,18.7,2.6,880,74.7,"2,630","5,130",51.3,825,"5,130",16.1,,.,.,25,600,4.5,70,700,10,315,600,52.8,135,700,19.5,25,"122,005",22.1,235,"39,895",594,80,110,70.3,110,"6,005",1.8,22,"161,900",13.5,9,"161,900",5.6,2.9,865,61.2,,.,.,,.,.,3.3,620,71.9,2.8,865,63.7,2.6,845,76.5,,25,"122,005",20.6,235,"39,895",593.6
411,Walsall,0.3,485,18.8,3.3,560,77.4,"1,370","4,040",33.9,750,"4,040",18.6,,.,.,85,670,12.6,125,"1,605",7.8,490,670,73.5,"1,010","1,605",63,-,"160,110",-,155,"46,095",331.9,75,95,78.5,95,"6,475",1.4,22,"206,205",10.7,16,"206,205",7.7,3.9,555,62.6,,.,.,,.,.,4.5,420,67.2,3.8,550,68.7,3.1,535,82.2,,-,"160,100",1.2,155,"46,095",331.9
412,Wolverhampton,0.4,355,19.5,3.9,395,77.5,"2,385","4,710",50.7,825,"4,710",17.5,,.,.,15,580,2.4,60,"1,055",5.5,365,580,63.1,820,"1,055",77.9,70,"152,920",45.1,285,"40,765",696.7,255,295,86.5,295,"6,270",4.7,27,"193,685",13.9,17,"193,685",8.7,4.6,390,65.1,,.,.,,.,.,4.7,260,81.5,4.3,390,70,3.8,385,80.3,,35,"152,920",24.5,275,"40,765",671.1
413,Staffordshire,0.3,405,18.8,3.8,465,76,"5,880","23,550",25,"3,650","23,550",15.5,,.,.,130,"1,910",6.9,845,"5,800",14.6,"1,440","1,910",75.3,"3,690","5,800",63.6,50,"519,960",9.2,960,"158,280",606.5,"1,315","1,525",86.1,"1,525","23,135",6.6,65,"678,240",9.6,31,"678,240",4.5,4.3,455,67.4,,.,.,,.,.,5.1,340,66,4.2,465,58.2,4.3,455,56,,50,"519,960",9.2,960,"158,280",606.5
414,Stoke-on-Trent,0.5,305,18.7,4.8,345,75.3,"3,460","9,255",37.4,"1,010","9,255",10.9,,.,.,40,745,5.1,305,"2,310",13.3,530,745,71.1,"1,950","2,310",84.5,30,"155,180",18.7,340,"39,005",876.9,135,170,80,170,"6,150",2.8,31,"194,185",16.1,8,"194,185",4.3,5.2,350,65.4,,.,.,,.,.,5.8,265,71.1,5.3,340,58.9,4.7,335,79.3,,30,"155,180",18.7,340,"39,005",876.9
415,Herefordshire,0.4,335,19.4,3.8,365,80.5,"1,215","4,625",26.3,420,"4,625",9,,.,.,70,535,13.5,115,"1,570",7.2,410,535,76.8,640,"1,570",40.9,20,"108,380",16.6,240,"39,375",614.6,90,95,93.8,95,"4,350",2.2,12,"147,755",8,5,"147,755",3.4,4.5,360,67.3,,.,.,,.,.,5.1,280,73.4,4.4,370,65.6,4,365,74.7,,20,"108,380",16.6,240,"39,375",614.6
416,Worcestershire,0.3,425,19.4,3.5,465,79,"5,110","9,325",54.8,"2,010","9,325",21.5,,.,.,95,"1,325",7.3,105,980,10.5,930,"1,325",70.4,575,980,58.7,85,"341,735",24.9,705,"110,170",641.7,395,530,74.1,530,"13,980",3.8,40,"451,905",8.8,23,"451,905",5,4.3,460,63.5,,.,.,,.,.,4.7,325,72.3,3.9,465,69.9,3.2,460,81.5,,60,"341,735",17.8,705,"110,170",641
417,Shropshire,0.4,410,18.6,3.9,475,72.4,"3,525","12,280",28.7,"1,495","12,280",12.2,,.,.,80,770,10.5,75,"1,005",7.5,595,770,77.7,540,"1,005",53.6,35,"182,075",19.2,540,"63,930",841.6,60,65,89.2,65,"8,415",0.8,25,"246,005",10.3,13,"246,005",5.2,4.2,465,66.4,,.,.,,.,.,4.4,365,74.6,4.1,465,58.5,3.6,440,78,,35,"182,075",19.2,540,"63,930",841.6
418,Telford and the Wrekin,0.5,285,18.3,4.6,340,75.7,"1,935","5,340",36.2,310,"5,340",5.8,,.,.,15,405,4,35,595,6.1,270,405,66.7,215,595,36.5,20,"103,580",21.2,175,"24,345",723,80,110,74.3,110,"3,685",3,11,"127,920",8.3,5,"127,920",4.1,5,355,66.4,,.,.,,.,.,5,280,72.9,5,340,55.2,4.5,340,62.7,,20,"103,580",21.2,175,"24,345",723
503,Lincolnshire,0.4,310,18.7,4.5,330,76.1,..,..,..,..,..,..,,.,.,95,"1,825",5.3,85,"2,725",3.2,"1,370","1,825",75,420,"2,725",15.4,65,"426,315",15.7,895,"149,150",600.1,430,580,74.4,580,"22,705",2.5,57,"575,465",10,22,"575,465",3.9,5,345,62.7,,.,.,,.,.,5.5,240,73.7,4.8,340,65.4,3.6,330,85.6,,65,"426,315",15.7,895,"149,150",600.1
504,Northamptonshire,0.4,355,19.3,4.2,410,76.5,"5,400","12,270",44,"1,760","12,270",14.3,,.,.,110,"1,775",6.2,430,"3,065",14.1,960,"1,775",54.1,"2,405","3,065",78.5,60,"430,650",13.5,860,"107,290",802.5,400,580,68.9,580,"15,900",3.6,61,"537,940",11.4,12,"537,940",2.2,4.9,390,62.8,,.,.,,.,.,5.3,265,76.6,4.7,400,65.7,4.1,395,80.7,,60,"430,650",13.5,860,"107,290",802.5
506,Derbyshire,0.5,215,19,6.1,250,76.8,"7,950","22,875",34.7,"3,440","22,875",15,,.,.,70,"1,795",3.8,645,"4,095",15.7,"1,380","1,795",76.8,"3,755","4,095",91.7,105,"470,140",22.8,"1,135","144,045",787.2,245,295,84,295,"21,630",1.4,70,"614,185",11.4,26,"614,185",4.2,6.5,245,68.9,,.,.,,.,.,8,180,69.3,6.9,240,62.9,6.2,205,82.1,,105,"470,140",22.8,"1,135","144,045",787.2
507,Derby,0.3,390,19.2,3.5,445,77.7,"2,230","7,410",30.1,"1,680","7,410",22.7,,.,.,40,765,5,185,"1,700",10.8,565,765,73.7,"1,545","1,700",90.8,-,"154,050",-,215,"37,895",570,145,165,89.6,165,"6,210",2.6,17,"191,950",8.9,1,"191,950",0.3,4.2,445,63.8,,.,.,,.,.,4.8,305,72.7,4,440,65.6,3.4,435,76.5,,-,"154,052",-,215,"37,895",570
508,Leicestershire,0.4,335,18.3,4.8,370,66.1,"5,660","14,440",39.2,"1,965","14,440",13.6,,.,.,25,"1,310",1.8,615,"2,005",30.7,625,"1,310",47.7,"1,285","2,005",64,55,"400,755",13.7,805,"116,525",690.8,365,470,77.9,470,"16,140",2.9,34,"517,280",6.5,10,"517,280",1.9,5,360,58.4,,.,.,,.,.,5.5,280,67.2,4.8,370,59.2,3.9,360,81.8,,55,"400,755",13.7,805,"116,525",690.8
509,Leicester,0.4,445,18,3.9,490,67.6,"4,050","7,260",55.8,"1,585","7,260",21.8,,.,.,110,"1,070",10.3,405,"1,940",20.9,740,"1,070",69,"1,050","1,940",54,20,"214,390",8.9,215,"37,395",580.3,155,200,77.2,200,"5,160",3.9,17,"251,785",6.8,7,"251,785",2.6,4.1,490,59.8,,.,.,,.,.,4.8,360,62.2,4.1,490,59,3.9,465,68.9,,20,"214,390",8.9,215,"37,395",580.3
510,Rutland,0.3,160,19.8,3.6,185,82.6,640,"1,220",52.4,230,"1,220",19,,.,.,15,65,25.8,30,130,25,40,65,63.6,75,130,59.4,5,"21,590",27.8,40,"7,960",502.4,50,50,96.2,50,"1,055",4.9,2,"29,550",6.5,-,"29,550",-,4.4,185,72,,.,.,,.,.,4.6,140,82.2,4.5,185,67.8,3.6,170,84.8,,5,"21,590",27.8,40,"7,960",502.4
511,Nottinghamshire,0.3,395,19.2,3.8,435,78,"9,965","15,185",65.6,"2,790","15,185",18.4,,.,.,200,"2,175",9.2,65,"1,710",3.8,"1,500","2,175",69.1,380,"1,710",22.2,75,"480,965",16,960,"143,730",668.6,640,720,89.2,720,"20,085",3.6,91,"624,690",14.6,22,"624,690",3.5,4.5,430,64.4,,.,.,,.,.,4.9,290,75.3,4.3,430,68,3.8,430,75.6,,75,"480,965",16,960,"143,730",668.6
512,Nottingham,0.4,315,18.4,4.6,340,73.3,"3,690","8,010",46.1,920,"8,010",11.5,,.,.,5,780,0.9,30,"1,235",2.3,460,780,59.1,225,"1,235",18.3,70,"205,825",33.5,335,"35,615",935,65,80,79.7,80,"5,660",1.4,37,"241,440",15.2,14,"241,440",5.7,5.1,335,59.1,,.,.,,.,.,5,270,75.2,5,340,61.2,3.8,325,84.2,,55,"205,825",27.5,330,"35,615",933.5
606,Hertfordshire,0.4,280,18.5,4.1,300,73.4,"15,540","24,890",62.4,"3,315","24,890",13.3,,.,.,170,"3,160",5.4,290,"3,360",8.6,"2,245","3,160",71,"1,975","3,360",58.8,110,"691,110",16.1,"1,230","175,350",700.9,395,455,87.4,455,"22,255",2,100,"866,460",11.6,50,"866,460",5.8,4.6,305,61.9,,.,.,,.,.,5.3,215,74,4.3,300,71.7,3.2,295,87.4,,110,"691,110",16.1,"1,230","175,350",700.9
607,Norfolk,0.4,340,18.7,4.5,365,73.5,"8,545","19,490",43.8,"3,690","19,490",18.9,,.,.,150,"2,240",6.7,95,"2,820",3.4,"1,610","2,240",71.9,"1,010","2,820",35.8,105,"507,415",20.3,"1,425","186,930",761.3,550,630,87.3,630,"28,250",2.2,47,"694,345",6.7,9,"694,345",1.3,5,365,60.8,,.,.,,.,.,5.3,290,70.1,4.6,370,68.1,3.3,355,88,,105,"507,415",20.3,"1,425","186,930",761.3
608,Oxfordshire,0.3,450,19.1,3.3,530,78.6,"4,420","7,115",62.2,"2,945","7,115",41.4,,.,.,140,"1,475",9.6,280,"2,715",10.4,"1,210","1,475",82,"1,225","2,715",45.2,25,"412,135",5.6,555,"104,640",532.3,525,615,85.2,615,"13,970",4.4,158,"516,775",30.6,82,"516,775",15.8,4,515,62.7,,.,.,,.,.,4.4,390,71.8,3.6,530,68.4,3.1,515,76.7,,25,"412,135",5.6,555,"104,640",532.3
609,Suffolk,0.3,665,18.7,3.1,735,77.8,"8,920","16,775",53.2,"3,060","16,775",18.2,,.,.,85,"1,660",5.1,255,"2,935",8.7,515,"1,660",30.9,"1,335","2,935",45.5,65,"432,575",14.6,"1,110","146,340",759.2,145,220,66.2,220,"19,665",1.1,45,"578,915",7.7,15,"578,915",2.6,3.6,735,60.9,,.,.,,.,.,3.8,500,74.9,3.3,730,71.3,3.2,720,73.6,,65,"432,575",14.6,"1,110","146,340",759.2
611,Luton,0.4,305,18.5,4.5,340,72.6,"2,285","4,155",55.1,855,"4,155",20.6,,.,.,70,605,11.2,5,635,0.9,450,605,74.4,415,635,65.9,30,"127,390",22,110,"23,995",462.6,145,250,57.8,250,"3,520",7.1,15,"151,385",9.7,5,"151,385",3.5,5.2,340,57.4,,.,.,,.,.,5.4,265,68.2,4.8,330,62.8,4.6,325,59.8,,..,"127,390",..,..,"23,995",..
612,Buckinghamshire,0.4,355,18.8,3.9,415,78.6,"9,705","13,030",74.5,"1,235","13,030",9.5,,.,.,130,"1,290",10,200,"2,145",9.4,925,"1,290",71.7,790,"2,145",36.8,95,"306,100",31,500,"84,945",588.6,115,150,76.7,150,"10,160",1.5,38,"391,045",9.7,11,"391,045",2.8,4.9,390,53.9,,.,.,,.,.,5,290,74.7,4.5,415,62.1,4.3,395,54.4,,25,"306,100",8.2,500,"84,945",588.6
613,Milton Keynes,0.5,305,18.4,5.2,330,71.2,"2,660","4,695",56.6,855,"4,695",18.2,,.,.,75,575,13.2,125,"1,305",9.7,470,575,81.6,685,"1,305",52.5,15,"160,025",8.1,240,"27,895",867.5,60,70,84.1,70,"4,210",1.6,9,"187,925",4.8,4,"187,925",2.1,5.6,330,58.6,,.,.,,.,.,6,245,73.5,5.2,335,64.6,3.8,320,88,,15,"160,025",8.1,240,"27,895",867.5
614,Bracknell Forest,0.3,535,18.6,2.8,590,78.2,"1,085","2,590",41.8,400,"2,590",15.5,,.,.,45,305,14.8,20,180,10.1,260,305,85.2,75,180,42.7,-,"72,805",-,100,"14,265",700.9,100,110,91.1,110,"1,760",6.4,4,"87,070",4.1,2,"87,070",2.3,3.3,570,63.8,,.,.,,.,.,3.4,455,76.6,3,590,62.4,2.6,575,80.7,,-,"72,805",-,100,"14,265",700.9
615,West Berkshire,0.3,465,18.3,3.7,505,74,725,"4,480",16.2,460,"4,480",10.3,,.,.,35,430,7.9,10,275,4,325,430,75.1,90,275,32.9,10,"94,830",9.5,140,"23,885",594.6,65,75,91.8,75,"2,540",2.9,19,"118,710",15.6,14,"118,710",11.7,4.1,505,61.4,,.,.,,.,.,4.3,375,75.7,4.1,500,55.8,3.3,495,82.7,,10,"94,830",9.5,140,"23,885",594.6
616,Reading,0.3,335,18.9,3.6,385,76.6,"1,740","4,315",40.3,670,"4,315",15.5,,.,.,35,485,7,25,365,6.3,340,485,70.6,125,365,33.6,30,"104,025",29.8,140,"17,905",776.4,110,125,87.2,125,"2,060",6.1,8,"121,930",6.8,5,"121,930",3.9,4.5,380,56.9,,.,.,,.,.,4.6,280,77.1,4.1,380,68,3.7,370,74.3,,30,"104,025",29.8,140,"17,905",776.4
617,Slough,0.4,425,17.7,3.7,470,67,"1,025","2,390",43,355,"2,390",14.8,,.,.,20,310,6.1,20,410,5.4,220,310,71,135,410,33.4,10,"90,420",12.2,80,"12,875",636.9,65,65,98.4,65,"2,055",3.1,8,"103,295",7.3,-,"103,295",-,4.2,470,54,,.,.,,.,.,4.2,385,70.6,4.1,470,55.8,3.1,455,79.1,,10,"90,420",12.2,80,"12,875",636.9
618,Windsor and Maidenhead,0.4,235,19.7,3.9,320,76.3,950,"3,000",31.6,195,"3,000",6.4,,.,.,45,315,14.8,20,175,10.3,200,315,63.7,80,175,44.8,35,"88,255",41.9,175,"24,265",713,85,105,81,105,"2,965",3.5,7,"112,520",6.2,2,"112,520",2.1,4.7,305,63.3,,.,.,,.,.,4.8,245,75.8,4.2,310,72.5,3.4,300,86.9,,35,"88,255",41.9,175,"24,265",713
619,Wokingham,0.4,320,18.8,4,340,74.3,880,"2,145",41,355,"2,145",16.5,,.,.,60,460,12.6,25,200,11.9,330,460,71,95,200,46,65,"95,315",67.1,160,"24,055",665.2,50,60,85,60,"2,650",2.3,4,"119,365",3.4,3,"119,365",2.1,4.4,340,67.6,,.,.,,.,.,4.7,260,76.8,4.3,335,67.8,3.6,325,81.7,,..,"95,315",..,160,"24,055",663.1
620,Essex,0.2,840,18.9,2.8,920,74.3,"14,275","41,260",34.6,"3,810","41,260",9.2,,.,.,335,"3,685",9.2,"2,595","17,765",14.6,"2,535","3,685",68.8,"12,665","17,765",71.3,150,"842,830",17.9,"1,690","258,175",653.8,635,760,83.3,760,"34,740",2.2,78,"1,101,005",7.1,15,"1,101,005",1.3,3.1,905,60.4,,.,.,,.,.,3.4,655,72.1,2.6,920,70.1,1.9,880,89,,150,"842,830",17.9,"1,690","258,175",653.8
621,Southend-on-Sea,0.4,380,18.7,3.9,435,73.2,"3,565","5,435",65.6,635,"5,435",11.7,,.,.,50,520,9.4,75,"1,805",4.2,455,520,87.9,805,"1,805",44.6,5,"105,835",6.6,210,"30,990",671.1,255,300,84.3,300,"4,775",6.3,11,"136,830",8.1,4,"136,830",3,4.4,420,61,,.,.,,.,.,4.4,325,77.3,4,430,62.2,4,415,63.6,,5,"105,835",6.6,210,"30,990",671.1
622,Thurrock,0.4,405,18.4,4,460,74,"1,020","2,480",41.1,260,"2,480",10.5,,.,.,10,310,3.6,100,"1,390",7.3,150,310,49,715,"1,390",51.5,50,"99,540",51.2,115,"20,240",558.3,80,85,92,85,"2,710",3.2,7,"119,775",5.4,1,"119,775",1,4.5,450,60.9,,.,.,,.,.,4.7,320,76.3,4.3,455,60.3,3.4,435,82.5,,..,"99,540",..,..,"20,240",..
623,Cambridgeshire,0.4,430,18.8,3.6,500,76.8,"7,995","15,005",53.3,"4,355","15,005",29,,.,.,95,"1,570",6.1,220,"9,320",2.3,"1,175","1,570",74.8,455,"9,320",4.9,60,"393,215",15.8,770,"101,350",759.7,305,370,82.9,370,"14,475",2.5,66,"494,570",13.3,33,"494,570",6.8,4.3,495,58.6,,.,.,,.,.,4.6,355,74.1,4.1,490,61.9,3.8,480,73.9,,60,"393,215",15.8,770,"101,350",759.7
624,Peterborough,0.4,325,18.8,4.2,355,75.9,"2,660","6,475",41.1,640,"6,475",9.9,,.,.,105,650,16.2,60,"3,155",1.9,430,650,66.4,120,"3,155",3.7,15,"115,340",11.3,140,"25,075",554.3,110,125,88.9,125,"3,645",3.5,7,"140,415",5.2,2,"140,415",1.1,5,360,60.2,,.,.,,.,.,5.4,285,69,4.7,360,66.3,4.2,355,70.1,,15,"115,340",11.3,140,"25,075",554.3
625,Bedford,0.3,375,19.2,3.4,425,79.6,"1,710","3,385",50.5,800,"3,385",23.7,,.,.,20,505,4.2,95,"1,630",5.9,315,505,62.7,930,"1,630",57,15,"96,890",13.4,160,"25,135",640.5,75,120,62.8,120,"3,385",3.6,10,"122,025",8.3,1,"122,025",0.7,4.3,415,62.5,,.,.,,.,.,4.8,305,69.7,4.1,415,65,3.4,400,80.1,,15,"96,890",13.4,160,"25,135",640.5
626,Central Bedfordshire,0.4,270,19,4.1,300,82,"2,430","4,650",52.3,"1,300","4,650",27.9,,.,.,30,560,5.3,40,720,5.4,375,560,66.5,380,720,53.1,30,"158,975",19.5,270,"40,275",675.4,105,155,68.2,155,"5,400",2.9,12,"199,250",6.1,5,"199,250",2.3,5.4,295,64.4,,.,.,,.,.,5.9,210,73.7,4.9,295,66.8,4.6,290,70.5,,30,"158,975",19.5,270,"40,275",675.4
702,Camden,0.4,375,18,4.1,430,71.5,"3,450","5,360",64.4,"1,130","5,360",21.1,,.,.,25,370,7,75,"1,715",4.5,290,370,78.9,"1,050","1,715",61.1,35,"156,915",21,130,"24,170",529.6,205,220,93.6,220,"3,480",6.3,6,"181,085",3.2,2,"181,085",0.8,4.5,425,56.5,,.,.,,.,.,4.3,355,74.2,4.3,430,59.4,3.9,420,75.4,,35,"156,915",21,130,"24,170",529.6
703,Greenwich,0.5,300,18.5,4.5,345,73.5,"1,470","5,210",28.3,500,"5,210",9.6,,.,.,30,540,5.4,40,"1,060",3.8,360,540,66.1,675,"1,060",63.8,10,"167,795",6,160,"26,230",617.6,165,210,78.8,210,"4,180",5,14,"194,025",7,4,"194,025",2.2,5,350,58.6,,.,.,,.,.,5.3,255,75.1,4.9,345,59.3,4,335,81.3,,10,"167,795",6,160,"26,230",617.6
704,Hackney,0.4,320,18.3,4.6,355,66,"2,610","5,130",50.8,745,"5,130",14.5,,.,.,35,600,5.7,70,"1,430",5,455,600,76.3,"1,185","1,430",83,25,"173,290",15,115,"17,425",665.7,200,220,90.5,220,"2,605",8.5,18,"190,715",9.6,11,"190,715",5.7,4.9,350,59.8,,.,.,,.,.,4.4,280,80.7,4.7,355,58.7,4,350,80.1,,25,"173,290",15,115,"17,425",665.7
705,Hammersmith and Fulham,0.4,320,17.8,4.6,350,66.2,"1,605","4,060",39.5,720,"4,060",17.7,,.,.,20,385,5.7,80,"1,080",7.3,250,385,65.1,885,"1,080",82,60,"133,360",45.7,110,"16,525",671.8,90,90,100,90,"2,790",3.2,12,"149,880",8.2,2,"149,880",1.3,4.9,355,54.2,,.,.,,.,.,5.4,270,66.3,4.8,345,58.3,4.3,340,71.8,,30,"133,360",22.5,110,"16,525",671.8
706,Islington,0.5,320,17.9,4.5,345,71.2,"2,525","4,095",61.6,995,"4,095",24.4,,.,.,45,440,10.7,70,"1,445",5,330,440,74.8,"1,135","1,445",78.4,20,"151,870",13.8,160,"18,095",889.7,155,175,89,175,"3,175",5.4,7,"169,965",4,4,"169,965",2.1,5,345,57.2,,.,.,,.,.,5.4,275,68.1,4.7,345,57.3,4.2,335,77.5,,20,"151,870",13.8,160,"18,095",889.7
707,Kensington and Chelsea,0.4,435,18.2,3.6,515,74.4,"2,095","6,220",33.7,855,"6,220",13.8,,.,.,25,270,10,55,995,5.6,180,270,67.3,785,995,79,-,"112,205",-,35,"19,315",176,85,90,92.3,90,"2,600",3.5,11,"131,520",8.2,3,"131,520",2,4,515,65.1,,.,.,,.,.,3.8,410,79.6,4,515,60.3,3.9,485,70.5,,-,"112,205",-,35,"19,315",176
708,Lambeth,0.5,315,18,4.6,355,72.3,"4,695","7,865",59.7,"1,210","7,865",15.4,,.,.,40,720,5.4,75,"1,605",4.7,480,720,66.9,965,"1,605",60,10,"220,830",5,185,"23,225",805.1,175,195,89.3,195,"3,935",5,14,"244,055",5.9,7,"244,055",2.7,5.1,350,55.2,,.,.,,.,.,5.4,290,63,4.6,350,59,4.7,355,62.6,,10,"220,830",5,185,"23,225",805.1
709,Lewisham,0.4,495,17.9,4.4,535,67.6,"1,950","5,985",32.6,"1,115","5,985",18.6,,.,.,75,750,9.9,85,"1,765",4.8,585,750,78.1,"1,210","1,765",68.5,25,"187,070",13.4,145,"26,220",560.7,100,115,89.4,115,"4,390",2.6,7,"213,290",3,1,"213,290",0.5,4.6,535,56.9,,.,.,,.,.,4.6,425,73.7,4.5,540,55.6,3.4,520,86,,25,"187,070",13.4,145,"26,220",560.7
710,Southwark,0.4,315,17.7,4.5,360,67.7,"2,560","4,285",59.7,"1,315","4,285",30.7,,.,.,55,550,9.7,75,"1,785",4.2,365,550,66.3,"1,195","1,785",67,15,"207,255",6.8,150,"22,425",664.5,100,110,90.7,110,"3,875",2.8,12,"229,680",5.3,4,"229,680",1.9,4.9,370,49.4,,.,.,,.,.,5.1,280,71.2,4.7,360,51.6,4.7,320,65.6,,15,"207,255",6.8,150,"22,425",664.5
711,Tower Hamlets,0.4,390,17.9,4.2,420,62.5,"1,990","5,195",38.3,920,"5,195",17.7,,.,.,15,630,2.5,130,"1,710",7.7,270,630,43,"1,520","1,710",88.9,40,"185,010",22.7,135,"15,605",877.8,105,120,86.6,120,"2,490",4.8,27,"200,615",13.5,10,"200,615",4.8,4.2,415,65.2,,.,.,,.,.,4.4,340,73,4.3,420,58.9,3.3,410,81.8,,40,"185,010",22.7,135,"15,605",877.8
712,Wandsworth,0.2,850,18.9,2.3,940,75.9,"2,790","4,025",69.3,825,"4,025",20.5,,.,.,60,790,7.8,120,"1,455",8.2,535,790,68,"1,175","1,455",80.8,25,"224,800",10.7,190,"27,080",709,205,240,85.3,240,"3,970",6,15,"251,875",6.1,9,"251,875",3.5,2.7,940,60.8,,.,.,,.,.,2.8,740,74.9,2.5,945,66.7,2.1,915,79.3,,25,"224,800",10.7,190,"27,080",709
713,Westminster,0.6,310,17.4,4.7,360,66.7,"1,795","5,785",31,915,"5,785",15.8,,.,.,35,505,6.5,90,"1,640",5.5,375,505,74.7,"1,225","1,640",74.7,30,"158,885",18.9,180,"24,625",735.1,120,170,70.2,170,"3,365",5.1,13,"183,510",7.3,2,"183,510",1,5,355,51.7,,.,.,,.,.,5,290,70,4.9,355,53.9,4.5,340,68.3,,30,"158,885",18.9,180,"24,625",735.1
714,City of London,0.7,60,19.4,6.4,70,73.8,110,200,54.3,35,200,17.6,,.,.,-,15,-,-,-,-,10,15,85.7,-,-,-,-,"5,675",-,-,"1,050",-,-,-,-,-,130,-,1,"6,730",14.9,-,"6,730",-,8,65,59.7,,.,.,,.,.,8,55,80.5,7.1,70,73.3,5.9,65,83.3,,-,"5,675",-,-,"1,050",-
716,Barking and Dagenham,0.4,315,18.2,4.6,350,67.8,"3,210","6,460",49.7,"2,775","6,460",43,,.,.,30,475,6.5,45,760,6,415,475,87.6,670,760,87.7,-,"113,875",-,200,"19,340","1,044.50",315,360,88.3,360,"3,155",11.4,23,"133,215",17.6,12,"133,215",9.3,4.9,365,59.2,,.,.,,.,.,5.3,285,65.5,4.8,355,55.6,4.3,345,73.5,,-,"113,875",-,200,"19,340","1,044.50"
717,Barnet,0.4,460,18,3.6,520,69.1,"4,125","6,900",59.8,"1,050","6,900",15.2,,.,.,70,765,9.4,150,"2,435",6.2,375,765,49.2,"1,140","2,435",46.9,20,"226,620",9.7,255,"47,705",534.5,400,450,88.5,450,"7,490",6,22,"274,325",7.9,5,"274,325",1.8,4.1,515,54,,.,.,,.,.,4.4,390,67.3,3.8,515,61.3,3.6,510,68.2,,20,"226,620",9.7,255,"47,705",534.5
718,Bexley,0.6,245,18.3,5.5,300,72.1,"3,160","6,500",48.6,830,"6,500",12.8,,.,.,105,515,20.5,40,520,8.1,395,515,76.8,355,520,68.1,30,"141,065",22,255,"37,505",677.2,175,200,87.1,200,"5,840",3.4,13,"178,575",7.4,3,"178,575",1.9,6.2,295,60.8,,.,.,,.,.,6.3,210,70.2,5.8,295,61.9,5.5,285,61.9,,30,"141,065",22,255,"37,505",677.2
719,Brent,0.7,200,17.7,6.8,230,62.9,"2,740","5,085",53.9,560,"5,085",11,,.,.,40,700,5.6,120,"1,445",8.2,510,700,73.2,"1,075","1,445",74.5,30,"208,950",14.4,180,"32,840",548.1,315,355,89.2,355,"5,055",7,25,"241,790",10.2,11,"241,790",4.4,7,230,48.5,,.,.,,.,.,7.5,185,64.3,6.8,225,49.6,6.7,220,65.3,,30,"208,950",14.4,180,"32,840",548.1
720,Bromley,0.3,505,18.8,3.5,540,71,"3,695","7,490",49.3,415,"7,490",5.6,,.,.,175,955,18.1,60,"1,115",5.3,550,955,57.8,710,"1,115",63.4,50,"189,495",25.9,290,"52,400",549.6,380,470,80.6,470,"8,210",5.7,8,"241,895",3.4,3,"241,895",1.2,3.8,545,62,,.,.,,.,.,3.7,400,80.2,3.5,545,69.7,2.6,525,87.4,,50,"189,495",25.9,290,"52,400",549.6
721,Croydon,0.4,370,18.2,4.2,415,71,"3,870","8,150",47.4,..,"8,150",..,,.,.,75,960,7.8,125,"1,900",6.5,700,960,72.9,"1,385","1,900",72.9,100,"230,945",44.2,255,"44,655",566.6,180,240,74.8,240,"7,240",3.3,13,"275,600",4.8,6,"275,600",2.3,4.6,410,53.9,,.,.,,.,.,4.6,350,70.9,4.3,420,58.1,4,415,76,,..,"230,945",..,245,"44,655",547.7
722,Ealing,0.5,310,17.6,4.7,360,66.2,"3,555","9,495",37.5,985,"9,495",10.4,,.,.,100,895,11.3,155,"2,000",7.8,550,895,61.7,"1,625","2,000",81.3,35,"226,070",16.4,130,"36,455",359.3,265,285,93,285,"6,340",4.5,27,"262,525",10.2,11,"262,525",4,5.2,355,54.9,,.,.,,.,.,5.7,265,66,5,360,56.8,4.7,350,67.9,,15,"226,070",7.1,130,"36,455",359.3
723,Enfield,0.5,330,17.8,4.2,455,73.9,"4,250","6,990",60.8,"1,160","6,990",16.6,,.,.,140,875,16,95,"2,250",4.2,685,875,78.2,"1,275","2,250",56.8,15,"195,985",7.7,200,"39,065",514.6,80,95,88.2,95,"6,260",1.5,13,"235,050",5.5,4,"235,050",1.7,4.5,455,66.2,,.,.,,.,.,5.4,270,74.4,4.6,460,59.5,4.5,450,68.1,,15,"195,985",7.7,200,"39,065",514.6
724,Haringey,0.6,405,17.7,6.7,445,63.1,"1,965","4,480",43.9,"1,435","4,480",32,,.,.,25,575,4.2,150,"2,320",6.4,270,575,47.2,"1,425","2,320",61.3,5,"175,480",4,110,"22,495",497.9,55,65,84.6,65,"3,890",1.7,16,"197,975",8.2,8,"197,975",3.8,6.4,445,43.6,,.,.,,.,.,7.2,375,66.4,6.6,445,54.6,6.1,435,76.7,,5,"175,480",4,110,"22,495",497.9
725,Harrow,0.5,240,18,5.7,270,64.3,"3,150","5,915",53.3,"1,325","5,915",22.4,,.,.,80,435,18.2,65,880,7.2,310,435,71.2,645,880,73.2,15,"151,850",9.9,135,"33,885",404.3,290,340,85,340,"4,770",7.1,12,"185,735",6.4,4,"185,735",2.2,6,270,50.7,,.,.,,.,.,5.5,205,80.3,5.3,275,56.7,4.9,260,75.1,,15,"151,850",9.9,135,"33,885",404.3
726,Havering,0.4,320,18.1,4.9,345,68.9,"2,655","5,875",45.2,580,"5,875",9.8,,.,.,30,520,6.1,55,665,8.3,270,520,51.4,595,665,89.7,15,"144,400",9,230,"42,555",538.1,165,215,77.2,215,"6,220",3.5,25,"186,955",13.2,10,"186,955",5.4,5.2,335,57.7,,.,.,,.,.,5.6,235,75.4,5,340,58.9,4,335,83.2,,15,"144,400",9,230,"42,555",538.1
727,Hillingdon,0.3,490,17.9,3.6,545,70.4,"1,235","4,790",25.7,445,"4,790",9.2,,.,.,25,650,3.7,85,985,8.6,430,650,65.9,735,985,74.3,70,"175,645",39.3,235,"35,410",663.6,190,225,84.8,225,"5,785",3.9,19,"211,055",8.9,10,"211,055",4.9,4,535,55.9,,.,.,,.,.,4.2,400,73.3,3.9,540,57.3,3.1,525,82.9,,..,"175,645",..,..,"35,410",..
728,Hounslow,0.5,325,18.1,4.3,360,71.7,"1,730","5,695",30.4,780,"5,695",13.7,,.,.,45,520,8.5,170,"1,355",12.6,195,520,37.5,"1,125","1,355",83.2,10,"170,285",7,95,"27,015",344.3,35,40,92.5,40,"3,945",1,11,"197,300",5.7,2,"197,300",1.2,4.9,345,55.4,,.,.,,.,.,5.2,265,72.1,4.7,360,59.6,4.6,350,61.1,,10,"170,285",7,95,"27,015",344.3
729,Kingston upon Thames,0.5,240,18.2,5.1,280,69,"1,000","2,690",37.2,340,"2,690",12.7,,.,.,90,405,22,130,925,14.1,290,405,72.3,790,925,85.5,-,"106,070",-,85,"20,505",404.8,50,60,82.3,60,"2,870",2.2,7,"126,575",5.8,2,"126,575",1.7,5.3,285,58.9,,.,.,,.,.,5.3,210,79.4,5.1,275,66.7,4.3,270,80.4,,-,"106,070",-,85,"20,505",404.8
730,Merton,0.4,370,18.2,4.1,435,70.6,"1,875","4,610",40.7,635,"4,610",13.7,,.,.,50,505,10.1,90,815,10.8,360,505,71.5,640,815,78.7,35,"133,885",25.4,150,"23,215",641.8,50,65,81,65,"3,280",1.9,5,"157,100",3.3,1,"157,100",0.9,4.5,415,56.5,,.,.,,.,.,4.8,335,70.3,4.4,430,58.6,4.2,420,58.1,,20,"133,885",13.3,150,"23,215",638.3
731,Newham,0.4,385,18.2,4.4,430,66.7,"2,015","4,405",45.7,"1,125","4,405",25.5,,.,.,20,710,2.8,105,"1,665",6.4,400,710,56.8,"1,520","1,665",91.5,5,"211,645",3.3,50,"20,700",246.4,95,95,95.9,95,"3,240",3,26,"232,345",11,15,"232,345",6.2,4.6,420,58.7,,.,.,,.,.,5,335,65.4,4.4,440,62.6,3.9,435,77.1,,5,"211,645",3.3,50,"20,700",246.4
732,Redbridge,0.3,555,19.5,2.9,590,82.7,"3,295","7,365",44.7,860,"7,365",11.7,,.,.,75,610,12.6,70,950,7.2,455,610,74.7,795,950,83.4,10,"176,870",5.7,85,"33,575",259.1,200,290,69.7,290,"5,305",5.5,17,"210,445",7.8,8,"210,445",3.6,3.2,590,77.7,,.,.,,.,.,3,495,84.8,3.5,585,65.5,3.5,570,69.8,,..,"176,870",..,..,"33,575",..
733,Richmond upon Thames,0.4,375,18.3,3.6,415,72.1,"2,020","2,225",90.6,870,"2,225",39,,.,.,55,370,15.4,110,835,13.4,250,370,67.1,705,835,84.2,10,"121,300",6.6,105,"25,500",407.8,120,140,83.7,140,"3,180",4.4,8,"146,800",5.4,2,"146,800",1.2,4.1,410,58,,.,.,,.,.,4.2,295,77.5,3.8,410,64.4,3.1,405,78.4,,10,"121,300",6.6,105,"25,500",407.8
734,Sutton,0.3,415,19,3.4,450,78.6,"2,505","3,835",65.3,560,"3,835",14.6,,.,.,35,560,5.9,65,620,10.3,385,560,68.4,500,620,80.9,30,"120,360",24.1,45,"27,540",170.6,170,215,80,215,"4,200",5.1,12,"147,900",8.4,7,"147,900",4.5,4,445,63,,.,.,,.,.,4.2,330,76.7,3.8,450,66.2,3.6,445,70.9,,..,"120,360",..,45,"27,540",170.6
735,Waltham Forest,0.4,345,18.3,4.2,395,70.4,"1,615","4,310",37.5,"1,170","4,310",27.1,,.,.,35,510,6.7,50,935,5.6,240,510,47.1,760,935,81.2,75,"172,350",42.4,95,"25,770",372.5,490,595,82.1,595,"4,630",12.9,9,"198,120",4.5,3,"198,120",1.6,4.6,395,48.1,,.,.,,.,.,5,300,69.6,4.5,400,58.5,4.3,390,65,,15,"172,350",8.9,80,"25,770",316.6
803,Isle of Wight,0.3,350,19.4,3.7,375,78.9,"1,905","4,585",41.5,"1,110","4,585",24.2,,.,.,45,580,7.9,-,-,-,410,580,70.9,30,265,12,20,"79,000",26.6,285,"33,245",854.3,155,185,85.3,185,"2,675",6.9,1,"112,245",0.5,-,"112,245",-,4,385,72.1,,.,.,,.,.,4.8,265,76.4,4.1,380,69.5,2.8,370,89.3,,20,"79,000",26.6,285,"33,245",854.3
805,Surrey,0.3,610,19.1,3,685,77.4,"7,780","26,410",29.5,"3,590","26,410",13.6,,.,.,365,"3,315",11.1,30,360,7.8,"2,045","3,315",61.8,155,360,43.5,460,"692,255",66.4,"1,425","196,140",727,250,335,74,335,"26,045",1.3,127,"888,400",14.3,44,"888,400",5,3.5,685,66.3,,.,.,,.,.,3.8,495,74.4,3.3,685,68.3,2.5,670,81.3,,..,"692,255",0,"1,425","196,140",727
807,West Sussex,0.4,365,19.3,4.1,390,78.3,"5,775","15,700",36.8,"1,725","15,700",11,,.,.,355,"1,860",19.1,515,"4,140",12.4,"1,295","1,860",69.4,"2,715","4,140",65.6,85,"476,440",18.1,935,"168,055",557.6,440,505,87.3,505,"22,375",2.3,101,"644,495",15.6,38,"644,495",5.8,4.7,385,67.5,,.,.,,.,.,5.1,275,76.7,4.2,395,74.1,2.7,390,92.4,,85,"476,440",18.1,935,"168,055",557.6
809,Dorset,0.4,260,19.2,4.5,285,79.5,"4,255",..,..,"1,065",..,..,,.,.,30,960,3.3,75,"1,840",4.1,655,960,68.4,200,"1,840",10.8,85,"231,285",36.3,600,"105,000",569.5,500,710,70.7,710,"16,200",4.4,53,"336,285",15.9,25,"336,285",7.4,5.3,280,68.5,,.,.,,.,.,5.7,205,77.6,5.1,280,66.6,4.7,270,72.8,,40,"231,285",17.6,595,"105,000",567
810,Bournemouth,0.4,320,18.7,4.2,345,77.4,750,"5,000",15,415,"5,000",8.3,,.,.,20,370,4.9,20,"2,045",1,215,370,58,60,"2,045",3,20,"119,055",16.8,260,"32,575",792.1,285,345,81.8,345,"6,165",5.6,10,"151,630",6.3,5,"151,630",3.4,4.9,345,59.9,,.,.,,.,.,5,250,78.3,4.6,350,64.7,4.4,340,69.1,,20,"119,055",16.8,260,"32,575",792.1
811,Poole,0.4,305,18.5,4.2,335,74.6,"1,590","4,090",38.9,420,"4,090",10.3,,.,.,45,450,9.8,45,"1,220",3.7,320,450,71.3,165,"1,220",13.3,15,"88,475",19.2,275,"30,390",908.2,415,540,76.8,540,"4,945",11,28,"118,865",23.6,12,"118,865",10.4,4.7,345,65,,.,.,,.,.,5.2,235,76.5,4.5,340,60,3.8,325,81.4,,15,"88,475",19.2,275,"30,390",908.2
812,Hampshire,0.4,370,18.8,4.2,395,76.8,"10,695","36,975",28.9,"1,895","36,975",5.1,,.,.,280,"3,065",9.1,335,"4,455",7.5,"2,195","3,065",71.7,355,"4,455",8,135,"796,000",16.7,"1,540","245,970",626.9,855,"1,035",82.5,"1,035","31,150",3.3,76,"1,041,965",7.3,47,"1,041,965",4.5,4.7,390,64.9,,.,.,,.,.,4.9,290,75.9,4.4,390,68.5,2.6,380,91.8,,135,"796,000",16.7,"1,540","245,970",626.9
813,Portsmouth,0.3,400,19.3,3.7,440,78.6,"1,470","5,915",24.9,340,"5,915",5.7,,.,.,45,515,9,30,920,3,350,515,68.4,150,920,16.5,65,"135,410",48.7,235,"27,560",856.3,85,120,70.5,120,"3,640",3.4,9,"162,965",5.4,4,"162,965",2.2,4.3,440,64.3,,.,.,,.,.,4.6,315,75.2,4,440,69.4,3.2,420,85.5,,30,"135,410",23.8,235,"27,560",844.7
814,Southampton,0.3,505,18.5,3.4,575,76.5,"3,770","10,790",34.9,660,"10,790",6.1,,.,.,40,640,6.6,75,"1,640",4.6,515,640,80.4,100,"1,640",6,40,"158,695",26.5,275,"30,945",885.5,190,215,87.9,215,"4,915",4.4,16,"189,640",8.3,6,"189,640",3,3.8,565,67.6,,.,.,,.,.,4.5,385,72.9,3.9,565,62.3,3.7,555,67.2,,15,"158,695",9.7,270,"30,945",874.7
815,East Sussex,0.4,445,18.5,3.7,525,74.7,"11,180","18,830",59.4,"3,740","18,830",19.9,,.,.,90,"1,265",7,315,"3,740",8.4,735,"1,265",58,"1,830","3,740",48.9,80,"302,200",27.1,755,"120,720",626.2,430,480,89.8,480,"15,325",3.1,54,"422,925",12.8,14,"422,925",3.4,4,525,65.4,,.,.,,.,.,4.1,395,77.1,4,520,61.1,4,510,61,,..,"302,200",..,..,"120,720",..
816,Brighton and Hove,0.4,315,18.9,3.9,350,81.4,"2,750","4,510",61,740,"4,510",16.4,,.,.,95,760,12.8,115,"2,130",5.4,545,760,72,"1,160","2,130",54.4,35,"187,215",17.6,300,"35,850",831.3,250,280,88.9,280,"5,160",5.4,17,"223,065",7.5,5,"223,065",2.4,4.9,340,62.4,,.,.,,.,.,5.3,255,72.1,4.5,345,64.8,4,330,79.4,,35,"187,215",17.6,300,"35,850",831.3
817,Wiltshire,0.4,325,18.8,4,390,79.2,"3,160","11,365",27.8,"1,660","11,365",14.6,,.,.,150,"1,200",12.6,300,"3,025",10,730,"1,200",60.6,"1,320","3,025",43.6,120,"284,300",42.2,510,"86,435",587.7,650,790,82.3,790,"10,465",7.5,53,"370,735",14.2,41,"370,735",11,4.6,385,68,,.,.,,.,.,5.1,295,71.5,4.7,380,64.6,4.3,375,72.4,,55,"284,300",19,490,"86,435",564.5
819,Swindon,0.4,305,18.9,4.4,330,75.7,725,"5,795",12.5,300,"5,795",5.2,,.,.,20,540,3.5,180,"1,675",10.8,305,540,56.1,950,"1,675",56.6,20,"134,065",16.4,195,"29,070",670.8,65,75,89,75,"4,295",1.7,23,"163,135",14.1,6,"163,135",3.7,5,335,62.3,,.,.,,.,.,5.5,250,72.9,4.7,330,69.1,4.1,315,78.4,,20,"134,065",16.4,195,"29,070",670.8
820,Kent,0.3,815,18.6,2.7,910,76.7,"15,235","40,850",37.3,"4,035","40,850",9.9,,.,.,175,"3,390",5.2,250,"3,830",6.6,"2,420","3,390",71.4,"2,515","3,830",65.6,165,"878,790",18.8,"2,240","264,930",845.5,"1,225","1,430",85.9,"1,430","35,140",4.1,88,"1,143,725",7.7,24,"1,143,725",2.1,3.2,905,57.7,,.,.,,.,.,3.5,630,73.2,3.1,905,61.9,2.8,885,75,,165,"878,790",18.8,"2,240","264,930",845.5
821,Medway Towns,0.3,400,18.8,3.9,430,76.2,"2,355","5,540",42.5,670,"5,540",12.1,,.,.,10,630,1.3,55,835,6.7,430,630,67.7,520,835,62.5,35,"166,595",21.6,295,"37,330",795.6,120,135,89.5,135,"4,430",3,8,"203,925",3.9,2,"203,925",0.8,4.5,435,60.8,,.,.,,.,.,4.7,340,73.5,4.5,435,63,3.3,420,86.9,,35,"166,595",21.6,295,"37,330",795.6
902,Cornwall,0.4,355,19.2,4,390,75.9,..,..,..,..,..,..,,.,.,-,"1,765",-,445,"3,500",12.7,"1,045","1,765",59.1,"2,455","3,500",70.2,40,"314,645",12.4,605,"116,500",519.3,50,55,90.9,55,"16,850",0.3,62,"431,145",14.3,27,"431,145",6.3,4.7,390,65.3,,.,.,,.,.,5.1,295,75,4.7,395,62.8,3.1,390,87.7,,40,"314,645",12.4,605,"116,500",519.3
904,Gloucestershire,0.4,340,19,3.9,415,79.1,"5,230","13,335",39.2,"1,555","13,335",11.7,,.,.,115,"1,720",6.7,120,"1,555",7.8,..,"1,720",..,600,"1,555",38.6,70,"363,715",19,810,"112,405",719.7,175,205,85.8,205,"15,710",1.3,50,"476,120",10.5,20,"476,120",4.2,4.6,410,61,,.,.,,.,.,4.8,315,75.2,4.6,415,61.1,4.5,410,59,,..,"363,715",..,..,"112,405",..
905,Somerset,0.3,420,19,3.6,480,77,"1,095","27,780",3.9,"1,095","27,780",3.9,,.,.,25,"1,590",1.7,370,"4,775",7.7,"1,265","1,590",79.5,"1,310","4,775",27.4,45,"310,075",14.8,895,"112,725",794,240,285,85.5,285,"16,205",1.7,41,"422,800",9.6,7,"422,800",1.7,4.4,470,62.8,,.,.,,.,.,4.4,365,76.4,4.1,475,63.2,3.8,465,64.4,,45,"310,075",14.8,895,"112,725",794
906,Isles of Scilly,..,..,..,..,..,..,15,45,36.2,15,45,29.8,,.,.,-,-,-,-,-,30,-,-,-,-,-,-,-,"1,355",-,-,515,-,-,-,-,-,75,-,-,"1,870",-,-,"1,870",-,..,..,..,,.,.,,.,.,..,..,..,..,..,..,..,..,..,,-,"1,355",-,-,515,-
908,Bath and North East Somerset,0.4,380,18.7,3.8,430,76,"1,740","3,670",47.4,465,"3,670",12.6,,.,.,30,430,7.2,195,"1,415",13.8,275,430,63.7,840,"1,415",59.4,20,"109,825",16.4,310,"32,060",973.2,75,80,93.9,80,"3,960",2.1,18,"141,885",12.7,7,"141,885",4.7,4.3,430,63.1,,.,.,,.,.,5,290,73,4.1,425,68.3,3.8,425,75.2,,20,"109,825",16.4,310,"32,060",973.2
909,Bristol,0.5,315,17.9,5.3,335,70.2,"3,885","10,805",36,950,"10,805",8.8,,.,.,70,"1,030",6.6,340,"3,380",10.1,555,"1,030",53.6,"1,795","3,380",53.1,55,"284,350",19,455,"56,075",811.4,110,135,80,135,"8,110",1.7,37,"340,425",10.9,6,"340,425",1.8,5.8,320,60.3,,.,.,,.,.,6.2,235,72.9,5.5,340,55.5,5.1,330,75.9,,55,"284,350",19,455,"56,075",811.4
910,North Somerset,0.4,290,19.4,4,330,79.8,"1,755","4,320",40.6,510,"4,320",11.9,,.,.,45,420,10.2,150,"1,300",11.7,255,420,60.3,785,"1,300",60.3,20,"118,540",16.9,325,"43,045",757.3,80,95,83.2,95,"5,645",1.7,10,"161,585",6.3,2,"161,585",1.2,4.6,330,69.9,,.,.,,.,.,4.9,230,79.4,4.2,325,72.5,3.3,310,86.7,,20,"118,540",16.2,325,"43,045",756.8
911,South Gloucestershire,0.3,390,19.1,3.3,445,80,"2,730","5,030",54.3,810,"5,030",16.1,,.,.,85,695,11.9,255,"1,410",18,465,695,67.2,810,"1,410",57.6,85,"161,675",52,340,"44,755",757.4,205,245,84,245,"5,950",4.1,26,"206,430",12.8,7,"206,430",3.6,4.3,435,67.1,,.,.,,.,.,4.7,325,71.4,4,445,63.3,3.3,435,68.8,,..,"161,675",0,315,"44,755",702.3
912,Devon,0.4,435,18.7,3.7,500,77.4,"13,965","20,880",66.9,"3,345","20,880",16,,.,.,150,"2,105",7.1,300,"2,520",11.9,"1,435","2,105",68.2,"1,885","2,520",74.7,90,"437,315",20.6,"1,060","169,840",625.3,400,465,85.8,465,"24,680",1.9,99,"607,155",16.2,28,"607,155",4.6,4.3,495,63,,.,.,,.,.,4.6,350,76.1,4.2,500,61.5,3.6,485,80.6,,90,"437,315",20.6,"1,060","169,840",625.3
913,Plymouth,0.3,465,19.9,3.1,505,82.5,"2,330","6,875",33.9,"1,170","6,875",17,,.,.,45,975,4.6,80,"1,120",7.3,660,975,67.6,600,"1,120",53.6,15,"163,705",8.6,305,"41,995",726.3,510,635,80.3,635,"5,970",10.6,17,"205,700",8.3,7,"205,700",3.2,3.8,505,70.3,,.,.,,.,.,3.7,385,80.8,3.7,500,70.5,3.2,490,79.5,,15,"163,705",8.6,305,"41,995",726.3
914,Torbay,0.4,470,18.8,4.2,545,75.1,"2,750","5,740",48,780,"5,740",13.6,,.,.,15,410,4.2,20,325,6.2,280,410,68.5,175,325,54.2,25,"75,215",34.6,135,"31,150",436.6,145,175,82.3,175,"4,360",4,2,"106,365",2,1,"106,365",0.5,4.6,540,64.4,,.,.,,.,.,5.2,425,70.6,4.6,545,58.8,4.6,530,62.7,,25,"75,215",34.6,135,"31,150",436.6
,,,,,,,,,,,,,,,,,,,,,,,,,,,,,,,,,,,,,,,,,,,,,,,,,,,,,,,,,,,,,,,,,,,,,,,
1001,TOTAL,0,"57,335",18.7,0.4,"64,210",75.1,"605,425","1,407,190",43,"192,625","1,407,190",13.7,,.,.,"9,905","139,165",7.1,"26,455","297,010",8.9,"97,360","139,090",70,"162,115","297,010",54.6,"6,320","33,036,750",19.1,"60,750","8,729,665",695.9,"33,930","41,010",82.7,"41,010","1,276,940",3.2,"4,044","41,766,420",9.7,"1,542","41,766,420",3.7,0.5,"63,870",62.8,,.,.,,.,.,0.5,"47,520",73.8,0.5,"63,985",63.8,0.4,"62,340",75.5,,"4,630","33,036,751",14,"60,605","8,729,665",694.2
,,,,,,,,,,,,,,,,,,,,,,,,,,,,,,,,,,,,,,,,,,,,,,,,,,,,,,,,,,,,,,,,,,,,,,,
,,,,,,,,,,,,,,,,,,,,,,,,,,,,,,,,,,,,,,,,,,,,,,,,,,,,,,,,,,,,,,,,,,,,,,,
S,Shire Counties,0.1,"11,575",18.9,0.9,"13,040",76.7,"235,825","555,450",42.5,"72,875","555,450",13.1,,.,.,"3,865","53,950",7.2,"11,660","105,365",11.1,"36,985","53,950",68.6,"53,500","105,365",50.8,"2,590","12,852,775",20.1,"27,705","4,023,825",688.5,"12,630","15,290",82.6,"15,290","559,895",2.7,"1,870","16,876,600",11.1,675,"16,876,600",4,1,"12,910",63.3,,.,.,,.,.,1.1,"9,340",73.7,0.9,"12,990",65.3,0.8,"12,675",75.4,,"1,717","12,852,773",13.4,"27,700","4,023,825",688.4
U,Unitary Authorities,0.1,"19,835",18.9,0.6,"22,125",76.6,"135,080","351,115",38.5,"45,390","351,115",12.9,,.,.,"2,460","34,365",7.2,"6,755","74,870",9,"23,765","34,365",69.2,"39,560","74,870",52.8,"1,550","7,551,385",20.5,"14,870","2,006,510",741,"7,660","9,255",82.7,"9,255","289,765",3.2,879,"9,557,895",9.2,293,"9,557,895",3.1,0.7,"22,015",64.7,,.,.,,.,.,0.8,"16,390",75.2,0.7,"22,015",64.1,0.6,"21,410",77.8,,"1,244","7,551,385",16.5,"14,815","2,006,510",738.3
M,Metropolitan Districts,0.1,"13,920",18.8,0.8,"15,535",74.4,"151,230","323,955",46.7,"44,610","323,955",13.8,,.,.,"1,820","31,785",5.7,"4,850","69,040",7,"24,070","31,710",75.9,"36,120","69,040",52.3,"1,315","7,154,490",18.4,"13,285","1,789,200",742.4,"7,915","9,710",81.5,"9,710","285,390",3.4,825,"8,943,690",9.2,389,"8,943,690",4.4,0.9,"15,500",63.5,,.,.,,.,.,0.9,"11,385",73.9,0.8,"15,480",64.3,0.7,"15,125",74.7,,"1,062","7,154,490",14.8,"13,215","1,789,200",738.6
I,Inner London,0.1,"4,815",18,1.3,"5,385",69.7,"29,630","63,405",46.7,"11,280","63,405",17.8,,.,.,465,"6,560",7.1,970,"17,695",5.5,"4,495","6,560",68.5,"13,010","17,695",73.5,300,"2,084,955",14.4,"1,710","261,990",652.3,"1,700","1,950",87.2,"1,950","40,990",4.8,158,"2,346,950",6.7,58,"2,346,950",2.5,1.4,"5,370",57.3,,.,.,,.,.,1.4,"4,270",72,1.3,"5,365",58.1,1.2,"5,195",74.5,,270,"2,084,957",12.9,"1,710","261,990",652.3
O,Outer London,0.1,"7,190",18.2,1.1,"8,120",70,"53,660","113,265",47.4,"18,475","113,265",16.3,,.,.,"1,300","12,505",10.4,"1,935","25,365",7.6,"8,040","12,505",64.3,"18,465","25,365",72.8,565,"3,393,145",16.7,"3,185","648,140",491.7,"4,025","4,800",83.8,"4,800","100,900",4.8,311,"4,041,285",7.7,127,"4,041,285",3.1,1.2,"8,070",57.1,,.,.,,.,.,1.2,"6,135",72.1,1.1,"8,130",59.4,1.1,"7,935",72.1,,337,"3,393,146",9.9,"3,165","648,140",488.1
,,,,,,,,,,,,,,,,,,,,,,,,,,,,,,,,,,,,,,,,,,,,,,,,,,,,,,,,,,,,,,,,,,,,,,,
NE,North East,0.1,"4,100",19.2,1.2,"4,515",77.4,"38,855","89,025",43.6,"9,825","89,025",11,,.,.,485,"8,540",5.7,"1,490","21,975",6.8,"6,650","8,540",77.8,"11,425","21,975",52,395,"1,618,425",24.5,"3,975","452,555",877.9,"2,065","2,420",85.3,"2,420","80,375",3,174,"2,070,980",8.4,60,"2,070,980",2.9,1.4,"4,530",66.8,,.,.,,.,.,1.4,"3,335",79.6,1.3,"4,520",67.8,1.1,"4,400",77.2,,233,"1,618,424",14.4,"3,925","452,555",867.6
NW,North West,0.1,"8,465",18.9,1.1,"9,510",76.1,"104,735","221,935",47.2,"29,115","221,935",13.1,,.,.,"1,075","19,975",5.4,"4,285","43,695",9.8,"15,475","19,900",77.8,"28,000","43,695",64.1,735,"4,376,030",16.8,"9,650","1,179,300",818.4,"5,110","6,225",82.1,"6,225","184,255",3.4,424,"5,555,330",7.6,126,"5,555,330",2.3,1.3,"9,475",66.4,,.,.,,.,.,1.4,"7,015",75.7,1.2,"9,465",65.7,1.1,"9,275",73,,730,"4,376,031",16.7,"9,650","1,179,300",818.3
YH,Yorkshire and the Humber,0.1,"5,895",18.7,1.1,"6,545",75.9,"72,220","153,745",47,"19,470","153,745",12.7,,.,.,960,"14,040",6.8,"2,765","28,790",9.6,"10,730","14,040",76.4,"15,930","28,790",55.3,470,"3,278,625",14.3,"5,930","881,165",672.9,"2,235","2,635",84.9,"2,635","134,455",2,325,"4,159,790",7.8,94,"4,159,790",2.2,1.3,"6,535",63.4,,.,.,,.,.,1.4,"4,815",73.1,1.2,"6,505",63.3,1.1,"6,365",75.6,,470,"3,278,626",14.3,"5,930","881,165",672.9
EM,East Midlands,0.2,"2,915",18.8,2,"3,255",74.8,"49,360","108,830",45.4,"19,560","108,830",18,,.,.,670,"11,570",5.8,"2,495","18,605",13.4,"7,645","11,570",66.1,"11,135","18,605",59.8,465,"2,804,680",16.5,"5,460","779,610",700.6,"2,500","3,135",79.7,"3,135","114,550",2.7,386,"3,584,295",10.8,112,"3,584,295",3.1,2.2,"3,225",63.7,,.,.,,.,.,2.5,"2,335",71.6,2.2,"3,240",63.7,1.9,"3,115",80.3,,451,"2,804,682",16.1,"5,460","779,610",700.5
WM,West Midlands,0.1,"5,955",18.8,1.2,"6,725",74.5,"52,905","145,435",36.4,"20,345","145,435",14,,.,.,900,"14,175",6.3,"3,045","29,450",10.3,"9,275","14,175",65.4,"15,090","29,450",51.2,625,"3,415,655",18.3,"6,150","953,050",645.5,"4,410","5,440",81.1,"5,440","135,785",4,592,"4,368,705",13.5,321,"4,368,705",7.4,1.4,"6,695",63.3,,.,.,,.,.,1.5,"4,895",72.1,1.3,"6,700",63.1,1.2,"6,515",74.4,,507,"3,415,653",14.8,"6,130","953,050",643.2
SW,South West,0.1,"5,375",18.9,1.2,"6,070",77.3,"49,010","153,690",31.9,"15,855","153,690",10.3,,.,.,845,"14,665",5.8,"2,900","31,115",9.3,"9,570","14,665",65.2,"13,955","31,115",44.8,725,"3,197,595",22.6,"7,080","1,044,530",677.7,"3,905","4,835",80.8,"4,835","149,585",3.2,528,"4,242,125",12.5,201,"4,242,125",4.7,1.4,"6,010",64.4,,.,.,,.,.,1.5,"4,445",75,1.4,"6,045",63.2,1.2,"5,890",73.4,,520,"3,197,595",16.3,"7,030","1,044,530",673.2
E,Eastern,0.1,"4,615",18.8,1.4,"5,135",75.5,"68,945","143,990",47.9,"22,725","143,990",15.8,,.,.,"1,120","15,460",7.3,"3,835","45,545",8.4,"10,255","15,460",66.3,"20,815","45,545",45.7,635,"3,571,120",17.7,"7,225","1,033,855",698.8,"2,805","3,480",80.7,"3,480","142,820",2.4,397,"4,604,975",8.6,140,"4,604,975",3,1.6,"5,080",60.5,,.,.,,.,.,1.8,"3,715",72.3,1.5,"5,095",67.2,1.2,"4,955",79.1,,633,"3,571,121",17.7,"7,225","1,033,855",698.8
L,London,0.1,"12,000",18.1,0.8,"13,505",69.9,"83,295","176,670",47.1,"29,750","176,670",16.8,,.,.,"1,765","19,065",9.3,"2,905","43,060",6.7,"12,535","19,065",65.7,"31,470","43,060",73.1,865,"5,478,105",15.8,"4,895","910,130",537.9,"5,725","6,750",84.8,"6,750","141,895",4.8,469,"6,388,235",7.3,185,"6,388,235",2.9,0.9,"13,445",57.2,,.,.,,.,.,0.9,"10,405",72,0.9,"13,495",58.9,0.8,"13,130",73,,607,"5,478,103",11.1,"4,870","910,130",535.4
SE,South East,0.1,"8,010",18.7,1.1,"8,950",76.7,"86,105","213,860",40.3,"25,975","213,860",12.1,,.,.,"2,090","21,670",9.6,"2,450","30,095",8.1,"15,220","21,670",70.2,"12,840","30,095",42.7,"1,410","5,296,515",26.6,"10,385","1,495,470",694.4,"5,170","6,090",85,"6,090","193,230",3.2,750,"6,791,985",11,305,"6,791,985",4.5,1.3,"8,870",61.6,,.,.,,.,.,1.4,"6,555",74.4,1.3,"8,920",64.6,1.1,"8,700",77.2,,480,"5,296,516",9.1,"10,380","1,495,470",694
,,,,,,,,,,,,,,,,,,,,,,,,,,,,,,,,,,,,,,,,,,,,,,,,,,,,,,,,,,,,,,,,,,,,,,,
,Note,,,,,,,,,,,,,,,,,,,,,,,,,,,,,,,,,,,,,,,,,,,,,,,,,,,,,,,,,,,,,,,,,,,,,,
,1. Caution should be taken when comparing data historically please refer to the notes in the cover sheet.,,,,,,,,,,,,,,,,,,,,,,,,,,,,,,,,,,,,,,,,,,,,,,,,,,,,,,,,,,,,,,,,,,,,,,
,2. Numerator and denominator values used to calculate the indicator are rounded to the nearest 5.,,,,,,,,,,,,,,,,,,,,,,,,,,,,,,,,,,,,,,,,,,,,,,,,,,,,,,,,,,,,,,,,,,,,,,
,"3. - means constituent values less than 6 are suppressed, where elements of an indicator are suppressed the indicator itself is also suppressed. The exception is for measure 2C where values of less than 0.5 have been supressed. This is because the numerator is based on an average of the 12 monthly figures.",,,,,,,,,,,,,,,,,,,,,,,,,,,,,,,,,,,,,,,,,,,,,,,,,,,,,,,,,,,,,,,,,,,,,,
,4. .. Represents data that is unavailable.,,,,,,,,,,,,,,,,,,,,,,,,,,,,,,,,,,,,,,,,,,,,,,,,,,,,,,,,,,,,,,,,,,,,,,
,"5. 1A, 1B, 1D, 3A, 3B, 3C, 3D, 4A and 4B are based on survey data. The base (i.e. the number of responses on which the outcome is based) should be taken into account when assessing the reliability of the outcome values. Outcomes based on a small base should be treated with caution.",,,,,,,,,,,,,,,,,,,,,,,,,,,,,,,,,,,,,,,,,,,,,,,,,,,,,,,,,,,,,,,,,,,,,,
,"6. 1A, 1B, 3A, 3D, 4A and 4B have been weighted to reflect that a stratified sample was taken and to account for non-response bias. For 1D, 3B and 3C only the national, regional and council type figures have been weighted as stratified sampling was not used. These totals have been weighted to account for differing response rates in councils.",,,,,,,,,,,,,,,,,,,,,,,,,,,,,,,,,,,,,,,,,,,,,,,,,,,,,,,,,,,,,,,,,,,,,,
,,,,,,,,,,,,,,,,,,,,,,,,,,,,,,,,,,,,,,,,,,,,,,,,,,,,,,,,,,,,,,,,,,,,,,,
,,,,,,,,,,,,,,,,,,,,,,,,,,,,,,,,,,,,,,,,,,,,,,,,,,,,,,,,,,,,,,,,,,,,,,,
,,,,,,,,,,,,,,,,,,,,,,,,,,,,,,,,,,,,,,,,,,,,,,,,,,,,,,,,,,,,,,,,,,,,,,,
,"Copyright � 2013, Health and Social Care Information Centre, Adult Social Services Statistics.  All rights reserved.",,,,,,,,,,,,,,,,,,,,,,,,,,,,,,,,,,,,,,,,,,,,,,,,,,,,,,,,,,,,,,,,,,,,,,
,,,,,,,,,,,,,,,,,,,,,,,,,,,,,,,,,,,,,,,,,,,,,,,,,,,,,,,,,,,,,,,,,,,,,,,
,,,,,,,,,,,,,,,,,,,,,,,,,,,,,,,,,,,,,,,,,,,,,,,,,,,,,,,,,,,,,,,,,,,,,,,
,,,,,,,,,,,,,,,,,,,,,,,,,,,,,,,,,,,,,,,,,,,,,,,,,,,,,,,,,,,,,,,,,,,,,,,
,,,,,,,,,,,,,,,,,,,,,,,,,,,,,,,,,,,,,,,,,,,,,,,,,,,,,,,,,,,,,,,,,,,,,,,
,,,,,,,,,,,,,,,,,,,,,,,,,,,,,,,,,,,,,,,,,,,,,,,,,,,,,,,,,,,,,,,,,,,,,,,
,,,,,,,,,,,,,,,,,,,,,,,,,,,,,,,,,,,,,,,,,,,,,,,,,,,,,,,,,,,,,,,,,,,,,,,
,,,,,,,,,,,,,,,,,,,,,,,,,,,,,,,,,,,,,,,,,,,,,,,,,,,,,,,,,,,,,,,,,,,,,,,
,,,,,,,,,,,,,,,,,,,,,,,,,,,,,,,,,,,,,,,,,,,,,,,,,,,,,,,,,,,,,,,,,,,,,,,
,,,,,,,,,,,,,,,,,,,,,,,,,,,,,,,,,,,,,,,,,,,,,,,,,,,,,,,,,,,,,,,,,,,,,,,
,,,,,,,,,,,,,,,,,,,,,,,,,,,,,,,,,,,,,,,,,,,,,,,,,,,,,,,,,,,,,,,,,,,,,,,
,,,,,,,,,,,,,,,,,,,,,,,,,,,,,,,,,,,,,,,,,,,,,,,,,,,,,,,,,,,,,,,,,,,,,,,
,,,,,,,,,,,,,,,,,,,,,,,,,,,,,,,,,,,,,,,,,,,,,,,,,,,,,,,,,,,,,,,,,,,,,,,
,,,,,,,,,,,,,,,,,,,,,,,,,,,,,,,,,,,,,,,,,,,,,,,,,,,,,,,,,,,,,,,,,,,,,,,
,,,,,,,,,,,,,,,,,,,,,,,,,,,,,,,,,,,,,,,,,,,,,,,,,,,,,,,,,,,,,,,,,,,,,,,
,,,,,,,,,,,,,,,,,,,,,,,,,,,,,,,,,,,,,,,,,,,,,,,,,,,,,,,,,,,,,,,,,,,,,,,
,,,,,,,,,,,,,,,,,,,,,,,,,,,,,,,,,,,,,,,,,,,,,,,,,,,,,,,,,,,,,,,,,,,,,,,
,,,,,,,,,,,,,,,,,,,,,,,,,,,,,,,,,,,,,,,,,,,,,,,,,,,,,,,,,,,,,,,,,,,,,,,
,,,,,,,,,,,,,,,,,,,,,,,,,,,,,,,,,,,,,,,,,,,,,,,,,,,,,,,,,,,,,,,,,,,,,,,
,,,,,,,,,,,,,,,,,,,,,,,,,,,,,,,,,,,,,,,,,,,,,,,,,,,,,,,,,,,,,,,,,,,,,,,
,,,,,,,,,,,,,,,,,,,,,,,,,,,,,,,,,,,,,,,,,,,,,,,,,,,,,,,,,,,,,,,,,,,,,,,
,,,,,,,,,,,,,,,,,,,,,,,,,,,,,,,,,,,,,,,,,,,,,,,,,,,,,,,,,,,,,,,,,,,,,,,
,,,,,,,,,,,,,,,,,,,,,,,,,,,,,,,,,,,,,,,,,,,,,,,,,,,,,,,,,,,,,,,,,,,,,,,
,,,,,,,,,,,,,,,,,,,,,,,,,,,,,,,,,,,,,,,,,,,,,,,,,,,,,,,,,,,,,,,,,,,,,,,
,,,,,,,,,,,,,,,,,,,,,,,,,,,,,,,,,,,,,,,,,,,,,,,,,,,,,,,,,,,,,,,,,,,,,,,
,,,,,,,,,,,,,,,,,,,,,,,,,,,,,,,,,,,,,,,,,,,,,,,,,,,,,,,,,,,,,,,,,,,,,,,
,,,,,,,,,,,,,,,,,,,,,,,,,,,,,,,,,,,,,,,,,,,,,,,,,,,,,,,,,,,,,,,,,,,,,,,
,,,,,,,,,,,,,,,,,,,,,,,,,,,,,,,,,,,,,,,,,,,,,,,,,,,,,,,,,,,,,,,,,,,,,,,
,,,,,,,,,,,,,,,,,,,,,,,,,,,,,,,,,,,,,,,,,,,,,,,,,,,,,,,,,,,,,,,,,,,,,,,
,,,,,,,,,,,,,,,,,,,,,,,,,,,,,,,,,,,,,,,,,,,,,,,,,,,,,,,,,,,,,,,,,,,,,,,
,,,,,,,,,,,,,,,,,,,,,,,,,,,,,,,,,,,,,,,,,,,,,,,,,,,,,,,,,,,,,,,,,,,,,,,
,,,,,,,,,,,,,,,,,,,,,,,,,,,,,,,,,,,,,,,,,,,,,,,,,,,,,,,,,,,,,,,,,,,,,,,
,,,,,,,,,,,,,,,,,,,,,,,,,,,,,,,,,,,,,,,,,,,,,,,,,,,,,,,,,,,,,,,,,,,,,,,
,,,,,,,,,,,,,,,,,,,,,,,,,,,,,,,,,,,,,,,,,,,,,,,,,,,,,,,,,,,,,,,,,,,,,,,
,,,,,,,,,,,,,,,,,,,,,,,,,,,,,,,,,,,,,,,,,,,,,,,,,,,,,,,,,,,,,,,,,,,,,,,
,,,,,,,,,,,,,,,,,,,,,,,,,,,,,,,,,,,,,,,,,,,,,,,,,,,,,,,,,,,,,,,,,,,,,,,
,,,,,,,,,,,,,,,,,,,,,,,,,,,,,,,,,,,,,,,,,,,,,,,,,,,,,,,,,,,,,,,,,,,,,,,
,,,,,,,,,,,,,,,,,,,,,,,,,,,,,,,,,,,,,,,,,,,,,,,,,,,,,,,,,,,,,,,,,,,,,,,
,,,,,,,,,,,,,,,,,,,,,,,,,,,,,,,,,,,,,,,,,,,,,,,,,,,,,,,,,,,,,,,,,,,,,,,
,,,,,,,,,,,,,,,,,,,,,,,,,,,,,,,,,,,,,,,,,,,,,,,,,,,,,,,,,,,,,,,,,,,,,,,
,,,,,,,,,,,,,,,,,,,,,,,,,,,,,,,,,,,,,,,,,,,,,,,,,,,,,,,,,,,,,,,,,,,,,,,
,,,,,,,,,,,,,,,,,,,,,,,,,,,,,,,,,,,,,,,,,,,,,,,,,,,,,,,,,,,,,,,,,,,,,,,
,,,,,,,,,,,,,,,,,,,,,,,,,,,,,,,,,,,,,,,,,,,,,,,,,,,,,,,,,,,,,,,,,,,,,,,
,,,,,,,,,,,,,,,,,,,,,,,,,,,,,,,,,,,,,,,,,,,,,,,,,,,,,,,,,,,,,,,,,,,,,,,
,,,,,,,,,,,,,,,,,,,,,,,,,,,,,,,,,,,,,,,,,,,,,,,,,,,,,,,,,,,,,,,,,,,,,,,
,,,,,,,,,,,,,,,,,,,,,,,,,,,,,,,,,,,,,,,,,,,,,,,,,,,,,,,,,,,,,,,,,,,,,,,
,,,,,,,,,,,,,,,,,,,,,,,,,,,,,,,,,,,,,,,,,,,,,,,,,,,,,,,,,,,,,,,,,,,,,,,
,,,,,,,,,,,,,,,,,,,,,,,,,,,,,,,,,,,,,,,,,,,,,,,,,,,,,,,,,,,,,,,,,,,,,,,
,,,,,,,,,,,,,,,,,,,,,,,,,,,,,,,,,,,,,,,,,,,,,,,,,,,,,,,,,,,,,,,,,,,,,,,
,,,,,,,,,,,,,,,,,,,,,,,,,,,,,,,,,,,,,,,,,,,,,,,,,,,,,,,,,,,,,,,,,,,,,,,
,,,,,,,,,,,,,,,,,,,,,,,,,,,,,,,,,,,,,,,,,,,,,,,,,,,,,,,,,,,,,,,,,,,,,,,
,,,,,,,,,,,,,,,,,,,,,,,,,,,,,,,,,,,,,,,,,,,,,,,,,,,,,,,,,,,,,,,,,,,,,,,
,,,,,,,,,,,,,,,,,,,,,,,,,,,,,,,,,,,,,,,,,,,,,,,,,,,,,,,,,,,,,,,,,,,,,,,
,,,,,,,,,,,,,,,,,,,,,,,,,,,,,,,,,,,,,,,,,,,,,,,,,,,,,,,,,,,,,,,,,,,,,,,
,,,,,,,,,,,,,,,,,,,,,,,,,,,,,,,,,,,,,,,,,,,,,,,,,,,,,,,,,,,,,,,,,,,,,,,
,,,,,,,,,,,,,,,,,,,,,,,,,,,,,,,,,,,,,,,,,,,,,,,,,,,,,,,,,,,,,,,,,,,,,,,
,,,,,,,,,,,,,,,,,,,,,,,,,,,,,,,,,,,,,,,,,,,,,,,,,,,,,,,,,,,,,,,,,,,,,,,
,,,,,,,,,,,,,,,,,,,,,,,,,,,,,,,,,,,,,,,,,,,,,,,,,,,,,,,,,,,,,,,,,,,,,,,
,,,,,,,,,,,,,,,,,,,,,,,,,,,,,,,,,,,,,,,,,,,,,,,,,,,,,,,,,,,,,,,,,,,,,,,
,,,,,,,,,,,,,,,,,,,,,,,,,,,,,,,,,,,,,,,,,,,,,,,,,,,,,,,,,,,,,,,,,,,,,,,
,,,,,,,,,,,,,,,,,,,,,,,,,,,,,,,,,,,,,,,,,,,,,,,,,,,,,,,,,,,,,,,,,,,,,,,
,,,,,,,,,,,,,,,,,,,,,,,,,,,,,,,,,,,,,,,,,,,,,,,,,,,,,,,,,,,,,,,,,,,,,,,
,,,,,,,,,,,,,,,,,,,,,,,,,,,,,,,,,,,,,,,,,,,,,,,,,,,,,,,,,,,,,,,,,,,,,,,
,,,,,,,,,,,,,,,,,,,,,,,,,,,,,,,,,,,,,,,,,,,,,,,,,,,,,,,,,,,,,,,,,,,,,,,
,,,,,,,,,,,,,,,,,,,,,,,,,,,,,,,,,,,,,,,,,,,,,,,,,,,,,,,,,,,,,,,,,,,,,,,
,,,,,,,,,,,,,,,,,,,,,,,,,,,,,,,,,,,,,,,,,,,,,,,,,,,,,,,,,,,,,,,,,,,,,,,
,,,,,,,,,,,,,,,,,,,,,,,,,,,,,,,,,,,,,,,,,,,,,,,,,,,,,,,,,,,,,,,,,,,,,,,
,,,,,,,,,,,,,,,,,,,,,,,,,,,,,,,,,,,,,,,,,,,,,,,,,,,,,,,,,,,,,,,,,,,,,,,
,,,,,,,,,,,,,,,,,,,,,,,,,,,,,,,,,,,,,,,,,,,,,,,,,,,,,,,,,,,,,,,,,,,,,,,
,,,,,,,,,,,,,,,,,,,,,,,,,,,,,,,,,,,,,,,,,,,,,,,,,,,,,,,,,,,,,,,,,,,,,,,
,,,,,,,,,,,,,,,,,,,,,,,,,,,,,,,,,,,,,,,,,,,,,,,,,,,,,,,,,,,,,,,,,,,,,,,
,,,,,,,,,,,,,,,,,,,,,,,,,,,,,,,,,,,,,,,,,,,,,,,,,,,,,,,,,,,,,,,,,,,,,,,
,,,,,,,,,,,,,,,,,,,,,,,,,,,,,,,,,,,,,,,,,,,,,,,,,,,,,,,,,,,,,,,,,,,,,,,
,,,,,,,,,,,,,,,,,,,,,,,,,,,,,,,,,,,,,,,,,,,,,,,,,,,,,,,,,,,,,,,,,,,,,,,
,,,,,,,,,,,,,,,,,,,,,,,,,,,,,,,,,,,,,,,,,,,,,,,,,,,,,,,,,,,,,,,,,,,,,,,
,,,,,,,,,,,,,,,,,,,,,,,,,,,,,,,,,,,,,,,,,,,,,,,,,,,,,,,,,,,,,,,,,,,,,,,
,,,,,,,,,,,,,,,,,,,,,,,,,,,,,,,,,,,,,,,,,,,,,,,,,,,,,,,,,,,,,,,,,,,,,,,
,,,,,,,,,,,,,,,,,,,,,,,,,,,,,,,,,,,,,,,,,,,,,,,,,,,,,,,,,,,,,,,,,,,,,,,
,,,,,,,,,,,,,,,,,,,,,,,,,,,,,,,,,,,,,,,,,,,,,,,,,,,,,,,,,,,,,,,,,,,,,,,
,,,,,,,,,,,,,,,,,,,,,,,,,,,,,,,,,,,,,,,,,,,,,,,,,,,,,,,,,,,,,,,,,,,,,,,
,,,,,,,,,,,,,,,,,,,,,,,,,,,,,,,,,,,,,,,,,,,,,,,,,,,,,,,,,,,,,,,,,,,,,,,
,,,,,,,,,,,,,,,,,,,,,,,,,,,,,,,,,,,,,,,,,,,,,,,,,,,,,,,,,,,,,,,,,,,,,,,
,,,,,,,,,,,,,,,,,,,,,,,,,,,,,,,,,,,,,,,,,,,,,,,,,,,,,,,,,,,,,,,,,,,,,,,
,,,,,,,,,,,,,,,,,,,,,,,,,,,,,,,,,,,,,,,,,,,,,,,,,,,,,,,,,,,,,,,,,,,,,,,
,,,,,,,,,,,,,,,,,,,,,,,,,,,,,,,,,,,,,,,,,,,,,,,,,,,,,,,,,,,,,,,,,,,,,,,
,,,,,,,,,,,,,,,,,,,,,,,,,,,,,,,,,,,,,,,,,,,,,,,,,,,,,,,,,,,,,,,,,,,,,,,
,,,,,,,,,,,,,,,,,,,,,,,,,,,,,,,,,,,,,,,,,,,,,,,,,,,,,,,,,,,,,,,,,,,,,,,
,,,,,,,,,,,,,,,,,,,,,,,,,,,,,,,,,,,,,,,,,,,,,,,,,,,,,,,,,,,,,,,,,,,,,,,
,,,,,,,,,,,,,,,,,,,,,,,,,,,,,,,,,,,,,,,,,,,,,,,,,,,,,,,,,,,,,,,,,,,,,,,
,,,,,,,,,,,,,,,,,,,,,,,,,,,,,,,,,,,,,,,,,,,,,,,,,,,,,,,,,,,,,,,,,,,,,,,
,,,,,,,,,,,,,,,,,,,,,,,,,,,,,,,,,,,,,,,,,,,,,,,,,,,,,,,,,,,,,,,,,,,,,,,
,,,,,,,,,,,,,,,,,,,,,,,,,,,,,,,,,,,,,,,,,,,,,,,,,,,,,,,,,,,,,,,,,,,,,,,
,,,,,,,,,,,,,,,,,,,,,,,,,,,,,,,,,,,,,,,,,,,,,,,,,,,,,,,,,,,,,,,,,,,,,,,
,,,,,,,,,,,,,,,,,,,,,,,,,,,,,,,,,,,,,,,,,,,,,,,,,,,,,,,,,,,,,,,,,,,,,,,
,,,,,,,,,,,,,,,,,,,,,,,,,,,,,,,,,,,,,,,,,,,,,,,,,,,,,,,,,,,,,,,,,,,,,,,
,,,,,,,,,,,,,,,,,,,,,,,,,,,,,,,,,,,,,,,,,,,,,,,,,,,,,,,,,,,,,,,,,,,,,,,
,,,,,,,,,,,,,,,,,,,,,,,,,,,,,,,,,,,,,,,,,,,,,,,,,,,,,,,,,,,,,,,,,,,,,,,
,,,,,,,,,,,,,,,,,,,,,,,,,,,,,,,,,,,,,,,,,,,,,,,,,,,,,,,,,,,,,,,,,,,,,,,
,,,,,,,,,,,,,,,,,,,,,,,,,,,,,,,,,,,,,,,,,,,,,,,,,,,,,,,,,,,,,,,,,,,,,,,
,,,,,,,,,,,,,,,,,,,,,,,,,,,,,,,,,,,,,,,,,,,,,,,,,,,,,,,,,,,,,,,,,,,,,,,
,,,,,,,,,,,,,,,,,,,,,,,,,,,,,,,,,,,,,,,,,,,,,,,,,,,,,,,,,,,,,,,,,,,,,,,
,,,,,,,,,,,,,,,,,,,,,,,,,,,,,,,,,,,,,,,,,,,,,,,,,,,,,,,,,,,,,,,,,,,,,,,
,,,,,,,,,,,,,,,,,,,,,,,,,,,,,,,,,,,,,,,,,,,,,,,,,,,,,,,,,,,,,,,,,,,,,,,
,,,,,,,,,,,,,,,,,,,,,,,,,,,,,,,,,,,,,,,,,,,,,,,,,,,,,,,,,,,,,,,,,,,,,,,
,,,,,,,,,,,,,,,,,,,,,,,,,,,,,,,,,,,,,,,,,,,,,,,,,,,,,,,,,,,,,,,,,,,,,,,
,,,,,,,,,,,,,,,,,,,,,,,,,,,,,,,,,,,,,,,,,,,,,,,,,,,,,,,,,,,,,,,,,,,,,,,
,,,,,,,,,,,,,,,,,,,,,,,,,,,,,,,,,,,,,,,,,,,,,,,,,,,,,,,,,,,,,,,,,,,,,,,
,,,,,,,,,,,,,,,,,,,,,,,,,,,,,,,,,,,,,,,,,,,,,,,,,,,,,,,,,,,,,,,,,,,,,,,
,,,,,,,,,,,,,,,,,,,,,,,,,,,,,,,,,,,,,,,,,,,,,,,,,,,,,,,,,,,,,,,,,,,,,,,
,,,,,,,,,,,,,,,,,,,,,,,,,,,,,,,,,,,,,,,,,,,,,,,,,,,,,,,,,,,,,,,,,,,,,,,
,,,,,,,,,,,,,,,,,,,,,,,,,,,,,,,,,,,,,,,,,,,,,,,,,,,,,,,,,,,,,,,,,,,,,,,
,,,,,,,,,,,,,,,,,,,,,,,,,,,,,,,,,,,,,,,,,,,,,,,,,,,,,,,,,,,,,,,,,,,,,,,
,,,,,,,,,,,,,,,,,,,,,,,,,,,,,,,,,,,,,,,,,,,,,,,,,,,,,,,,,,,,,,,,,,,,,,,
,,,,,,,,,,,,,,,,,,,,,,,,,,,,,,,,,,,,,,,,,,,,,,,,,,,,,,,,,,,,,,,,,,,,,,,
,,,,,,,,,,,,,,,,,,,,,,,,,,,,,,,,,,,,,,,,,,,,,,,,,,,,,,,,,,,,,,,,,,,,,,,
,,,,,,,,,,,,,,,,,,,,,,,,,,,,,,,,,,,,,,,,,,,,,,,,,,,,,,,,,,,,,,,,,,,,,,,
,,,,,,,,,,,,,,,,,,,,,,,,,,,,,,,,,,,,,,,,,,,,,,,,,,,,,,,,,,,,,,,,,,,,,,,
,,,,,,,,,,,,,,,,,,,,,,,,,,,,,,,,,,,,,,,,,,,,,,,,,,,,,,,,,,,,,,,,,,,,,,,
,,,,,,,,,,,,,,,,,,,,,,,,,,,,,,,,,,,,,,,,,,,,,,,,,,,,,,,,,,,,,,,,,,,,,,,
,,,,,,,,,,,,,,,,,,,,,,,,,,,,,,,,,,,,,,,,,,,,,,,,,,,,,,,,,,,,,,,,,,,,,,,
,,,,,,,,,,,,,,,,,,,,,,,,,,,,,,,,,,,,,,,,,,,,,,,,,,,,,,,,,,,,,,,,,,,,,,,
,,,,,,,,,,,,,,,,,,,,,,,,,,,,,,,,,,,,,,,,,,,,,,,,,,,,,,,,,,,,,,,,,,,,,,,
,,,,,,,,,,,,,,,,,,,,,,,,,,,,,,,,,,,,,,,,,,,,,,,,,,,,,,,,,,,,,,,,,,,,,,,
,,,,,,,,,,,,,,,,,,,,,,,,,,,,,,,,,,,,,,,,,,,,,,,,,,,,,,,,,,,,,,,,,,,,,,,
,,,,,,,,,,,,,,,,,,,,,,,,,,,,,,,,,,,,,,,,,,,,,,,,,,,,,,,,,,,,,,,,,,,,,,,
,,,,,,,,,,,,,,,,,,,,,,,,,,,,,,,,,,,,,,,,,,,,,,,,,,,,,,,,,,,,,,,,,,,,,,,
,,,,,,,,,,,,,,,,,,,,,,,,,,,,,,,,,,,,,,,,,,,,,,,,,,,,,,,,,,,,,,,,,,,,,,,
,,,,,,,,,,,,,,,,,,,,,,,,,,,,,,,,,,,,,,,,,,,,,,,,,,,,,,,,,,,,,,,,,,,,,,,
,,,,,,,,,,,,,,,,,,,,,,,,,,,,,,,,,,,,,,,,,,,,,,,,,,,,,,,,,,,,,,,,,,,,,,,
,,,,,,,,,,,,,,,,,,,,,,,,,,,,,,,,,,,,,,,,,,,,,,,,,,,,,,,,,,,,,,,,,,,,,,,
,,,,,,,,,,,,,,,,,,,,,,,,,,,,,,,,,,,,,,,,,,,,,,,,,,,,,,,,,,,,,,,,,,,,,,,
,,,,,,,,,,,,,,,,,,,,,,,,,,,,,,,,,,,,,,,,,,,,,,,,,,,,,,,,,,,,,,,,,,,,,,,
,,,,,,,,,,,,,,,,,,,,,,,,,,,,,,,,,,,,,,,,,,,,,,,,,,,,,,,,,,,,,,,,,,,,,,,
,,,,,,,,,,,,,,,,,,,,,,,,,,,,,,,,,,,,,,,,,,,,,,,,,,,,,,,,,,,,,,,,,,,,,,,
,,,,,,,,,,,,,,,,,,,,,,,,,,,,,,,,,,,,,,,,,,,,,,,,,,,,,,,,,,,,,,,,,,,,,,,
,,,,,,,,,,,,,,,,,,,,,,,,,,,,,,,,,,,,,,,,,,,,,,,,,,,,,,,,,,,,,,,,,,,,,,,
,,,,,,,,,,,,,,,,,,,,,,,,,,,,,,,,,,,,,,,,,,,,,,,,,,,,,,,,,,,,,,,,,,,,,,,
,,,,,,,,,,,,,,,,,,,,,,,,,,,,,,,,,,,,,,,,,,,,,,,,,,,,,,,,,,,,,,,,,,,,,,,
,,,,,,,,,,,,,,,,,,,,,,,,,,,,,,,,,,,,,,,,,,,,,,,,,,,,,,,,,,,,,,,,,,,,,,,
,,,,,,,,,,,,,,,,,,,,,,,,,,,,,,,,,,,,,,,,,,,,,,,,,,,,,,,,,,,,,,,,,,,,,,,
,,,,,,,,,,,,,,,,,,,,,,,,,,,,,,,,,,,,,,,,,,,,,,,,,,,,,,,,,,,,,,,,,,,,,,,
,,,,,,,,,,,,,,,,,,,,,,,,,,,,,,,,,,,,,,,,,,,,,,,,,,,,,,,,,,,,,,,,,,,,,,,
,,,,,,,,,,,,,,,,,,,,,,,,,,,,,,,,,,,,,,,,,,,,,,,,,,,,,,,,,,,,,,,,,,,,,,,
,,,,,,,,,,,,,,,,,,,,,,,,,,,,,,,,,,,,,,,,,,,,,,,,,,,,,,,,,,,,,,,,,,,,,,,
,,,,,,,,,,,,,,,,,,,,,,,,,,,,,,,,,,,,,,,,,,,,,,,,,,,,,,,,,,,,,,,,,,,,,,,
,,,,,,,,,,,,,,,,,,,,,,,,,,,,,,,,,,,,,,,,,,,,,,,,,,,,,,,,,,,,,,,,,,,,,,,
,,,,,,,,,,,,,,,,,,,,,,,,,,,,,,,,,,,,,,,,,,,,,,,,,,,,,,,,,,,,,,,,,,,,,,,
,,,,,,,,,,,,,,,,,,,,,,,,,,,,,,,,,,,,,,,,,,,,,,,,,,,,,,,,,,,,,,,,,,,,,,,
,,,,,,,,,,,,,,,,,,,,,,,,,,,,,,,,,,,,,,,,,,,,,,,,,,,,,,,,,,,,,,,,,,,,,,,
,,,,,,,,,,,,,,,,,,,,,,,,,,,,,,,,,,,,,,,,,,,,,,,,,,,,,,,,,,,,,,,,,,,,,,,
,,,,,,,,,,,,,,,,,,,,,,,,,,,,,,,,,,,,,,,,,,,,,,,,,,,,,,,,,,,,,,,,,,,,,,,
,,,,,,,,,,,,,,,,,,,,,,,,,,,,,,,,,,,,,,,,,,,,,,,,,,,,,,,,,,,,,,,,,,,,,,,
,,,,,,,,,,,,,,,,,,,,,,,,,,,,,,,,,,,,,,,,,,,,,,,,,,,,,,,,,,,,,,,,,,,,,,,
,,,,,,,,,,,,,,,,,,,,,,,,,,,,,,,,,,,,,,,,,,,,,,,,,,,,,,,,,,,,,,,,,,,,,,,
,,,,,16060780,,,,,,,,,,,,,,,,,,,,,,,,,,,,,,,,,,,,,,,,,,,,,,,,,,,,,,,,,,,,,,,,,,
,,,,,,,,,,,,,,,,,,,,,,,,,,,,,,,,,,,,,,,,,,,,,,,,,,,,,,,,,,,,,,,,,,,,,,,
,,,,,5905885,,,,,,,,,,,,,,,,,,,,,,,,,,,,,,,,,,,,,,,,,,,,,,,,,,,,,,,,,,,,,,,,,,
,,,,,3961760,,,,,,,,,,,,,,,,,,,,,,,,,,,,,,,,,,,,,,,,,,,,,,,,,,,,,,,,,,,,,,,,,,
,,,,,3920045,,,,,,,,,,,,,,,,,,,,,,,,,,,,,,,,,,,,,,,,,,,,,,,,,,,,,,,,,,,,,,,,,,
,,,,,897870,,,,,,,,,,,,,,,,,,,,,,,,,,,,,,,,,,,,,,,,,,,,,,,,,,,,,,,,,,,,,,,,,,
,,,,,1375220,,,,,,,,,,,,,,,,,,,,,,,,,,,,,,,,,,,,,,,,,,,,,,,,,,,,,,,,,,,,,,,,,,
,,,,,,,,,,,,,,,,,,,,,,,,,,,,,,,,,,,,,,,,,,,,,,,,,,,,,,,,,,,,,,,,,,,,,,,
,,,,,1102455,,,,,,,,,,,,,,,,,,,,,,,,,,,,,,,,,,,,,,,,,,,,,,,,,,,,,,,,,,,,,,,,,,
,,,,,2607820,,,,,,,,,,,,,,,,,,,,,,,,,,,,,,,,,,,,,,,,,,,,,,,,,,,,,,,,,,,,,,,,,,
,,,,,1804105,,,,,,,,,,,,,,,,,,,,,,,,,,,,,,,,,,,,,,,,,,,,,,,,,,,,,,,,,,,,,,,,,,
,,,,,1155100,,,,,,,,,,,,,,,,,,,,,,,,,,,,,,,,,,,,,,,,,,,,,,,,,,,,,,,,,,,,,,,,,,
,,,,,1675960,,,,,,,,,,,,,,,,,,,,,,,,,,,,,,,,,,,,,,,,,,,,,,,,,,,,,,,,,,,,,,,,,,
,,,,,1614495,,,,,,,,,,,,,,,,,,,,,,,,,,,,,,,,,,,,,,,,,,,,,,,,,,,,,,,,,,,,,,,,,,
,,,,,1785510,,,,,,,,,,,,,,,,,,,,,,,,,,,,,,,,,,,,,,,,,,,,,,,,,,,,,,,,,,,,,,,,,,
,,,,,2273090,,,,,,,,,,,,,,,,,,,,,,,,,,,,,,,,,,,,,,,,,,,,,,,,,,,,,,,,,,,,,,,,,,
,,,,,2042245,,,,,,,,,,,,,,,,,,,,,,,,,,,,,,,,,,,,,,,,,,,,,,,,,,,,,,,,,,,,,,,,,,
