ASCOF Outcomes 2011-12,Proportion of adults in contact with secondary mental health services in paid employment,,,,,,,,
,TOTAL,,,MALE,,,FEMALE,,
,1F,1F,1F,1F,1F,1F,1F,1F,1F
,Numerator,Denominator,Outcome,Numerator,Denominator,Outcome,Numerator,Denominator,Outcome
,Number of working age adults who are receiving secondary mental health services and who are on the Care Programme Approach recorded as being employed (aged 18 to 69),Number of working age adults who are receiving secondary mental health services and who were on the Care Programme Approach at any point in the financial year (aged 18 to 69),Working age adults who are receiving secondary mental health services and who are on the Care Programme Approach recorded as being employed as a percentage of working age adults who are receiving secondary mental health services and who were on the Care Programme Approach (aged 18 to 69),Number of working age male adults who are receiving secondary mental health services and who are on the Care Programme Approach recorded as being employed (aged 18 to 69),Number of working age male adults who are receiving secondary mental health services and who were on the Care Programme Approach at any point in the financial year (aged 18 to 69),Working age male adults who are receiving secondary mental health services and who are on the Care Programme Approach recorded as being employed as a percentage of working age male adults who are receiving secondary mental health services and who were on the Care Programme Approach (aged 18 to 69),Number of working age female adults who are receiving secondary mental health services and who are on the Care Programme Approach recorded as being employed (aged 18 to 69),Number of working age female adults who are receiving secondary mental health services and who were on the Care Programme Approach at any point in the financial year (aged 18 to 69),Working age female adults who are receiving secondary mental health services and who are on the Care Programme Approach recorded as being employed as a percentage of working age female adults who are receiving secondary mental health services and who were on the Care Programme Approach (aged 18 to 69)
,Data source: Mental Health Minimum Dataset (MHMDS) ,Data source: Mental Health Minimum Dataset (MHMDS) ,,Data source: Mental Health Minimum Dataset (MHMDS) ,Data source: Mental Health Minimum Dataset (MHMDS) ,,Data source: Mental Health Minimum Dataset (MHMDS) ,Data source: Mental Health Minimum Dataset (MHMDS) ,
,,,,,,,,,
Cumbria,185,"2,015",9.2,80,"1,000",8.2,105,"1,015",10.3
Northumberland,145,"3,670",3.9,70,"1,890",3.8,75,"1,780",4.2
Gateshead,65,"1,125",5.7,30,555,5.4,35,570,6.0
Newcastle upon Tyne,145,"3,540",4.0,75,"1,890",3.9,70,"1,650",4.2
North Tyneside,110,"2,195",5.0,55,"1,145",4.7,55,"1,045",5.3
South Tyneside,55,"1,065",5.3,30,585,4.8,30,480,6.0
Sunderland,80,"1,700",4.6,40,915,4.3,40,790,5.1
Hartlepool,70,655,10.5,25,315,8.6,40,340,12.3
Middlesbrough,60,"1,050",5.9,35,635,5.2,30,410,7.0
Redcar and Cleveland,95,815,11.4,35,420,8.6,55,395,14.0
Stockton-on-Tees,150,"1,365",10.9,60,625,9.9,85,720,11.7
Durham,375,"3,840",9.8,145,"1,840",7.8,230,"2,000",11.5
Darlington,145,945,15.2,65,510,13.0,80,435,17.9
Barnsley,50,"1,045",4.8,25,600,4.3,25,450,5.4
Doncaster,50,980,5.1,20,525,3.6,30,455,6.8
Rotherham,55,"1,100",5.0,30,640,4.7,25,460,5.4
Sheffield,115,"1,975",5.7,45,"1,085",4.1,70,890,7.8
Bradford,180,"2,705",6.7,90,"1,415",6.5,90,"1,290",6.8
Calderdale,210,"1,920",10.8,105,935,11.0,105,985,10.7
Kirklees,435,"3,895",11.2,175,"1,885",9.3,260,"2,010",12.9
Leeds,545,"4,420",12.3,210,"2,110",10.0,335,"2,310",14.4
Wakefield,390,"3,550",11.0,145,"1,700",8.6,245,"1,850",13.1
East Riding of Yorkshire,180,"1,145",15.6,75,580,13.1,105,565,18.2
Kingston upon Hull,50,"1,035",4.8,20,540,4.1,30,495,5.6
North East Lincolnshire,75,700,10.7,30,360,8.1,45,340,13.5
North Lincolnshire,25,595,4.4,15,280,4.7,15,315,4.1
North Yorkshire,280,"2,605",10.8,135,"1,205",11.3,145,"1,400",10.4
York,130,"1,115",11.5,50,620,7.7,80,495,16.3
Bolton,155,"1,665",9.3,65,870,7.7,90,795,11.1
Bury,30,"1,045",2.8,15,540,2.4,15,505,3.2
Manchester,80,"2,405",3.4,45,"1,445",3.0,35,960,3.9
Oldham,30,"1,225",2.4,15,630,2.5,15,600,2.2
Rochdale,55,"1,355",4.1,35,780,4.2,25,575,4.0
Salford,100,"1,560",6.4,45,880,5.3,55,680,7.8
Stockport,95,"1,400",6.8,40,710,5.9,55,695,7.6
Tameside,40,880,4.5,20,455,4.2,20,430,4.9
Trafford,155,"1,245",12.5,65,695,9.7,90,555,16.1
Wigan,220,"2,125",10.4,100,"1,110",9.2,120,"1,010",11.7
Knowsley,85,"1,260",6.7,40,620,6.1,45,640,7.2
Liverpool,90,"3,775",2.4,50,"2,100",2.4,40,"1,675",2.3
Sefton,60,"1,480",4.0,35,795,4.1,25,685,3.8
St. Helens,110,"1,135",9.9,60,605,9.6,55,530,10.2
Wirral,125,"1,835",6.8,55,"1,005",5.4,70,830,8.4
Halton,125,"1,030",12.3,60,535,11.6,65,495,13.1
Warrington,195,"1,440",13.4,80,685,12.0,110,755,14.7
Lancashire,"1,530","8,305",18.4,725,"4,260",17.0,805,"4,040",19.9
Blackburn with Darwen,170,"1,205",14.1,90,675,13.5,80,535,14.8
Blackpool,275,"2,055",13.4,135,"1,135",12.0,140,915,15.2
Cheshire East,205,"1,630",12.5,100,805,12.7,100,820,12.4
Cheshire West and Chester,170,"1,620",10.4,90,870,10.1,80,750,10.7
Warwickshire,620,"3,770",16.4,280,"1,765",15.9,340,"2,005",16.8
Birmingham,395,"5,390",7.3,160,"2,545",6.3,235,"2,845",8.2
Coventry,120,"1,610",7.5,55,850,6.7,65,765,8.4
Dudley,100,"1,995",5.1,40,980,3.9,65,"1,005",6.4
Sandwell,75,"1,065",6.9,40,565,7.1,35,495,6.9
Solihull,70,700,10.0,35,330,10.7,35,370,9.5
Walsall,125,"1,605",7.8,50,785,6.3,75,815,9.3
Wolverhampton,60,"1,055",5.5,30,605,5.1,25,450,6.0
Staffordshire,845,"5,800",14.6,310,"2,680",11.5,540,"3,120",17.3
Stoke-on-Trent,305,"2,310",13.3,95,"1,085",8.8,210,"1,225",17.2
Herefordshire,115,"1,570",7.2,40,730,5.3,75,840,8.8
Worcestershire,105,980,10.5,45,500,9.4,55,475,11.8
Shropshire,75,"1,005",7.5,30,530,6.0,45,475,9.1
Telford and the Wrekin,35,595,6.1,15,320,5.3,20,275,6.9
Lincolnshire,85,"2,725",3.2,30,"1,415",2.1,60,"1,315",4.4
Northamptonshire,430,"3,065",14.1,200,"1,525",13.0,235,"1,535",15.2
Derbyshire,645,"4,095",15.7,245,"1,945",12.5,400,"2,145",18.6
Derby,185,"1,700",10.8,75,850,9.0,105,850,12.6
Leicestershire,615,"2,005",30.7,290,955,30.6,325,"1,055",30.8
Leicester,405,"1,940",20.9,210,"1,125",18.6,195,815,24.1
Rutland,30,130,25.0,15,70,21.1,15,55,29.8
Nottinghamshire,65,"1,710",3.8,30,990,2.9,35,715,5.0
Nottingham,30,"1,235",2.3,20,785,2.4,10,450,2.0
Hertfordshire,290,"3,360",8.6,130,"1,690",7.8,155,"1,665",9.4
Norfolk,95,"2,820",3.4,45,"1,375",3.4,50,"1,445",3.5
Oxfordshire,280,"2,715",10.4,135,"1,355",9.9,145,"1,355",10.8
Suffolk,255,"2,935",8.7,100,"1,410",7.0,155,"1,525",10.3
Luton,5,635,0.9,-,-,-,-,-,-
Buckinghamshire,200,"2,145",9.4,90,"1,030",8.7,110,"1,110",10.0
Milton Keynes,125,"1,305",9.7,40,585,6.9,85,720,12.1
Bracknell Forest,20,180,10.1,10,95,10.3,10,80,9.9
West Berkshire,10,275,4.0,-,-,-,-,-,-
Reading,25,365,6.3,10,205,5.9,10,165,6.7
Slough,20,410,5.4,10,225,4.0,10,185,6.6
Windsor and Maidenhead,20,175,10.3,10,85,10.6,10,90,10.1
Wokingham,25,200,11.9,10,100,12.2,10,105,11.7
Essex,"2,595","17,765",14.6,"1,140","8,145",14.0,"1,455","9,620",15.1
Southend-on-Sea,75,"1,805",4.2,35,960,3.9,40,850,4.5
Thurrock,100,"1,390",7.3,65,745,8.5,40,650,6.0
Cambridgeshire,220,"9,320",2.3,105,"4,045",2.6,115,"5,275",2.2
Peterborough,60,"3,155",1.9,25,"1,505",1.7,35,"1,655",2.1
Bedford,95,"1,630",5.9,45,770,5.9,50,865,5.9
Central Bedfordshire,40,720,5.4,20,335,5.4,20,385,5.5
Camden,75,"1,715",4.5,45,980,4.8,30,735,4.1
Greenwich,40,"1,060",3.8,15,595,2.7,25,465,5.2
Hackney,70,"1,430",5.0,35,885,4.1,35,545,6.4
Hammersmith and Fulham,80,"1,080",7.3,35,630,5.9,40,450,9.3
Islington,70,"1,445",5.0,35,830,4.1,35,615,6.0
Kensington and Chelsea,55,995,5.6,35,550,6.0,25,445,5.2
Lambeth,75,"1,605",4.7,40,995,4.1,35,610,5.6
Lewisham,85,"1,765",4.8,40,"1,010",3.8,45,755,6.1
Southwark,75,"1,785",4.2,40,"1,035",3.8,35,745,4.8
Tower Hamlets,130,"1,710",7.7,65,985,6.6,65,730,9.1
Wandsworth,120,"1,455",8.2,60,830,7.3,60,625,9.4
Westminster,90,"1,640",5.5,50,985,5.2,40,650,5.8
City of London,-,10,-,-,-,-,-,-,-
Barking and Dagenham,45,760,6.0,25,410,6.6,20,350,5.4
Barnet,150,"2,435",6.2,75,"1,285",5.7,75,"1,150",6.7
Bexley,40,520,8.1,25,295,7.8,20,220,8.6
Brent,120,"1,445",8.2,80,880,8.9,40,565,7.1
Bromley,60,"1,115",5.3,30,620,4.7,30,500,6.0
Croydon,125,"1,900",6.5,50,"1,000",5.0,75,895,8.1
Ealing,155,"2,000",7.8,80,"1,130",7.2,75,870,8.6
Enfield,95,"2,250",4.2,45,"1,270",3.7,50,975,4.9
Haringey,150,"2,320",6.4,75,"1,340",5.7,70,980,7.3
Harrow,65,880,7.2,35,500,7.2,25,385,7.0
Havering,55,665,8.3,20,360,6.1,35,305,10.9
Hillingdon,85,985,8.6,35,525,7.1,50,460,10.4
Hounslow,170,"1,355",12.6,90,720,12.5,80,635,12.8
Kingston upon Thames,130,925,14.1,55,460,12.0,75,465,16.1
Merton,90,815,10.8,50,460,10.8,40,350,10.8
Newham,105,"1,665",6.4,65,975,6.7,40,690,5.9
Redbridge,70,950,7.2,35,520,6.9,35,435,7.6
Richmond upon Thames,110,835,13.4,40,405,10.4,70,435,16.1
Sutton,65,620,10.3,25,320,8.5,35,300,12.3
Waltham Forest,50,935,5.6,30,595,5.0,20,335,6.5
Isle of Wight,-,265,-,-,-,-,-,-,-
Surrey,30,360,7.8,15,230,6.6,15,130,9.8
West Sussex,515,"4,140",12.4,215,"1,910",11.3,300,"2,230",13.4
Dorset,75,"1,840",4.1,30,815,3.8,45,"1,025",4.3
Bournemouth,20,"2,045",1.0,-,-,-,-,-,-
Poole,45,"1,220",3.7,25,545,4.2,20,675,3.3
Hampshire,335,"4,455",7.5,140,"2,095",6.7,195,"2,360",8.3
Portsmouth,30,920,3.0,5,495,1.4,20,420,4.8
Southampton,75,"1,640",4.6,35,835,3.9,40,805,5.2
East Sussex,315,"3,740",8.4,115,"1,710",6.9,200,"2,030",9.8
Brighton and Hove,115,"2,130",5.4,45,"1,050",4.5,70,"1,080",6.4
Wiltshire,300,"3,025",10.0,105,"1,165",9.0,125,"1,260",9.9
Swindon,180,"1,675",10.8,55,670,8.3,80,695,11.2
Kent,250,"3,830",6.6,130,"2,055",6.2,125,"1,775",6.9
Medway Towns,55,835,6.7,30,405,7.4,25,430,6.1
Cornwall,445,"3,500",12.7,175,"1,620",10.9,270,"1,880",14.3
Gloucestershire,120,"1,555",7.8,50,755,6.9,65,785,8.5
Somerset,370,"4,775",7.7,160,"2,160",7.4,205,"2,605",7.9
Isles of Scilly,-,10,-,-,-,-,-,-,-
Bath and North East Somerset,195,"1,415",13.8,60,535,11.2,80,590,13.8
Bristol,340,"3,380",10.1,115,"1,500",7.7,150,"1,295",11.7
North Somerset,150,"1,300",11.7,40,545,7.7,75,535,13.6
South Gloucestershire,255,"1,410",18.0,80,505,15.6,95,585,16.6
Devon,300,"2,520",11.9,130,"1,220",10.5,170,"1,295",13.1
Plymouth,80,"1,120",7.3,30,570,5.6,50,545,9.2
Torbay,20,325,6.2,5,165,4.2,15,155,8.5
,,,,,,,,,
TOTAL,"26,455","297,010",8.9,"11,695","150,140",7.8,"14,375","144,360",10.0
,,,,,,,,,
,,,,,,,,,
Shire Counties,"11,660","105,365",11.1,"5,100","50,240",10.2,"6,550","55,060",11.9
Unitary Authorities,"6,755","74,870",9.0,"2,805","36,735",7.6,"3,580","35,760",10.0
Metropolitan Districts,"4,850","69,040",7.0,"2,165","35,875",6.0,"2,685","33,135",8.1
Inner London,970,"17,695",5.5,500,"10,320",4.8,470,"7,370",6.4
Outer London,"1,935","25,365",7.6,975,"14,055",6.9,960,"11,305",8.5
,,,,,,,,,
North East,"1,490","21,975",6.8,665,"11,330",5.9,820,"10,615",7.7
North West,"4,285","43,695",9.8,"2,050","23,205",8.8,"2,230","20,480",10.9
Yorkshire and the Humber,"2,765","28,790",9.6,"1,170","14,475",8.1,"1,595","14,310",11.1
East Midlands,"2,495","18,605",13.4,"1,110","9,665",11.5,"1,380","8,940",15.5
West Midlands,"3,045","29,450",10.3,"1,230","14,260",8.6,"1,815","15,165",12.0
South West,"2,900","31,115",9.3,"1,070","13,800",7.8,"1,465","14,950",9.8
Eastern,"3,835","45,545",8.4,"1,715","21,350",8.0,"2,120","24,190",8.8
London,"2,905","43,060",6.7,"1,475","24,375",6.0,"1,430","18,675",7.6
South East,"2,450","30,095",8.1,"1,055","14,765",7.2,"1,390","15,310",9.1
,,,,,,,,,
,,,,,,,,,
Note,,,,,,,,,
1. Caution should be taken when comparing data historically please refer to the notes in the cover sheet.,,,,,,,,,
2. Numerator and denominator values used to calculate the indicator are rounded to the nearest 5.,,,,,,,,,
"3.   -  means constituent values less than 6 are suppressed, where elements of an indicator are suppressed the indicator itself is also suppressed. The exception is for measure 2C where values of less than 0.5 have been supressed. This is because the numerator is based on an average of the 12 monthly figures.",,,,,,,,,
4.  ..  represents data that is unavailable.,,,,,,,,,
"5. 1A, 1B, 1D, 3A, 3B, 3C, 3D, 4A and 4B are based on survey data. The base (i.e. the number of responses on which the outcome is based) should be taken into account when assessing the reliability of the outcome values. Outcomes based on a small base should be treated with caution.",,,,,,,,,
"6. 1A, 1B, 3A, 3D, 4A and 4B have been weighted to reflect that a stratified sample was taken and to account for non-response bias. For 1D, 3B and 3C only the national, regional and council type figures have been weighted as stratified sampling was not used. These totals have been weighted to account for differeing response rates in councils.",,,,,,,,,
,,,,,,,,,
,,,,,,,,,
,,,,,,,,,
,,,,,,,,,
,,,,,,,,,
,,,,,,,,,
,,,,,,,,,
,,,,,,,,,
,,,,,,,,,
,,,,,,,,,
,,,,,,,,,
,,,,,,,,,
,,,,,,,,,
,,,,,,,,,
,,,,,,,,,
,,,,,,,,,
,,,,,,,,,
,,,,,,,,,
,,,,,,,,,
,,,,,,,,,
,,,,,,,,,
,,,,,,,,,
,,,,,,,,,
,,,,,,,,,
,,,,,,,,,
,,,,,,,,,
,,,,,,,,,
,,,,,,,,,
,,,,,,,,,
,,,,,,,,,
,,,,,,,,,
,,,,,,,,,
,,,,,,,,,
,,,,,,,,,
,,,,,,,,,
,,,,,,,,,
,,,,,,,,,
,,,,,,,,,
,,,,,,,,,
,,,,,,,,,
,,,,,,,,,
,,,,,,,,,
,,,,,,,,,
,,,,,,,,,
,,,,,,,,,
,,,,,,,,,
,,,,,,,,,
,,,,,,,,,
,,,,,,,,,
,,,,,,,,,
,,,,,,,,,
,,,,,,,,,
,,,,,,,,,
,,,,,,,,,
,,,,,,,,,
,,,,,,,,,
,,,,,,,,,
,,,,,,,,,
,,,,,,,,,
,,,,,,,,,
,,,,,,,,,
,,,,,,,,,
,,,,,,,,,
,,,,,,,,,
,,,,,,,,,
,,,,,,,,,
,,,,,,,,,
,,,,,,,,,
,,,,,,,,,
,,,,,,,,,
,,,,,,,,,
,,,,,,,,,
,,,,,,,,,
,,,,,,,,,
,,,,,,,,,
,,,,,,,,,
,,,,,,,,,
,,,,,,,,,
,,,,,,,,,
,,,,,,,,,
,,,,,,,,,
,,,,,,,,,
,,,,,,,,,
,,,,,,,,,
,,,,,,,,,
,,,,,,,,,
,,,,,,,,,
,,,,,,,,,
,,,,,,,,,
,,,,,,,,,
,,,,,,,,,
,,,,,,,,,
,,,,,,,,,
,,,,,,,,,
,,,,,,,,,
,,,,,,,,,
,,,,,,,,,
,,,,,,,,,
,,,,,,,,,
,,,,,,,,,
,,,,,,,,,
,,,,,,,,,
,,,,,,,,,
,,,,,,,,,
,,,,,,,,,
,,,,,,,,,
,,,,,,,,,
,,,,,,,,,
,,,,,,,,,
,,,,,,,,,
,,,,,,,,,
,,,,,,,,,
,,,,,,,,,
,,,,,,,,,
,,,,,,,,,
,,,,,,,,,
,,,,,,,,,
,,,,,,,,,
,,,,,,,,,
,,,,,,,,,
,,,,,,,,,
,,,,,,,,,
,,,,,,,,,
,,,,,,,,,
,,,,,,,,,
,,,,,,,,,
,,,,,,,,,
,,,,,,,,,
,,,,,,,,,
,,,,,,,,,
,,,,,,,,,
,,,,,,,,,
,,,,,,,,,
,,,,,,,,,
,,,,,,,,,
,,,,,,,,,
,,,,,,,,,
,,,,,,,,,
,,,,,,,,,
,,,,,,,,,
,,,,,,,,,
,,,,,,,,,
,,,,,,,,,
,,,,,,,,,
,,,,,,,,,
,,,,,,,,,
,,,,,,,,,
,,,,,,,,,
,,,,,,,,,
,,,,,,,,,
,,,,,,,,,
,,,,,,,,,
,,,,,,,,,
,,,,,,,,,
,,,,,,,,,
,,,,,,,,,
,,,,,,,,,
,,,,,,,,,
,,,,,,,,,
,,,,,,,,,
,,,,,,,,,
,,,,,,,,,
,,,,,,,,,
,,,,,,,,,
,,,,,,,,,
,,,,,,,,,
,,,,,,,,,
,,,,,,,,,
,,,,,,,,,
,,,,,,,,,
,,,,,,,,,
,,,,,,,,,
,,,,,,,,,
,,,,,,,,,
,,,,,,,,,
,,,,,,,,,
,,,,,,,,,
,,,,,,,,,
,,,,,,,,,
,,,,,,,,,
,,,,,,,,,
,,,,,,,,,
,,,,,,,,,
,,,,,,,,,
,,,,,,,,,
,,,,,,,,,
,,,,,,,,,
,,,,,,,,,
,,,,,,,,,
,,,,,,,,,
,,,,,,,,,
,,,,,,,,,
,,,,,,,,,
,,,,,,,,,
,,,,,,,,,
,,,,,,,,,
,,,,,,,,,
,,,,,,,,,
,,,,,,,,,
,,,,,,,,,
