ASCOF Outcomes 2011-12,"Proportion of adults in contact with secondary mental health services living independently, with or without support",,,,,,,,
,TOTAL,,,MALE,,,FEMALE,,
,1H,1H,1H,1H,1H,1H,1H,1H,1H
,Numerator,Denominator,Outcome,Numerator,Denominator,Outcome,Numerator,Denominator,Outcome
,"Number of adults aged 18 to 69 who are receiving secondary mental health services and who are on the Care Programme Approach known to be in settled accommodation at the time of their most recent assessment, formal review or multi-disciplinary care plannin","Number of adults aged 18 to 69 who are receiving secondary mental health services and who are on the Care Programme Approach, at any point in the financial year","Percentage of adults receiving secondary mental health services known to be in settled accomodation at the time of their most recent assessment, formal review or multi-disciplinary care planning meeting (aged 18 to 69)","Number of male adults aged 18 to 69 who are receiving secondary mental health services and who are on the Care Programme Approach known to be in settled accommodation at the time of their most recent assessment, formal review or multi-disciplinary care plannin","Number of male adults aged 18 to 69 who are receiving secondary mental health services and who are on the Care Programme Approach, at any point in the financial year","Percentage of male adults receiving secondary mental health services known to be in settled accomodation at the time of their most recent assessment, formal review or multi-disciplinary care planning meeting (aged 18 to 69)","Number of female adults aged 18 to 69 who are receiving secondary mental health services and who are on the Care Programme Approach known to be in settled accommodation at the time of their most recent assessment, formal review or multi-disciplinary care plannin","Number of female adults aged 18 to 69 who are receiving secondary mental health services and who are on the Care Programme Approach, at any point in the financial year","Percentage of female adults receiving secondary mental health services known to be in settled accomodation at the time of their most recent assessment, formal review or multi-disciplinary care planning meeting (aged 18 to 69)"
,Data source: Mental Health Minimum Dataset (MHMDS) ,Data source: Mental Health Minimum Dataset (MHMDS) ,,Data source: Mental Health Minimum Dataset (MHMDS) ,Data source: Mental Health Minimum Dataset (MHMDS) ,,Data source: Mental Health Minimum Dataset (MHMDS) ,Data source: Mental Health Minimum Dataset (MHMDS) ,
,,,,,,,,,
Cumbria,"1,300","2,015",64.6,650,"1,000",64.8,655,"1,015",64.5
Northumberland,"1,210","3,670",33.0,620,"1,890",32.8,590,"1,780",33.3
Gateshead,610,"1,125",54.0,305,555,54.6,305,570,53.5
Newcastle upon Tyne,910,"3,540",25.7,470,"1,890",24.8,440,"1,650",26.7
North Tyneside,705,"2,195",32.0,350,"1,145",30.6,350,"1,045",33.6
South Tyneside,450,"1,065",42.0,245,585,41.8,205,480,42.3
Sunderland,845,"1,700",49.6,425,915,46.8,420,790,53.0
Hartlepool,510,655,78.0,240,315,76.5,270,340,79.5
Middlesbrough,760,"1,050",72.2,435,635,68.1,325,410,78.6
Redcar and Cleveland,635,815,77.5,330,420,78.4,300,395,76.3
Stockton-on-Tees,"1,025","1,365",75.0,465,625,74.7,545,720,75.5
Durham,"3,015","3,840",78.4,"1,430","1,840",77.7,"1,580","2,000",79.0
Darlington,760,945,80.5,405,510,79.6,355,435,81.7
Barnsley,565,"1,045",53.8,330,600,55.3,230,450,51.8
Doncaster,605,980,61.8,315,525,59.4,295,455,64.5
Rotherham,710,"1,100",64.6,410,640,63.6,305,460,66.1
Sheffield,640,"1,975",32.5,340,"1,085",31.5,300,890,33.5
Bradford,"1,575","2,705",58.2,830,"1,415",58.8,740,"1,290",57.6
Calderdale,990,"1,920",51.5,495,935,52.7,495,985,50.4
Kirklees,"2,375","3,895",61.0,"1,080","1,885",57.4,"1,295","2,010",64.5
Leeds,"2,455","4,420",55.5,"1,140","2,110",54.0,"1,315","2,310",56.9
Wakefield,"1,830","3,550",51.6,855,"1,700",50.3,975,"1,850",52.9
East Riding of Yorkshire,845,"1,145",73.9,400,580,69.6,445,565,78.3
Kingston upon Hull,640,"1,035",61.6,295,540,54.4,345,495,69.4
North East Lincolnshire,605,700,86.4,310,360,86.4,295,340,86.5
North Lincolnshire,260,595,43.6,130,280,46.6,130,315,41.0
North Yorkshire,"1,230","2,605",47.3,560,"1,205",46.6,670,"1,400",48.0
York,600,"1,115",53.9,325,620,52.4,275,495,55.7
Bolton,"1,450","1,665",87.1,755,870,86.9,695,795,87.4
Bury,490,"1,045",47.0,245,540,44.9,250,505,49.3
Manchester,"1,490","2,405",61.9,880,"1,445",61.1,605,960,63.2
Oldham,690,"1,225",56.2,370,630,58.7,320,600,53.5
Rochdale,875,"1,355",64.5,525,780,67.1,350,575,61.0
Salford,"1,200","1,560",77.1,675,880,76.7,525,680,77.6
Stockport,925,"1,400",66.0,470,710,66.2,455,695,65.9
Tameside,630,880,71.2,295,455,64.9,335,430,77.9
Trafford,"1,000","1,245",80.4,550,695,79.1,455,555,81.9
Wigan,"1,240","2,125",58.5,630,"1,110",56.5,615,"1,010",60.7
Knowsley,775,"1,260",61.8,365,620,58.8,415,640,64.6
Liverpool,"1,855","3,775",49.1,"1,085","2,100",51.5,770,"1,675",46.0
Sefton,770,"1,480",51.9,430,795,53.8,340,685,49.7
St. Helens,660,"1,135",57.9,350,605,57.8,305,530,57.9
Wirral,"1,495","1,835",81.3,795,"1,005",78.8,700,830,84.3
Halton,560,"1,030",54.6,265,535,50.0,295,495,59.6
Warrington,910,"1,440",63.0,405,685,59.3,500,755,66.3
Lancashire,"5,280","8,305",63.6,"2,415","4,260",56.7,"2,860","4,040",70.8
Blackburn with Darwen,735,"1,205",60.9,370,675,55.0,365,535,68.5
Blackpool,"1,420","2,055",69.1,755,"1,135",66.5,665,915,72.5
Cheshire East,"1,095","1,630",67.4,535,805,66.1,565,820,68.6
Cheshire West and Chester,"1,155","1,620",71.4,615,870,70.4,545,750,72.6
Warwickshire,"2,155","3,770",57.2,"1,010","1,765",57.2,"1,150","2,005",57.2
Birmingham,815,"5,390",15.1,365,"2,545",14.4,445,"2,845",15.7
Coventry,950,"1,610",58.8,495,850,58.2,455,765,59.5
Dudley,965,"1,995",48.3,500,980,50.8,465,"1,005",46.2
Sandwell,630,"1,065",59.0,355,565,63.1,275,495,55.0
Solihull,135,700,19.5,60,330,18.6,75,370,20.3
Walsall,"1,010","1,605",63.0,495,785,63.5,515,815,62.8
Wolverhampton,820,"1,055",77.9,440,605,72.7,380,450,84.9
Staffordshire,"3,690","5,800",63.6,"1,585","2,680",59.1,"2,105","3,120",67.5
Stoke-on-Trent,"1,950","2,310",84.5,910,"1,085",83.9,"1,040","1,225",85.0
Herefordshire,640,"1,570",40.9,275,730,37.3,370,840,44.0
Worcestershire,575,980,58.7,285,500,57.0,290,475,60.7
Shropshire,540,"1,005",53.6,270,530,51.0,270,475,56.5
Telford and the Wrekin,215,595,36.5,110,320,34.9,105,275,38.4
Lincolnshire,420,"2,725",15.4,190,"1,415",13.6,225,"1,315",17.3
Northamptonshire,"2,405","3,065",78.5,"1,155","1,525",75.7,"1,250","1,535",81.3
Derbyshire,"3,755","4,095",91.7,"1,770","1,945",91.1,"1,980","2,145",92.3
Derby,"1,545","1,700",90.8,765,850,89.6,780,850,92.1
Leicestershire,"1,285","2,005",64.0,600,955,63.1,685,"1,055",64.8
Leicester,"1,050","1,940",54.0,585,"1,125",52.1,460,815,56.6
Rutland,75,130,59.4,40,70,57.7,35,55,61.4
Nottinghamshire,380,"1,710",22.2,200,990,20.0,180,715,25.1
Nottingham,225,"1,235",18.3,120,785,15.3,105,450,23.5
Hertfordshire,"1,975","3,360",58.8,990,"1,690",58.6,980,"1,665",58.9
Norfolk,"1,010","2,820",35.8,510,"1,375",37.1,500,"1,445",34.5
Oxfordshire,"1,225","2,715",45.2,625,"1,355",45.9,600,"1,355",44.5
Suffolk,"1,335","2,935",45.5,580,"1,410",41.1,755,"1,525",49.6
Luton,415,635,65.9,245,370,66.0,170,260,65.6
Buckinghamshire,790,"2,145",36.8,330,"1,030",32.2,460,"1,110",41.2
Milton Keynes,685,"1,305",52.5,285,585,48.5,400,720,55.8
Bracknell Forest,75,180,42.7,40,95,41.2,35,80,44.4
West Berkshire,90,275,32.9,55,165,33.7,35,110,31.3
Reading,125,365,33.6,60,205,28.6,65,165,39.9
Slough,135,410,33.4,75,225,32.7,60,185,33.9
Windsor and Maidenhead,80,175,44.8,35,85,42.4,40,90,47.2
Wokingham,95,200,46.0,50,100,49.0,45,105,43.7
Essex,"12,665","17,765",71.3,"5,680","8,145",69.7,"6,985","9,620",72.6
Southend-on-Sea,805,"1,805",44.6,445,960,46.6,360,850,42.3
Thurrock,715,"1,390",51.5,390,745,52.4,325,650,50.5
Cambridgeshire,455,"9,320",4.9,210,"4,045",5.2,245,"5,275",4.6
Peterborough,120,"3,155",3.7,60,"1,505",4.1,55,"1,655",3.4
Bedford,930,"1,630",57.0,440,770,57.1,490,865,56.9
Central Bedfordshire,380,720,53.1,180,335,53.6,200,385,52.6
Camden,"1,050","1,715",61.1,600,980,61.4,445,735,60.7
Greenwich,675,"1,060",63.8,370,595,62.5,305,465,65.4
Hackney,"1,185","1,430",83.0,730,885,82.9,455,545,83.2
Hammersmith and Fulham,885,"1,080",82.0,510,630,80.9,375,450,83.8
Islington,"1,135","1,445",78.4,645,830,77.6,490,615,79.3
Kensington and Chelsea,785,995,79.0,420,550,76.0,365,445,82.7
Lambeth,965,"1,605",60.0,570,995,57.3,395,610,64.3
Lewisham,"1,210","1,765",68.5,690,"1,010",68.3,520,755,68.8
Southwark,"1,195","1,785",67.0,675,"1,035",65.2,520,745,69.6
Tower Hamlets,"1,520","1,710",88.9,855,985,87.2,665,730,91.2
Wandsworth,"1,175","1,455",80.8,655,830,79.2,520,625,83.0
Westminster,"1,225","1,640",74.7,715,985,72.6,505,650,77.7
City of London,-,10,-,-,-,-,-,-,-
Barking and Dagenham,670,760,87.7,345,410,83.9,325,350,92.0
Barnet,"1,140","2,435",46.9,595,"1,285",46.5,545,"1,150",47.4
Bexley,355,520,68.1,195,295,65.5,160,220,71.6
Brent,"1,075","1,445",74.5,630,880,71.8,445,565,78.6
Bromley,710,"1,115",63.4,395,620,64.1,310,500,62.5
Croydon,"1,385","1,900",72.9,730,"1,000",73.2,650,895,72.7
Ealing,"1,625","2,000",81.3,880,"1,130",77.9,745,870,85.6
Enfield,"1,275","2,250",56.8,735,"1,270",57.7,545,975,55.6
Haringey,"1,425","2,320",61.3,770,"1,340",57.6,650,980,66.4
Harrow,645,880,73.2,350,500,70.5,295,385,76.8
Havering,595,665,89.7,315,360,87.5,280,305,92.4
Hillingdon,735,985,74.3,370,525,70.4,360,460,78.7
Hounslow,"1,125","1,355",83.2,585,720,81.1,540,635,85.6
Kingston upon Thames,790,925,85.5,400,460,87.3,390,465,83.7
Merton,640,815,78.7,355,460,76.8,285,350,81.3
Newham,"1,520","1,665",91.5,870,975,89.5,650,690,94.2
Redbridge,795,950,83.4,410,520,79.5,380,435,88.0
Richmond upon Thames,705,835,84.2,340,405,84.1,365,435,84.3
Sutton,500,620,80.9,255,320,79.6,250,300,82.4
Waltham Forest,760,935,81.2,475,595,79.7,285,335,84.0
Isle of Wight,30,265,12.0,15,135,10.3,20,130,13.7
Surrey,155,360,43.5,100,230,43.2,60,130,43.9
West Sussex,"2,715","4,140",65.6,"1,250","1,910",65.4,"1,465","2,230",65.8
Dorset,200,"1,840",10.8,85,815,10.2,115,"1,025",11.1
Bournemouth,60,"2,045",3.0,30,"1,020",3.1,30,"1,020",2.7
Poole,165,"1,220",13.3,65,545,11.5,100,675,14.8
Hampshire,355,"4,455",8.0,140,"2,095",6.6,215,"2,360",9.1
Portsmouth,150,920,16.5,75,495,15.1,75,420,18.1
Southampton,100,"1,640",6.0,50,835,6.2,45,805,5.9
East Sussex,"1,830","3,740",48.9,830,"1,710",48.7,"1,000","2,030",49.2
Brighton and Hove,"1,160","2,130",54.4,580,"1,050",54.9,580,"1,080",53.9
Wiltshire,"1,320","3,025",43.6,550,"1,165",47.2,555,"1,260",44.2
Swindon,950,"1,675",56.6,360,670,53.9,410,695,58.8
Kent,"2,515","3,830",65.6,"1,310","2,055",63.8,"1,200","1,775",67.6
Medway Towns,520,835,62.5,255,405,62.8,265,430,62.2
Cornwall,"2,455","3,500",70.2,"1,120","1,620",69.1,"1,335","1,880",71.1
Gloucestershire,600,"1,555",38.6,285,755,37.7,310,785,39.6
Somerset,"1,310","4,775",27.4,595,"2,160",27.6,705,"2,605",27.1
Isles of Scilly,5,10,60.0,-,-,-,-,-,-
Bath and North East Somerset,840,"1,415",59.4,315,535,58.7,335,590,57.2
Bristol,"1,795","3,380",53.1,770,"1,500",51.4,720,"1,295",55.7
North Somerset,785,"1,300",60.3,325,545,59.9,345,535,64.1
South Gloucestershire,810,"1,410",57.6,310,505,61.5,310,585,53.2
Devon,"1,885","2,520",74.7,890,"1,220",72.8,995,"1,295",76.6
Plymouth,600,"1,120",53.6,310,570,53.9,290,545,53.3
Torbay,175,325,54.2,95,165,55.7,80,155,52.9
,,,,,,,,,
TOTAL,"162,115","297,010",54.6,"80,800","150,140",53.8,"80,050","144,360",55.5
,,,,,,,,,
,,,,,,,,,
Shire Counties,"53,500","105,365",50.8,"24,830","50,240",49.4,"28,640","55,060",52.0
Unitary Authorities,"39,560","74,870",52.8,"18,990","36,735",51.7,"19,355","35,760",54.1
Metropolitan Districts,"36,120","69,040",52.3,"18,705","35,875",52.1,"17,415","33,135",52.6
Inner London,"13,010","17,695",73.5,"7,450","10,320",72.2,"5,555","7,370",75.4
Outer London,"18,465","25,365",72.8,"10,000","14,055",71.2,"8,460","11,305",74.8
,,,,,,,,,
North East,"11,425","21,975",52.0,"5,720","11,330",50.5,"5,685","10,615",53.6
North West,"28,000","43,695",64.1,"14,415","23,205",62.1,"13,580","20,480",66.3
Yorkshire and the Humber,"15,930","28,790",55.3,"7,815","14,475",54.0,"8,115","14,310",56.7
East Midlands,"11,135","18,605",59.8,"5,430","9,665",56.2,"5,705","8,940",63.8
West Midlands,"15,090","29,450",51.2,"7,150","14,260",50.1,"7,935","15,165",52.3
South West,"13,955","31,115",44.8,"6,105","13,800",44.2,"6,645","14,950",44.4
Eastern,"20,815","45,545",45.7,"9,730","21,350",45.6,"11,075","24,190",45.8
London,"31,470","43,060",73.1,"17,450","24,375",71.6,"14,015","18,675",75.0
South East,"12,840","30,095",42.7,"6,150","14,765",41.7,"6,675","15,310",43.6
,,,,,,,,,
,,,,,,,,,
Note,,,,,,,,,
1. Caution should be taken when comparing data historically please refer to the notes in the cover sheet.,,,,,,,,,
2. Numerator and denominator values used to calculate the indicator are rounded to the nearest 5.,,,,,,,,,
"3.   -  means constituent values less than 6 are suppressed, where elements of an indicator are suppressed the indicator itself is also suppressed. The exception is for measure 2C where values of less than 0.5 have been supressed. This is because the numerator is based on an average of the 12 monthly figures.",,,,,,,,,
4.  ..  represents data that is unavailable.,,,,,,,,,
"5. 1A, 1B, 1D, 3A, 3B, 3C, 3D, 4A and 4B are based on survey data. The base (i.e. the number of responses on which the outcome is based) should be taken into account when assessing the reliability of the outcome values. Outcomes based on a small base should be treated with caution.",,,,,,,,,
"6. 1A, 1B, 3A, 3D, 4A and 4B have been weighted to reflect that a stratified sample was taken and to account for non-response bias. For 1D, 3B and 3C only the national, regional and council type figures have been weighted as stratified sampling was not used. These totals have been weighted to account for differeing response rates in councils.",,,,,,,,,
,,,,,,,,,
,,,,,,,,,
,,,,,,,,,
,,,,,,,,,
,,,,,,,,,
,,,,,,,,,
,,,,,,,,,
,,,,,,,,,
,,,,,,,,,
,,,,,,,,,
,,,,,,,,,
,,,,,,,,,
,,,,,,,,,
,,,,,,,,,
,,,,,,,,,
,,,,,,,,,
,,,,,,,,,
,,,,,,,,,
,,,,,,,,,
,,,,,,,,,
,,,,,,,,,
,,,,,,,,,
,,,,,,,,,
,,,,,,,,,
,,,,,,,,,
,,,,,,,,,
,,,,,,,,,
,,,,,,,,,
,,,,,,,,,
,,,,,,,,,
,,,,,,,,,
,,,,,,,,,
,,,,,,,,,
,,,,,,,,,
,,,,,,,,,
,,,,,,,,,
,,,,,,,,,
,,,,,,,,,
,,,,,,,,,
,,,,,,,,,
,,,,,,,,,
,,,,,,,,,
,,,,,,,,,
,,,,,,,,,
,,,,,,,,,
,,,,,,,,,
,,,,,,,,,
,,,,,,,,,
,,,,,,,,,
,,,,,,,,,
,,,,,,,,,
,,,,,,,,,
,,,,,,,,,
,,,,,,,,,
,,,,,,,,,
,,,,,,,,,
,,,,,,,,,
,,,,,,,,,
,,,,,,,,,
,,,,,,,,,
,,,,,,,,,
,,,,,,,,,
,,,,,,,,,
,,,,,,,,,
,,,,,,,,,
,,,,,,,,,
,,,,,,,,,
,,,,,,,,,
,,,,,,,,,
,,,,,,,,,
,,,,,,,,,
,,,,,,,,,
,,,,,,,,,
,,,,,,,,,
,,,,,,,,,
,,,,,,,,,
,,,,,,,,,
,,,,,,,,,
,,,,,,,,,
,,,,,,,,,
,,,,,,,,,
,,,,,,,,,
,,,,,,,,,
,,,,,,,,,
,,,,,,,,,
,,,,,,,,,
,,,,,,,,,
,,,,,,,,,
,,,,,,,,,
,,,,,,,,,
,,,,,,,,,
,,,,,,,,,
,,,,,,,,,
,,,,,,,,,
,,,,,,,,,
,,,,,,,,,
,,,,,,,,,
,,,,,,,,,
,,,,,,,,,
,,,,,,,,,
,,,,,,,,,
,,,,,,,,,
,,,,,,,,,
,,,,,,,,,
,,,,,,,,,
,,,,,,,,,
,,,,,,,,,
,,,,,,,,,
,,,,,,,,,
,,,,,,,,,
,,,,,,,,,
,,,,,,,,,
,,,,,,,,,
,,,,,,,,,
,,,,,,,,,
,,,,,,,,,
,,,,,,,,,
,,,,,,,,,
,,,,,,,,,
,,,,,,,,,
,,,,,,,,,
,,,,,,,,,
,,,,,,,,,
,,,,,,,,,
,,,,,,,,,
,,,,,,,,,
,,,,,,,,,
,,,,,,,,,
,,,,,,,,,
,,,,,,,,,
,,,,,,,,,
,,,,,,,,,
,,,,,,,,,
,,,,,,,,,
,,,,,,,,,
,,,,,,,,,
,,,,,,,,,
,,,,,,,,,
,,,,,,,,,
,,,,,,,,,
,,,,,,,,,
,,,,,,,,,
,,,,,,,,,
,,,,,,,,,
,,,,,,,,,
,,,,,,,,,
,,,,,,,,,
,,,,,,,,,
,,,,,,,,,
,,,,,,,,,
,,,,,,,,,
,,,,,,,,,
,,,,,,,,,
,,,,,,,,,
,,,,,,,,,
,,,,,,,,,
,,,,,,,,,
,,,,,,,,,
,,,,,,,,,
,,,,,,,,,
,,,,,,,,,
,,,,,,,,,
,,,,,,,,,
,,,,,,,,,
,,,,,,,,,
,,,,,,,,,
,,,,,,,,,
,,,,,,,,,
,,,,,,,,,
,,,,,,,,,
,,,,,,,,,
,,,,,,,,,
,,,,,,,,,
,,,,,,,,,
,,,,,,,,,
,,,,,,,,,
,,,,,,,,,
,,,,,,,,,
,,,,,,,,,
,,,,,,,,,
,,,,,,,,,
,,,,,,,,,
,,,,,,,,,
,,,,,,,,,
,,,,,,,,,
,,,,,,,,,
,,,,,,,,,
,,,,,,,,,
,,,,,,,,,
,,,,,,,,,
,,,,,,,,,
,,,,,,,,,
,,,,,,,,,
,,,,,,,,,
,,,,,,,,,
,,,,,,,,,
,,,,,,,,,
,,,,,,,,,
,,,,,,,,,
,,,,,,,,,
