ASCOF Outcomes 2011-12,Proportion of people using social care who receive self-directed support,,,Proportion of people using social care who receive self-directed support,,,Proportion of people using social care who receive self-directed support,,,Proportion of people using social care who receive self-directed support,,,Proportion of people using social care who receive self-directed support,,,Proportion of people using social care who receive self-directed support,,,Proportion of people using social care who receive self-directed support,,,Proportion of people using social care who receive self-directed support,,,Proportion of people using social care who receive self-directed support,,,Proportion of people using social care who receive self-directed support,,,
,TOTAL,,,Adults aged 18 to 64 with a Physical Disability,,,Adults aged 18 to 64 with a Mental Health problem,,,Adults aged 18 to 64 with a Learning Disability,,,Adults aged 18 to 64,,,Adults aged 65 and over,,,CARERS aged under 65,,,CARERS aged 65 to 74,,,CARERS aged 75 and over,,,CARERS all ages,,,
,1C(1),1C(1),1C(1),1C(1),1C(1),1C(1),1C(1),1C(1),1C(1),1C(1),1C(1),1C(1),1C(1),1C(1),1C(1),1C(1),1C(1),1C(1),1C(1),1C(1),1C(1),1C(1),1C(1),1C(1),1C(1),1C(1),1C(1),1C(1),1C(1),1C(1),
,Numerator,Denominator,Outcome,Numerator,Denominator,Outcome,Numerator,Denominator,Outcome,Numerator,Denominator,Outcome,Numerator,Denominator,Outcome,Numerator,Denominator,Outcome,Numerator,Denominator,Outcome,Numerator,Denominator,Outcome,Numerator,Denominator,Outcome,Numerator,Denominator,Outcome,
,,,,,,,,,,,,,,,,,,,,,,,,,,,,,,,
,Number of clients and carers receiving self-directed support in the year to 31 March,Number of clients receiving community-based services and carers receiving carer specific services in the year to 31 March (aged 18 and over),Number of clients and carers receiving self-directed support as a percentage of clients receiving community-based services and carers receiving carer specific services in the year to 31 March  (aged 18 and over),Number of clients (aged 18 to 64 with a Physical Disability) receiving self-directed support in the year to 31 March,Number of clients (aged 18 to 64 with a Physical Disability) receiving community-based services in the year to 31 March,Number of clients (aged 18 to 64 with a Physical Disability) receiving self-directed support as a percentage of the total number of clients (aged 18 to 64 with a Physical Disability) receiving community-based services in the year to 31 March,Number of clients (aged 18 to 64 with a Mental Health problem) receiving self-directed support in the year to 31 March,Number of clients (aged 18 to 64 with a Mental Health problem) receiving community-based services in the year to 31 March,Number of clients (aged 18 to 64 with a Mental Health problem) receiving self-directed support as a percentage of the total number of clients (aged 18 to 64 with a Mental Health problem) receiving community-based services in the year to 31 March,Number of clients (aged 18 to 64 with a Learning Disability) receiving self-directed support in the year to 31 March,Number of clients (aged 18 to 64 with a Learning Disability) receiving community-based services in the year to 31 March,Number of clients (aged 18 to 64 with a Learning Disability) receiving self-directed support as a percentage of the total number of clients (aged 18 to 64 with a Learning Disability) receiving community-based services in the year to 31 March,Number of clients (aged 18 to 64) receiving self-directed support in the year to 31 March,Number of clients (aged 18 to 64) receiving community-based services in the year to 31 March,Number of clients (aged 18 to 64) receiving self-directed support as a percentage of the total number of clients (aged 18 to 64) receiving community-based services in the year to 31 March,Number of clients (aged 65 and over) receiving self-directed support in the year to 31 March,Number of clients (aged 65 and over) receiving community-based services in the year to 31 March,Number of clients (aged 65 and over) receiving self-directed support as a percentage of the total number of clients (aged 65 and over) receiving community-based services in the year to 31 March,Number of carers (aged under 65) receiving self-directed support in the year to 31 March,Number of carers receiving carer specific services in the year to 31 March (aged under 65),Number of carers (aged under 65) receiving self-directed support as a percentage of carers (aged under 65) receiving carer specific services in the year to 31 March,Number of carers (aged 65 to 74) receiving self-directed support in the year to 31 March,Number of carers receiving carer specific services in the year to 31 March (aged 65 to 74),Number of carers (aged 65 to 74) receiving self-directed support as a percentage of carers (aged 65 to 74) receiving carer specific services in the year to 31 March,Number of carers (aged 75 and over) receiving self-directed support in the year to 31 March,Number of carers receiving carer specific services in the year to 31 March (aged 75 and over),Number of carers (aged 75 and over) receiving self-directed support as a percentage of carers (aged 75 and over) receiving carer specific services in the year to 31 March,Number of carers receiving self-directed support in the year to 31 March,Number of carers receiving carer specific services in the year to 31 March,Number of carers receiving self-directed support as a percentage of carers receiving carer specific services in the year to 31 March,
,RAP - Table SD1 pg1 row 10 col 5 (18 and over) + Table SD3 row 6 col 5 (all ages),RAP - Table P2f pg1 row 11 col1 + pg3 row 11 col1 and Table C2 pg1 row 5 col1,,RAP - Table SD1 pg1 row 1 (aged 18 to 64 with a Physical Disability ) col 5 (Total of clients) ,RAP - Table P2f pg1 row 1 (aged 18 to 64 with a Physical Disability) col1 (Total of clients),,RAP - Table SD1 pg1 row 2 (aged 18 to 64 with a Mental Health problem ) col 5 (Total of clients) ,RAP - Table P2f pg1 row 6 (aged 18 to 64 with a Mental Health problem) col1 (Total of clients),,RAP - Table SD1 pg1 row 3 (aged 18 to 64 with a Learning Disability ) col 5 (Total of clients) ,RAP - Table P2f pg1 row 8 (aged 18 to 64 with a Learning Disability) col1 (Total of clients),,RAP - Table SD1 pg1 row 6 (aged 18 to 64) col 5 (Total of clients) ,RAP - Table P2f pg1 row 11 (aged 18 to 64 ) col1 (Total of clients),,RAP - Table SD1 pg1 rows 7-9 (aged 65 and over) col 5 (Total of clients) ,RAP - Table P2f pg3 row 11 (aged 65 and over) col1 (Total of clients),,RAP - Table SD3 rows 1-2 (aged under 65) col 5 (Total),RAP - Table C2 pg1 row 1-2 (aged under 65) col1 (Total),,RAP - Table SD3 row 3 (aged 65 to 74) col 5 (Total),RAP - Table C2 pg1 row 3 (aged 65 to 74) col1 (Total),,RAP - Table SD3 rows 4-5 (aged 75 and over) col 5 (Total),RAP - Table C2 pg1 row 4 (aged 75 and over) col1 (Total),,RAP - Table SD3 rows 6 (all ages) col 5 (Total),RAP - Table C2 pg1 row 5 (all ages) col1 (Total),,
,,,,,,,,,,,,,,,,,,,,,,,,,,,,,,,
Cumbria,"7,710","17,670",43.6,940,"1,775",53.1,65,925,6.8,915,"1,260",72.7,"1,955","4,010",48.8,"5,755","9,670",59.5,-,-,-,-,-,-,-,-,-,-,-,-,
Northumberland,"3,890","8,635",45.0,410,815,50.6,30,665,4.7,525,745,70.4,970,"2,235",43.3,"2,910","4,725",61.6,-,-,-,-,-,-,-,-,-,10,"1,670",0.5,
Gateshead,"2,385","5,460",43.7,330,610,54.5,105,250,41.3,280,355,78.3,735,"1,280",57.3,"1,600","3,560",45.0,-,-,-,-,-,-,-,-,-,50,620,8.2,
Newcastle upon Tyne,"4,070","9,480",42.9,510,"1,165",43.9,145,575,25.2,390,705,55.2,"1,055","2,550",41.5,"2,270","5,265",43.1,480,"1,030",46.7,135,280,47.5,130,360,36.5,745,"1,670",44.6,
North Tyneside,"2,605","3,840",67.8,240,330,72.6,50,450,11.1,430,470,91.5,735,"1,290",56.7,"1,850","2,020",91.7,-,-,-,-,-,-,-,-,-,20,530,3.8,
South Tyneside,"3,505","5,745",61.0,615,735,83.7,85,260,31.8,445,400,111.3,"1,145","1,405",81.2,"1,895","3,875",49.0,315,315,100.0,85,85,100.0,70,70,100.0,465,465,100.0,
Sunderland,"4,025","6,230",64.6,455,600,75.8,75,320,24.1,375,665,56.0,920,"1,725",53.4,"2,605","3,950",66.0,250,280,90.3,120,135,88.1,130,145,89.0,500,560,89.4,
Hartlepool,"1,880","5,730",32.8,310,990,31.2,150,400,36.9,240,260,91.9,700,"1,665",42.0,"1,070","3,260",32.9,75,510,14.7,20,135,13.4,20,160,11.3,110,805,13.8,
Middlesbrough,"1,735","7,500",23.1,270,"1,195",22.7,60,"1,105",5.5,335,585,57.4,685,"2,985",23.0,"1,020","3,325",30.7,-,-,-,-,-,-,-,-,-,25,"1,190",2.2,
Redcar and Cleveland,"1,520","6,435",23.6,260,"1,155",22.6,50,345,14.1,245,345,71.1,555,"1,855",29.9,820,"4,250",19.3,90,195,44.7,35,65,53.1,25,70,35.3,145,330,44.4,
Stockton-on-Tees,"1,280","6,905",18.5,280,"1,275",21.8,30,405,7.7,170,365,46.4,485,"2,090",23.2,790,"4,380",18.0,-,-,-,-,-,-,-,-,-,-,-,-,
Durham,"10,460","19,540",53.5,925,"2,145",43.2,150,"1,380",10.7,"1,350","1,740",77.4,"2,435","5,430",44.8,"7,885","11,340",69.5,105,"1,760",5.9,30,535,5.4,10,470,2.1,145,"2,770",5.2,
Darlington,"1,495","3,520",42.5,245,465,52.0,70,365,19.0,290,255,113.3,620,"1,130",54.8,705,"2,050",34.3,110,210,51.9,40,80,47.5,30,50,55.8,175,340,51.5,
Barnsley,"3,610","7,735",46.7,245,505,48.4,80,"1,580",5.1,195,580,33.6,535,"2,695",19.8,"1,965","3,650",53.8,660,865,76.4,220,280,79.5,230,245,92.7,"1,110","1,390",79.9,
Doncaster,"3,310","6,985",47.4,490,690,71.1,15,"1,100",1.2,195,705,28.0,705,"2,510",28.0,"1,940","3,225",60.2,460,785,58.7,105,240,44.0,95,225,42.7,665,"1,255",53.0,
Rotherham,"5,725","7,420",77.1,930,935,99.6,295,"1,220",24.0,555,555,99.6,"1,780","2,725",65.3,"3,945","4,090",96.4,-,-,-,-,-,-,-,-,-,-,-,-,
Sheffield,"7,050","13,005",54.2,"1,155","1,425",81.3,190,"2,275",8.3,725,"1,180",61.7,"2,095","4,920",42.6,"4,770","6,480",73.6,65,845,7.7,35,315,11.7,85,445,19.0,185,"1,605",11.6,
Bradford,"6,555","15,765",41.6,"1,175","1,830",64.2,20,"1,355",1.6,535,"1,665",32.2,"1,800","4,940",36.4,"4,240","7,670",55.3,190,"1,875",10.1,135,665,20.5,195,620,31.5,520,"3,155",16.5,
Calderdale,"3,500","4,320",81.1,405,355,113.2,30,970,2.9,480,540,88.5,920,"1,880",48.9,"2,400","2,255",106.2,95,95,100.0,30,30,100.0,60,60,100.0,185,185,100.0,
Kirklees,"6,950","16,180",43.0,720,"2,135",33.6,110,"1,330",8.3,665,860,77.7,"1,510","4,345",34.8,"4,265","10,275",41.5,640,900,71.2,235,330,70.5,300,330,91.2,"1,175","1,560",75.3,
Leeds,"6,120","11,745",52.1,760,"1,060",71.8,140,335,42.0,440,"1,380",31.9,"1,375","2,855",48.1,"4,210","6,215",67.8,415,790,52.5,65,360,18.1,55,"1,525",3.7,535,"2,675",20.0,
Wakefield,"2,430","8,145",29.8,260,855,30.3,30,830,3.7,145,730,19.6,455,"2,500",18.2,"1,560","4,970",31.4,300,430,70.6,70,130,55.0,40,120,32.8,415,680,60.8,
East Riding of Yorkshire,"5,220","12,090",43.2,520,"1,005",51.6,115,"2,130",5.4,505,600,83.8,"1,140","3,760",30.3,"2,580","4,550",56.7,785,"2,005",39.1,365,910,40.0,350,865,40.4,"1,500","3,780",39.6,
Kingston upon Hull,"5,050","8,050",62.8,"1,055","1,420",74.2,55,280,19.6,305,445,68.4,"1,440","2,300",62.5,"2,775","4,615",60.2,565,735,76.6,130,200,65.7,145,200,71.9,840,"1,135",73.8,
North East Lincolnshire,"2,475","6,725",36.8,270,575,46.9,95,"1,310",7.3,200,300,65.8,570,"2,205",25.8,"1,385","3,635",38.1,365,490,74.5,90,185,48.7,65,205,32.0,525,885,59.2,
North Lincolnshire,"1,160","6,185",18.7,135,735,18.4,10,540,1.9,125,285,44.5,270,"1,570",17.3,585,"3,590",16.4,180,525,34.1,70,235,29.1,55,265,19.9,300,"1,030",29.3,
North Yorkshire,"10,910","22,585",48.3,"1,465","2,330",62.9,140,"1,595",8.7,900,"1,410",63.9,"2,520","5,355",47.0,"7,735","13,205",58.6,400,"2,030",19.7,125,860,14.8,130,"1,135",11.4,655,"4,025",16.3,
York,"2,145","6,805",31.5,255,805,31.5,15,310,5.1,280,375,75.0,575,"1,550",36.9,970,"4,615",21.0,335,350,95.7,135,140,95.1,130,145,91.7,600,635,94.6,
Bolton,"2,840","5,745",49.4,315,475,66.0,90,"1,495",6.1,350,570,62.0,770,"2,585",29.7,"1,650","2,855",57.8,280,160,176.7,70,55,123.6,70,90,80.0,420,305,138.5,
Bury,"1,490","6,245",23.9,265,595,44.3,15,810,2.1,100,395,24.8,395,"2,890",13.7,"1,090","2,865",38.1,-,-,-,-,-,-,-,-,-,-,-,-,
Manchester,"7,815","12,690",61.6,725,950,76.4,230,"1,505",15.4,850,"1,070",79.4,"1,880","4,405",42.7,"3,170","4,755",66.7,"2,055","2,570",80.0,425,560,75.4,290,400,71.6,"2,765","3,530",78.3,
Oldham,"3,140","4,295",73.1,520,610,85.1,220,235,93.6,455,465,97.8,"1,225","1,340",91.4,"1,140","2,000",57.0,560,595,94.3,125,205,59.7,90,150,58.7,775,950,81.2,
Rochdale,"2,835","6,710",42.3,520,"1,080",48.2,20,930,2.0,120,560,21.0,660,"2,580",25.6,"1,985","3,845",51.6,155,205,75.0,35,50,63.5,5,30,22.6,195,285,67.2,
Salford,"4,350","9,670",45.0,580,"1,355",42.9,140,725,19.4,460,600,77.1,"1,225","2,805",43.7,"2,385","5,485",43.5,565,835,67.4,110,260,42.1,65,285,22.5,735,"1,380",53.4,
Stockport,"5,330","7,415",71.9,405,575,70.7,295,"1,095",26.9,555,610,91.0,"1,275","2,325",55.0,"3,035","3,935",77.1,475,610,77.8,170,225,75.3,370,320,116.0,"1,015","1,155",87.9,
Tameside,"3,850","11,720",32.9,425,"1,555",27.4,40,"1,935",2.0,465,710,65.4,935,"4,215",22.1,"2,800","5,915",47.3,85,"1,035",8.2,20,290,7.2,10,260,4.6,120,"1,590",7.4,
Trafford,"4,195","9,865",42.5,420,975,43.0,35,855,3.9,220,440,50.2,730,"2,745",26.5,"2,660","5,435",48.9,510,"1,045",48.7,165,340,48.5,135,295,45.9,810,"1,680",48.2,
Wigan,"3,600","9,215",39.1,550,"1,635",33.8,70,375,19.3,285,720,39.6,910,"2,750",33.2,"2,080","5,675",36.7,400,495,80.6,135,195,68.5,70,95,74.5,605,785,76.9,
Knowsley,"2,500","4,535",55.1,300,625,48.5,50,215,22.4,450,575,78.9,825,"1,445",57.0,"1,325","2,565",51.6,235,220,106.4,45,100,45.5,75,210,35.8,355,530,66.8,
Liverpool,"3,270","13,100",25.0,450,"1,735",25.9,110,950,11.7,385,"1,255",30.5,975,"4,045",24.1,"1,795","7,015",25.6,335,"1,185",28.2,85,605,13.9,85,250,34.1,505,"2,040",24.7,
Sefton,"5,795","11,430",50.7,755,"1,400",53.9,160,530,29.9,645,655,97.9,"1,600","2,655",60.2,"3,455","7,500",46.1,285,660,43.0,100,235,41.4,355,380,93.9,740,"1,275",57.9,
St. Helens,"3,705","7,280",50.9,420,"1,220",34.4,35,245,13.8,300,425,70.4,760,"2,005",38.0,"2,930","5,230",56.0,-,-,-,-,-,-,-,-,-,15,45,31.9,
Wirral,"7,575","11,295",67.1,785,"1,125",69.8,645,"1,210",53.3,420,695,60.5,"1,955","3,190",61.2,"4,970","7,050",70.5,445,640,69.4,110,175,62.3,100,235,41.9,655,"1,050",62.1,
Halton,"2,785","5,620",49.5,260,710,36.5,90,345,25.5,195,310,62.3,545,"1,380",39.7,"1,455","3,355",43.4,585,640,91.3,120,150,78.7,80,95,83.0,780,885,88.2,
Warrington,"2,310","4,665",49.5,310,430,72.2,40,500,7.6,325,400,81.2,690,"1,380",49.9,"1,590","2,380",66.8,-,-,-,-,-,-,-,-,-,30,905,3.5,
Lancashire,"18,160","36,100",50.3,"1,780","3,425",52.0,440,"4,585",9.6,"1,640","2,745",59.8,"3,985","11,345",35.1,"8,460","18,530",45.7,"2,935","3,200",91.8,"1,160","1,270",91.6,"1,610","1,760",91.6,"5,710","6,230",91.7,
Blackburn with Darwen,"1,430","3,710",38.5,315,635,49.6,45,125,37.1,85,305,28.0,455,"1,100",41.2,975,"2,410",40.5,-,-,-,-,-,-,-,-,-,-,-,-,
Blackpool,"2,165","5,565",38.9,260,605,42.6,85,655,13.0,265,380,69.1,650,"1,780",36.5,"1,440","3,350",43.0,55,290,18.6,10,80,12.7,10,65,12.3,70,435,16.6,
Cheshire East,"3,475","8,490",40.9,420,790,52.9,275,920,30.0,370,890,41.8,"1,075","2,625",40.9,"2,350","5,795",40.5,-,-,-,-,-,-,-,-,-,50,70,72.2,
Cheshire West and Chester,"4,415","8,910",49.5,510,775,66.2,435,"1,745",24.8,590,775,76.0,"1,550","3,320",46.7,"2,785","4,695",59.3,40,590,7.0,15,115,12.0,25,195,12.4,80,900,8.8,
Warwickshire,"4,685","10,375",45.2,585,"1,325",44.2,75,130,58.8,415,870,48.0,"1,080","2,330",46.4,"3,035","6,740",45.1,280,655,43.0,140,330,42.2,145,320,45.5,565,"1,305",43.4,
Birmingham,"10,375","23,675",43.8,935,"3,455",27.0,170,"1,315",12.9,505,"2,040",24.7,"1,640","7,105",23.1,"6,745","13,835",48.8,"1,490","1,850",80.5,270,430,63.4,225,455,49.7,"1,990","2,735",72.7,
Coventry,"3,740","8,660",43.2,340,"1,085",31.5,80,"1,240",6.4,435,560,77.5,855,"2,885",29.6,"2,240","5,120",43.8,395,410,96.6,90,110,80.9,160,135,117.5,645,655,98.3,
Dudley,"3,795","16,130",23.5,410,"1,870",21.9,45,365,11.7,465,735,63.2,925,"3,465",26.8,"2,450","10,120",24.2,360,"1,505",24.0,40,395,9.8,20,650,3.2,420,"2,545",16.5,
Sandwell,"2,795","8,335",33.5,310,800,38.8,25,860,2.8,170,525,32.9,515,"2,210",23.3,"1,255","4,715",26.6,685,980,69.9,200,255,77.0,140,175,81.5,"1,025","1,410",72.6,
Solihull,"2,630","5,130",51.3,250,580,42.8,45,360,12.8,290,380,76.7,590,"1,340",43.9,"1,685","3,325",50.7,180,230,78.5,85,105,81.9,95,135,68.9,360,470,76.5,
Walsall,"1,370","4,040",33.9,150,355,42.2,15,60,22.4,165,435,37.7,325,850,38.6,740,"2,615",28.3,250,275,91.2,30,150,20.5,25,155,16.0,305,580,52.6,
Wolverhampton,"2,385","4,710",50.7,355,490,72.0,35,425,7.7,125,400,31.4,520,"1,345",38.5,"1,560","2,910",53.6,185,205,90.8,55,100,54.5,65,145,44.5,305,450,67.8,
Staffordshire,"5,880","23,550",25.0,"1,005","3,055",32.8,240,"1,205",19.7,625,"1,590",39.3,"1,885","6,015",31.3,"3,640","16,045",22.7,215,770,27.7,85,345,24.1,60,375,16.0,355,"1,490",23.9,
Stoke-on-Trent,"3,460","9,255",37.4,370,"1,220",30.4,50,"1,610",3.2,260,525,50.0,685,"3,385",20.3,"2,155","5,070",42.5,365,445,81.2,125,180,70.8,125,175,71.8,615,800,76.8,
Herefordshire,"1,215","4,625",26.3,195,495,39.0,70,315,22.7,210,410,51.2,485,"1,280",38.1,625,"3,110",20.1,50,100,52.5,20,55,39.3,30,80,35.9,100,235,43.8,
Worcestershire,"5,110","9,325",54.8,590,825,71.7,80,285,29.0,550,960,57.3,"1,245","2,095",59.3,"2,880","4,990",57.7,615,"1,185",51.9,215,530,40.6,155,525,29.7,985,"2,240",44.0,
Shropshire,"3,525","12,280",28.7,415,"1,165",35.4,195,"1,180",16.4,480,685,69.9,"1,105","3,955",28.0,"2,010","5,495",36.6,225,"1,465",15.4,110,655,17.1,70,710,9.7,405,"2,830",14.3,
Telford and the Wrekin,"1,935","5,340",36.2,420,900,46.5,80,495,16.3,75,295,24.8,575,"1,695",33.8,"1,210","2,930",41.4,65,455,14.5,25,170,16.0,55,90,60.4,150,715,20.7,
Lincolnshire,..,..,..,770,"2,065",37.4,..,..,..,740,"1,290",57.2,..,..,..,"4,345","11,185",38.8,"2,055","2,035",100.8,825,930,88.7,760,895,84.6,"3,635","3,860",94.1,
Northamptonshire,"5,400","12,270",44.0,755,"1,165",64.8,440,"1,650",26.6,860,"1,285",67.0,"2,060","4,105",50.2,"3,315","6,440",51.5,-,-,-,-,-,-,-,-,-,25,"1,725",1.3,
Derbyshire,"7,950","22,875",34.7,"1,105","2,540",43.6,150,535,28.0,595,"1,535",38.7,"1,895","4,730",40.0,"5,925","15,865",37.3,50,"1,105",4.4,35,490,6.8,50,685,7.3,130,"2,280",5.8,
Derby,"2,230","7,410",30.1,355,"1,020",35.0,50,630,7.8,130,490,26.4,550,"2,195",25.0,"1,260","4,040",31.2,335,510,65.0,25,205,12.7,65,460,13.9,425,"1,175",36.0,
Leicestershire,"5,660","14,440",39.2,855,"1,695",50.4,275,980,27.8,375,850,44.1,"1,515","3,595",42.2,"4,095","9,775",41.9,20,575,3.8,15,215,7.9,5,280,2.5,45,"1,070",4.3,
Leicester,"4,050","7,260",55.8,565,970,58.2,180,690,25.9,510,770,66.1,"1,270","2,495",51.0,"2,170","4,065",53.4,455,480,94.8,95,120,77.0,60,100,58.8,610,705,86.5,
Rutland,640,"1,220",52.4,60,125,48.8,5,25,26.9,40,40,100.0,115,195,57.4,415,765,54.4,35,75,44.0,30,90,34.1,45,95,50.0,110,260,42.7,
Nottinghamshire,"9,965","15,185",65.6,"1,365","1,895",71.9,365,500,72.3,995,"1,585",62.9,"2,830","4,180",67.7,"6,535","9,730",67.2,350,740,47.2,130,255,50.6,125,280,44.0,600,"1,275",47.2,
Nottingham,"3,690","8,010",46.1,710,"1,380",51.6,160,480,33.8,400,645,62.0,"1,320","2,630",50.3,"2,360","5,250",45.0,-,-,-,-,-,-,-,-,-,5,130,5.3,
Hertfordshire,"15,540","24,890",62.4,"1,705","2,435",69.9,"2,070","3,870",53.5,"1,820","2,235",81.4,"5,600","8,550",65.5,"8,955","13,850",64.7,690,"1,110",62.2,155,485,32.4,140,895,15.5,985,"2,490",39.6,
Norfolk,"8,545","19,490",43.8,"1,065","1,705",62.6,495,"1,110",44.6,"1,165","1,430",81.5,"2,800","4,440",63.1,"4,660","10,145",45.9,510,"1,590",32.2,195,885,21.9,380,"2,430",15.6,"1,085","4,905",22.1,
Oxfordshire,"4,420","7,115",62.2,380,660,57.8,35,455,8.1,700,"1,190",59.0,"1,175","2,390",49.2,"1,455","3,835",37.9,635,380,167.6,250,200,124.6,905,310,294.2,"1,790",885,201.9,
Suffolk,"8,920","16,775",53.2,"1,170","1,730",67.8,130,650,20.0,"1,045","1,140",91.7,"2,350","3,535",66.5,"5,310","10,250",51.8,560,"1,395",40.0,285,685,41.7,420,910,46.0,"1,260","2,990",42.2,
Luton,"2,285","4,155",55.1,390,660,59.5,105,170,63.1,250,405,61.2,750,"1,280",58.7,"1,085","2,235",48.5,325,420,77.0,75,110,66.4,55,105,51.4,450,640,70.8,
Buckinghamshire,"9,705","13,030",74.5,"1,165","1,435",81.1,465,505,92.1,770,910,84.9,"2,410","2,880",83.6,"7,020","8,530",82.3,100,805,12.3,40,385,9.9,135,430,31.9,275,"1,620",16.9,
Milton Keynes,"2,660","4,695",56.6,400,575,69.8,35,785,4.2,380,445,84.8,815,"1,820",44.8,"1,485","2,555",58.2,130,185,69.6,60,65,87.9,170,70,250.0,355,320,111.9,
Bracknell Forest,"1,085","2,590",41.8,105,265,39.9,55,415,13.6,210,255,83.0,390,950,40.8,490,"1,275",38.4,100,165,60.6,50,80,64.1,55,120,45.5,205,365,56.3,
West Berkshire,725,"4,480",16.2,150,485,30.8,50,640,7.5,95,320,30.0,295,"1,460",20.2,335,"2,815",11.9,70,120,56.6,15,45,31.9,10,40,30.8,95,210,46.2,
Reading,"1,740","4,315",40.3,200,545,36.5,70,400,17.9,190,290,64.9,465,"1,260",36.9,870,"2,230",38.9,265,510,52.0,75,160,47.5,65,150,43.3,405,820,49.5,
Slough,"1,025","2,390",43.0,150,300,50.7,25,515,4.8,180,225,79.7,360,"1,050",34.3,620,"1,120",55.2,-,-,-,-,-,-,-,-,-,50,220,22.2,
Windsor and Maidenhead,950,"3,000",31.6,75,250,30.5,50,535,9.7,155,265,58.6,285,"1,050",27.2,615,"1,695",36.4,-,-,-,-,-,-,-,-,-,45,255,18.0,
Wokingham,880,"2,145",41.0,130,230,56.9,70,440,15.5,245,295,83.3,445,970,46.0,415,"1,070",38.8,-,-,-,-,-,-,-,-,-,20,110,17.6,
Essex,"14,275","41,260",34.6,"1,920","4,845",39.6,185,"7,845",2.4,"2,115","2,990",70.8,"4,230","15,855",26.7,"9,410","22,575",41.7,290,"1,620",17.9,160,600,26.3,185,610,30.3,635,"2,835",22.4,
Southend-on-Sea,"3,565","5,435",65.6,415,675,61.0,70,105,65.7,350,395,88.4,845,"1,210",69.9,"2,245","3,365",66.7,130,400,32.9,60,90,68.9,280,370,75.5,475,860,55.1,
Thurrock,"1,020","2,480",41.1,155,355,44.5,20,40,42.9,65,155,43.1,240,555,43.6,730,"1,860",39.1,25,25,92.0,10,15,47.1,20,20,90.5,50,65,79.4,
Cambridgeshire,"7,995","15,005",53.3,740,"2,025",36.5,90,380,23.9,870,"1,215",71.7,"1,705","3,660",46.6,"2,810","8,580",32.7,"1,830","1,420",128.9,805,655,122.7,845,685,122.7,"3,480","2,765",125.9,
Peterborough,"2,660","6,475",41.1,415,"1,100",37.6,160,455,34.7,310,450,68.7,895,"2,055",43.6,"1,715","3,885",44.1,35,260,14.0,5,120,5.9,10,160,6.9,55,535,10.1,
Bedford,"1,710","3,385",50.5,205,455,45.4,90,190,47.6,160,300,53.8,465,975,47.8,780,"1,935",40.4,265,245,109.9,100,120,86.4,90,110,82.1,460,475,97.5,
Central Bedfordshire,"2,430","4,650",52.3,270,445,60.6,70,350,19.8,115,385,29.3,455,"1,220",37.5,"1,160","2,645",44.0,680,660,102.9,90,85,103.4,40,40,100.0,810,790,102.8,
Camden,"3,450","5,360",64.4,460,615,75.2,420,"1,060",39.5,270,300,90.1,"1,155","2,180",53.1,"1,680","2,420",69.3,500,525,95.4,70,145,47.2,45,90,52.8,615,760,81.3,
Greenwich,"1,470","5,210",28.3,305,615,49.9,10,875,1.0,160,420,37.5,475,"1,915",24.8,960,"2,595",37.0,-,-,-,-,-,-,-,-,-,40,700,5.4,
Hackney,"2,610","5,130",50.8,605,850,70.9,60,590,10.2,160,445,35.9,840,"1,940",43.3,"1,430","2,545",56.3,275,520,52.8,40,80,49.4,25,45,48.9,335,645,52.1,
Hammersmith and Fulham,"1,605","4,060",39.5,190,555,34.2,70,330,21.7,115,265,42.9,395,"1,200",32.8,935,"2,410",38.9,185,225,81.5,60,60,100.0,30,165,18.7,275,450,60.8,
Islington,"2,525","4,095",61.6,440,550,79.9,85,885,9.7,155,330,46.7,680,"1,870",36.4,"1,330","1,615",82.4,415,450,92.7,60,85,72.9,35,75,45.9,510,610,84.2,
Kensington and Chelsea,"2,095","6,220",33.7,310,725,42.9,75,"1,010",7.6,105,185,56.5,500,"2,265",22.2,"1,145","2,860",40.0,365,850,42.7,60,140,42.8,25,110,24.8,450,"1,100",40.9,
Lambeth,"4,695","7,865",59.7,945,"1,360",69.4,50,"1,705",2.9,370,510,73.1,"1,425","3,650",39.1,"2,575","3,510",73.3,480,490,98.8,105,110,94.6,105,105,100.0,695,705,98.3,
Lewisham,"1,950","5,985",32.6,300,540,55.7,145,"1,540",9.6,215,435,49.4,690,"2,580",26.8,"1,000","3,025",33.1,195,255,76.3,30,55,60.4,30,75,39.7,255,385,67.1,
Southwark,"2,560","4,285",59.7,385,600,64.3,70,290,23.7,275,435,62.6,740,"1,425",51.9,"1,450","2,405",60.2,290,360,79.8,45,50,91.8,40,45,90.7,370,455,82.1,
Tower Hamlets,"1,990","5,195",38.3,330,665,49.4,75,540,14.2,195,525,36.6,610,"1,755",34.7,965,"2,165",44.6,365,"1,055",34.4,35,130,27.3,15,85,18.4,415,"1,275",32.6,
Wandsworth,"2,790","4,025",69.3,320,390,83.0,240,470,51.4,385,515,75.0,950,"1,375",69.0,"1,460","1,955",74.7,275,465,59.3,75,135,53.7,25,90,30.7,375,690,54.6,
Westminster,"1,795","5,785",31.0,280,680,41.2,155,"1,300",12.0,210,355,59.0,665,"2,415",27.4,835,"3,210",26.0,225,115,196.5,40,25,158.3,30,15,182.4,295,155,189.1,
City of London,110,200,54.3,10,15,70.6,30,40,66.7,10,10,75.0,50,70,69.0,50,120,42.5,-,-,-,-,-,-,-,-,-,10,10,100.0,
Barking and Dagenham,"3,210","6,460",49.7,350,"1,045",33.3,65,275,22.8,135,235,56.8,550,"1,600",34.4,"1,255","3,445",36.4,995,"1,005",99.0,235,235,100.0,175,175,100.0,"1,405","1,415",99.3,
Barnet,"4,125","6,900",59.8,555,750,73.9,615,995,62.1,480,540,89.3,"1,665","2,315",72.0,"2,360","3,980",59.3,75,350,21.3,15,115,13.2,10,145,7.6,100,605,16.5,
Bexley,"3,160","6,500",48.6,535,810,65.8,110,"1,570",6.9,180,240,75.2,860,"2,685",32.1,"2,205","3,195",69.0,-,-,-,-,-,-,-,-,-,95,620,15.2,
Brent,"2,740","5,085",53.9,355,640,55.4,35,930,3.9,520,545,94.9,930,"2,145",43.3,"1,680","2,725",61.7,110,200,56.3,5,5,100.0,15,15,100.0,130,220,60.3,
Bromley,"3,695","7,490",49.3,350,560,62.3,130,"1,055",12.4,380,510,74.6,865,"2,150",40.3,"2,800","4,650",60.2,-,-,-,-,-,-,-,-,-,25,695,3.9,
Croydon,"3,870","8,150",47.4,610,"1,005",60.7,90,"1,440",6.2,435,715,61.2,"1,155","3,430",33.7,"2,605","4,370",59.6,60,180,32.2,15,55,23.2,35,115,29.9,105,355,30.0,
Ealing,"3,555","9,495",37.5,580,"1,125",51.6,35,"1,975",1.8,300,580,51.7,915,"3,795",24.1,"2,525","4,705",53.7,90,675,13.2,15,185,8.7,10,145,8.4,115,"1,000",11.7,
Enfield,"4,250","6,990",60.8,795,"1,255",63.5,300,455,66.3,350,615,57.1,"1,505","2,420",62.3,"2,440","3,935",62.1,75,325,23.5,50,135,38.8,175,180,96.7,305,640,47.5,
Haringey,"1,965","4,480",43.9,380,855,44.5,60,330,18.5,180,355,50.4,625,"1,625",38.6,630,"2,160",29.3,500,510,98.4,110,100,105.9,100,85,114.0,705,695,101.4,
Harrow,"3,150","5,915",53.3,310,685,45.0,250,710,35.3,225,305,73.9,815,"1,755",46.5,"1,910","3,540",54.0,275,370,75.0,75,115,68.1,75,140,52.1,425,620,68.6,
Havering,"2,655","5,875",45.2,320,630,50.7,35,305,10.8,135,325,41.2,505,"1,320",38.3,"2,150","4,115",52.2,-,-,-,-,-,-,-,-,-,-,-,-,
Hillingdon,"1,235","4,790",25.7,265,600,43.9,10,340,3.2,90,285,30.8,365,"1,240",29.3,865,"3,420",25.4,-,-,-,-,-,-,-,-,-,-,-,-,
Hounslow,"1,730","5,695",30.4,270,765,35.6,55,970,5.6,205,435,47.2,540,"2,235",24.1,"1,050","2,735",38.3,100,465,21.1,25,145,18.9,20,120,15.7,145,730,19.8,
Kingston upon Thames,"1,000","2,690",37.2,95,135,69.4,45,540,8.3,35,220,16.7,205,"1,070",19.3,705,"1,505",46.9,40,40,100.0,30,30,100.0,20,50,42.9,90,120,76.3,
Merton,"1,875","4,610",40.7,265,505,52.3,85,"1,040",8.4,225,310,72.6,595,"1,895",31.4,"1,075","2,280",47.1,125,265,47.6,30,85,36.1,50,85,59.0,205,435,47.6,
Newham,"2,015","4,405",45.7,375,670,55.8,65,320,20.9,285,475,60.3,730,"1,575",46.2,"1,140","2,410",47.3,120,305,38.4,15,55,30.9,10,50,17.3,145,415,34.8,
Redbridge,"3,295","7,365",44.7,550,800,68.7,85,235,36.8,315,410,76.6,970,"1,530",63.5,"1,960","4,005",49.0,170,770,22.3,70,210,34.4,115,850,13.7,360,"1,835",19.7,
Richmond upon Thames,"2,020","2,225",90.6,235,240,97.1,45,75,64.4,230,220,105.0,510,535,95.9,"1,125","1,200",93.8,210,255,83.0,90,120,74.6,80,120,66.9,380,495,77.1,
Sutton,"2,505","3,835",65.3,330,455,72.1,70,130,52.3,290,345,84.4,715,970,73.4,"1,665","2,350",70.9,85,295,28.1,20,90,22.0,20,125,16.7,125,510,24.2,
Waltham Forest,"1,615","4,310",37.5,240,585,40.7,50,330,14.9,100,375,26.6,395,"1,320",30.0,940,"2,630",35.8,190,215,89.7,55,80,71.8,35,70,47.8,280,360,77.8,
Isle of Wight,"1,905","4,585",41.5,145,355,40.3,50,80,59.8,300,300,100.0,495,750,65.7,685,"2,450",28.0,270,595,45.3,60,330,18.4,395,455,86.4,725,"1,385",52.3,
Surrey,"7,780","26,410",29.5,"1,055","2,670",39.5,290,"2,325",12.5,855,"1,780",47.9,"2,205","7,275",30.3,"3,900","17,070",22.9,875,"1,060",82.5,320,395,81.3,480,610,78.6,"1,675","2,065",81.1,
West Sussex,"5,775","15,700",36.8,865,"1,890",45.8,240,"2,935",8.2,"1,055","1,505",70.1,"2,180","6,480",33.6,"3,390","9,010",37.6,80,120,69.5,35,45,81.8,90,50,185.4,205,210,98.6,
Dorset,"4,255",..,..,820,"1,610",50.8,135,"1,065",12.8,465,670,69.3,"1,430","3,760",38.1,"2,780","7,725",36.0,25,..,..,10,..,..,10,..,..,45,..,..,
Bournemouth,750,"5,000",15.0,125,535,23.2,65,585,11.3,125,265,47.9,315,"1,385",22.8,375,"2,970",12.7,35,305,11.1,15,130,10.0,10,210,4.3,55,645,8.7,
Poole,"1,590","4,090",38.9,210,445,47.9,45,270,16.5,220,330,66.6,480,"1,050",45.7,"1,085","2,290",47.4,-,-,-,-,-,-,-,-,-,25,750,3.3,
Hampshire,"10,695","36,975",28.9,"1,405","3,230",43.4,145,"5,180",2.8,"1,050","2,155",48.7,"2,650","10,645",24.9,"7,990","21,330",37.5,25,"2,275",1.2,10,870,1.0,20,"1,855",1.1,55,"5,005",1.1,
Portsmouth,"1,470","5,915",24.9,185,830,22.1,30,885,3.3,70,420,16.7,290,"2,190",13.2,"1,095","3,375",32.4,45,215,22.1,20,60,29.0,25,70,31.9,90,345,25.4,
Southampton,"3,770","10,790",34.9,420,"1,285",32.8,360,"1,380",26.0,315,595,52.7,"1,115","3,505",31.9,"1,800","5,910",30.4,340,715,47.4,105,250,42.4,405,405,100.0,855,"1,375",62.1,
East Sussex,"11,180","18,830",59.4,"1,515","2,375",63.9,440,"1,175",37.4,500,825,60.9,"2,535","4,600",55.0,"6,550","11,150",58.7,"1,125","1,515",74.3,480,690,69.7,495,875,56.5,"2,100","3,075",68.2,
Brighton and Hove,"2,750","4,510",61.0,450,580,77.4,45,185,24.6,385,475,80.8,885,"1,270",69.6,"1,485","2,105",70.6,310,795,39.0,55,170,32.4,15,170,8.8,380,"1,135",33.5,
Wiltshire,"3,160","11,365",27.8,480,"1,570",30.6,20,"1,270",1.6,415,760,54.8,945,"3,695",25.5,"1,505","6,540",23.0,210,490,42.9,115,250,45.6,390,390,100.0,715,"1,130",63.2,
Swindon,725,"5,795",12.5,-,-,-,-,-,-,-,-,-,235,"2,095",11.2,420,"3,120",13.5,45,335,12.8,10,100,8.9,15,145,11.2,70,580,11.7,
Kent,"15,235","40,850",37.3,"2,285","5,875",38.9,685,"2,610",26.2,"1,495","2,955",50.6,"4,475","12,280",36.4,"10,420","24,055",43.3,195,"2,565",7.6,65,825,7.6,85,"1,120",7.6,340,"4,515",7.6,
Medway Towns,"2,355","5,540",42.5,375,980,38.2,160,215,73.8,290,325,89.5,825,"1,635",50.5,"1,500","3,585",41.9,-,-,-,-,-,-,-,-,-,30,320,9.0,
Cornwall,..,..,..,445,"2,020",22.0,..,..,..,280,"1,575",17.7,..,..,..,..,..,..,505,540,93.7,165,180,92.8,140,140,100.0,810,860,94.5,
Gloucestershire,"5,230","13,335",39.2,465,"1,205",38.8,145,335,43.2,525,"1,155",45.5,"1,150","2,815",40.9,"2,875","7,285",39.5,315,"1,055",29.7,140,655,21.5,755,"1,525",49.4,"1,205","3,235",37.3,
Somerset,"1,095","27,780",3.9,440,"2,640",16.6,20,"6,000",0.3,230,"1,335",17.1,695,"10,205",6.8,395,"16,490",2.4,-,-,-,-,-,-,-,-,-,-,-,-,
Isles of Scilly,15,45,36.2,-,-,-,-,-,-,-,-,-,-,-,-,-,-,-,-,-,-,-,-,-,-,-,-,15,15,100.0,
Bath and North East Somerset,"1,740","3,670",47.4,230,350,65.0,135,480,28.5,195,275,71.4,565,"1,115",50.7,995,"1,710",58.0,100,490,20.5,45,155,27.4,35,190,19.3,180,840,21.5,
Bristol,"3,885","10,805",36.0,660,"1,530",43.1,70,"1,165",5.8,375,635,59.3,"1,140","3,420",33.3,"2,570","6,120",42.0,105,645,16.4,45,325,14.5,25,290,7.9,175,"1,260",14.0,
North Somerset,"1,755","4,320",40.6,260,595,43.7,15,300,4.3,195,245,78.5,470,"1,180",39.7,"1,040","2,590",40.2,130,305,43.0,55,105,51.5,60,140,43.0,245,550,44.5,
South Gloucestershire,"2,730","5,030",54.3,425,785,53.8,40,190,20.9,320,430,74.0,785,"1,410",55.6,"1,845","3,470",53.1,70,75,93.4,20,30,64.3,15,45,32.6,105,145,70.1,
Devon,"13,965","20,880",66.9,"1,490","2,640",56.5,425,"3,365",12.7,"1,100","1,555",70.5,"3,030","7,600",39.8,"7,975","12,910",61.8,-,-,-,-,-,-,-,-,-,"2,965",370,798.7,
Plymouth,"2,330","6,875",33.9,325,885,36.5,40,145,28.8,260,795,32.5,650,"1,955",33.3,"1,220","3,720",32.8,270,695,38.8,95,250,37.2,95,260,37.5,460,"1,200",38.2,
Torbay,"2,750","5,740",48.0,395,680,58.1,45,915,4.8,150,275,54.9,645,"1,955",33.0,"1,860","3,230",57.5,185,305,59.8,35,125,29.0,30,125,23.6,250,555,44.8,
,,,,,,,,,,,,,,,,,,,,,,,,,,,,,,,
TOTAL,"605,425","1,407,190",43.0,"79,260","165,425",47.9,"21,050","144,030",14.6,"61,320","104,320",58.8,"164,310","429,115",38.3,"362,710","802,280",45.2,"46,425","95,955",48.4,"14,840","34,605",42.9,"17,145","45,225",37.9,"78,405","175,795",44.6,
,,,,,,,,,,,,,,,,,,,,,,,,,,,,,,,
,,,,,,,,,,,,,,,,,,,,,,,,,,,,,,,
Shire Counties,"235,825","555,450",42.5,"29,710","61,075",48.6,"8,530","53,915",15.8,"24,375","40,415",60.3,"63,395","159,855",39.7,"141,610","326,950",43.3,"16,025","32,845",48.8,"6,805","14,310",47.5,"7,990","21,485",37.2,"30,820","68,645",44.9,
Unitary Authorities,"135,080","351,115",38.5,"18,445","44,315",41.6,"4,865","34,865",14.0,"15,165","25,525",59.4,"39,085","108,225",36.1,"79,525","198,885",40.0,"9,680","25,150",38.5,"2,905","8,795",33.0,"3,885","10,055",38.6,"16,470","44,005",37.4,
Metropolitan Districts,"151,230","323,955",46.7,"18,470","37,765",48.9,"3,925","30,600",12.8,"14,060","25,600",54.9,"37,240","98,800",37.7,"92,670","182,260",50.8,"13,840","25,165",55.0,"3,595","8,185",43.9,"3,885","9,545",40.7,"21,320","42,895",49.7,
Inner London,"29,630","63,405",46.7,"4,885","8,160",59.9,"1,490","10,635",14.0,"2,620","4,735",55.3,"9,175","24,635",37.2,"15,815","30,840",51.3,"3,605","5,740",62.8,620,"1,130",55.1,415,"1,065",39.0,"4,645","7,930",58.5,
Outer London,"53,660","113,265",47.4,"7,750","14,110",54.9,"2,240","14,015",16.0,"5,100","8,045",63.4,"15,420","37,600",41.0,"33,095","63,345",52.2,"3,270","7,060",46.3,915,"2,185",41.8,965,"3,075",31.3,"5,150","12,320",41.8,
,,,,,,,,,,,,,,,,,,,,,,,,,,,,,,,
North East,"38,855","89,025",43.6,"4,855","11,480",42.3,995,"6,525",15.3,"5,065","6,895",73.5,"11,035","25,645",43.0,"25,425","52,000",48.9,"1,480","6,860",21.6,470,"2,165",21.7,445,"2,355",18.9,"2,395","11,380",21.0,
North West,"104,735","221,935",47.2,"12,230","25,045",48.8,"3,625","22,910",15.8,"10,440","16,810",62.1,"27,020","68,915",39.2,"61,285","122,315",50.1,"10,070","17,735",56.8,"2,900","5,950",48.8,"3,455","7,025",49.2,"16,430","30,705",53.5,
Yorkshire and the Humber,"72,220","153,745",47.0,"9,835","16,665",59.0,"1,335","17,165",7.8,"6,250","11,605",53.9,"17,680","46,110",38.3,"45,330","83,035",54.6,"5,455","13,085",41.7,"1,820","5,010",36.3,"1,935","6,505",29.8,"9,210","24,600",37.4,
East Midlands,"49,360","108,830",45.4,"6,545","12,855",50.9,"1,890","7,215",26.2,"4,645","8,485",54.7,"13,350","29,235",45.7,"30,420","67,115",45.3,"3,310","6,520",50.7,"1,160","2,740",42.3,"1,120","3,220",34.8,"5,590","12,485",44.8,
West Midlands,"52,905","145,435",36.4,"6,320","17,620",35.9,"1,200","9,845",12.2,"4,770","10,405",45.9,"12,435","39,960",31.1,"32,240","87,010",37.1,"5,360","10,525",50.9,"1,495","3,810",39.2,"1,375","4,130",33.3,"8,225","18,465",44.6,
South West,"49,010","153,690",31.9,"6,925","18,240",38.0,"1,495","18,890",7.9,"4,925","10,720",45.9,"13,560","49,225",27.5,"28,130","90,140",31.2,"3,860","6,730",57.3,"1,875","3,050",61.4,"1,585","4,545",34.9,"7,320","14,330",51.1,
Eastern,"68,945","143,990",47.9,"8,455","16,430",51.4,"3,485","15,165",23.0,"8,265","11,100",74.5,"20,350","43,330",47.0,"38,850","81,325",47.8,"5,340","9,145",58.4,"1,940","3,850",50.4,"2,460","6,345",38.8,"9,745","19,335",50.4,
London,"83,295","176,670",47.1,"12,635","22,270",56.7,"3,730","24,650",15.1,"7,720","12,775",60.4,"24,595","62,235",39.5,"48,910","94,185",51.9,"6,875","12,795",53.7,"1,535","3,315",46.3,"1,380","4,140",33.3,"9,790","20,250",48.4,
South East,"86,105","213,860",40.3,"11,455","24,815",46.2,"3,295","21,665",15.2,"9,240","15,520",59.5,"24,290","64,460",37.7,"52,115","125,155",41.6,"4,675","12,560",37.2,"1,640","4,715",34.8,"3,380","6,965",48.6,"9,700","24,240",40.0,
,,,,,,,,,,,,,,,,,,,,,,,,,,,,,,,
,,,,,,,,,,,,,,,,,,,,,,,,,,,,,,,
Note,,,,,,,,,,,,,,,,,,,,,,,,,,,,,,,
1. Caution should be taken when comparing data historically please refer to the notes in the cover sheet.,,,,,,,,,,,,,,,,,,,,,,,,,,,,,,,
2. Numerator and denominator values used to calculate the indicator are rounded to the nearest 5.,,,,,,,,,,,,,,,,,,,,,,,,,,,,,,,
"3.   -  means constituent values less than 6 are suppressed, where elements of an indicator are suppressed the indicator itself is also suppressed. The exception is for measure 2C where values of less than 0.5 have been supressed. This is because the numerator is based on an average of the 12 monthly figures.",,,,,,,,,,,,,,,,,,,,,,,,,,,,,,,
4.  ..  represents data that is unavailable.,,,,,,,,,,,,,,,,,,,,,,,,,,,,,,,
"5. 1A, 1B, 1D, 3A, 3B, 3C, 3D, 4A and 4B are based on survey data. The base (i.e. the number of responses on which the outcome is based) should be taken into account when assessing the reliability of the outcome values. Outcomes based on a small base should be treated with caution.",,,,,,,,,,,,,,,,,,,,,,,,,,,,,,,
"6. 1A, 1B, 3A, 3D, 4A and 4B have been weighted to reflect that a stratified sample was taken and to account for non-response bias. For 1D, 3B and 3C only the national, regional and council type figures have been weighted as stratified sampling was not used. These totals have been weighted to account for differeing response rates in councils.",,,,,,,,,,,,,,,,,,,,,,,,,,,,,,,
,,,,,,,,,,,,,,,,,,,,,,,,,,,,,,,
,,,,,,,,,,,,,,,,,,,,,,,,,,,,,,,
,,,,,,,,,,,,,,,,,,,,,,,,,,,,,,,
,,,,,,,,,,,,,,,,,,,,,,,,,,,,,,,
,,,,,,,,,,,,,,,,,,,,,,,,,,,,,,,
,,,,,,,,,,,,,,,,,,,,,,,,,,,,,,,
,,,,,,,,,,,,,,,,,,,,,,,,,,,,,,,
,,,,,,,,,,,,,,,,,,,,,,,,,,,,,,,
,,,,,,,,,,,,,,,,,,,,,,,,,,,,,,,
,,,,,,,,,,,,,,,,,,,,,,,,,,,,,,,
,,,,,,,,,,,,,,,,,,,,,,,,,,,,,,,
,,,,,,,,,,,,,,,,,,,,,,,,,,,,,,,
,,,,,,,,,,,,,,,,,,,,,,,,,,,,,,,
,,,,,,,,,,,,,,,,,,,,,,,,,,,,,,,
,,,,,,,,,,,,,,,,,,,,,,,,,,,,,,,
,,,,,,,,,,,,,,,,,,,,,,,,,,,,,,,
,,,,,,,,,,,,,,,,,,,,,,,,,,,,,,,
,,,,,,,,,,,,,,,,,,,,,,,,,,,,,,,
,,,,,,,,,,,,,,,,,,,,,,,,,,,,,,,
,,,,,,,,,,,,,,,,,,,,,,,,,,,,,,,
,,,,,,,,,,,,,,,,,,,,,,,,,,,,,,,
,,,,,,,,,,,,,,,,,,,,,,,,,,,,,,,
,,,,,,,,,,,,,,,,,,,,,,,,,,,,,,,
,,,,,,,,,,,,,,,,,,,,,,,,,,,,,,,
,,,,,,,,,,,,,,,,,,,,,,,,,,,,,,,
,,,,,,,,,,,,,,,,,,,,,,,,,,,,,,,
,,,,,,,,,,,,,,,,,,,,,,,,,,,,,,,
,,,,,,,,,,,,,,,,,,,,,,,,,,,,,,,
,,,,,,,,,,,,,,,,,,,,,,,,,,,,,,,
,,,,,,,,,,,,,,,,,,,,,,,,,,,,,,,
,,,,,,,,,,,,,,,,,,,,,,,,,,,,,,,
,,,,,,,,,,,,,,,,,,,,,,,,,,,,,,,
,,,,,,,,,,,,,,,,,,,,,,,,,,,,,,,
,,,,,,,,,,,,,,,,,,,,,,,,,,,,,,,
,,,,,,,,,,,,,,,,,,,,,,,,,,,,,,,
,,,,,,,,,,,,,,,,,,,,,,,,,,,,,,,
,,,,,,,,,,,,,,,,,,,,,,,,,,,,,,,
,,,,,,,,,,,,,,,,,,,,,,,,,,,,,,,
,,,,,,,,,,,,,,,,,,,,,,,,,,,,,,,
,,,,,,,,,,,,,,,,,,,,,,,,,,,,,,,
,,,,,,,,,,,,,,,,,,,,,,,,,,,,,,,
,,,,,,,,,,,,,,,,,,,,,,,,,,,,,,,
,,,,,,,,,,,,,,,,,,,,,,,,,,,,,,,
,,,,,,,,,,,,,,,,,,,,,,,,,,,,,,,
,,,,,,,,,,,,,,,,,,,,,,,,,,,,,,,
,,,,,,,,,,,,,,,,,,,,,,,,,,,,,,,
,,,,,,,,,,,,,,,,,,,,,,,,,,,,,,,
,,,,,,,,,,,,,,,,,,,,,,,,,,,,,,,
,,,,,,,,,,,,,,,,,,,,,,,,,,,,,,,
,,,,,,,,,,,,,,,,,,,,,,,,,,,,,,,
,,,,,,,,,,,,,,,,,,,,,,,,,,,,,,,
,,,,,,,,,,,,,,,,,,,,,,,,,,,,,,,
,,,,,,,,,,,,,,,,,,,,,,,,,,,,,,,
,,,,,,,,,,,,,,,,,,,,,,,,,,,,,,,
,,,,,,,,,,,,,,,,,,,,,,,,,,,,,,,
,,,,,,,,,,,,,,,,,,,,,,,,,,,,,,,
,,,,,,,,,,,,,,,,,,,,,,,,,,,,,,,
,,,,,,,,,,,,,,,,,,,,,,,,,,,,,,,
,,,,,,,,,,,,,,,,,,,,,,,,,,,,,,,
,,,,,,,,,,,,,,,,,,,,,,,,,,,,,,,
,,,,,,,,,,,,,,,,,,,,,,,,,,,,,,,
,,,,,,,,,,,,,,,,,,,,,,,,,,,,,,,
,,,,,,,,,,,,,,,,,,,,,,,,,,,,,,,
,,,,,,,,,,,,,,,,,,,,,,,,,,,,,,,
,,,,,,,,,,,,,,,,,,,,,,,,,,,,,,,
,,,,,,,,,,,,,,,,,,,,,,,,,,,,,,,
,,,,,,,,,,,,,,,,,,,,,,,,,,,,,,,
,,,,,,,,,,,,,,,,,,,,,,,,,,,,,,,
,,,,,,,,,,,,,,,,,,,,,,,,,,,,,,,
,,,,,,,,,,,,,,,,,,,,,,,,,,,,,,,
,,,,,,,,,,,,,,,,,,,,,,,,,,,,,,,
,,,,,,,,,,,,,,,,,,,,,,,,,,,,,,,
,,,,,,,,,,,,,,,,,,,,,,,,,,,,,,,
,,,,,,,,,,,,,,,,,,,,,,,,,,,,,,,
,,,,,,,,,,,,,,,,,,,,,,,,,,,,,,,
,,,,,,,,,,,,,,,,,,,,,,,,,,,,,,,
,,,,,,,,,,,,,,,,,,,,,,,,,,,,,,,
,,,,,,,,,,,,,,,,,,,,,,,,,,,,,,,
,,,,,,,,,,,,,,,,,,,,,,,,,,,,,,,
,,,,,,,,,,,,,,,,,,,,,,,,,,,,,,,
,,,,,,,,,,,,,,,,,,,,,,,,,,,,,,,
,,,,,,,,,,,,,,,,,,,,,,,,,,,,,,,
,,,,,,,,,,,,,,,,,,,,,,,,,,,,,,,
,,,,,,,,,,,,,,,,,,,,,,,,,,,,,,,
,,,,,,,,,,,,,,,,,,,,,,,,,,,,,,,
,,,,,,,,,,,,,,,,,,,,,,,,,,,,,,,
,,,,,,,,,,,,,,,,,,,,,,,,,,,,,,,
,,,,,,,,,,,,,,,,,,,,,,,,,,,,,,,
,,,,,,,,,,,,,,,,,,,,,,,,,,,,,,,
,,,,,,,,,,,,,,,,,,,,,,,,,,,,,,,
,,,,,,,,,,,,,,,,,,,,,,,,,,,,,,,
,,,,,,,,,,,,,,,,,,,,,,,,,,,,,,,
,,,,,,,,,,,,,,,,,,,,,,,,,,,,,,,
,,,,,,,,,,,,,,,,,,,,,,,,,,,,,,,
,,,,,,,,,,,,,,,,,,,,,,,,,,,,,,,
,,,,,,,,,,,,,,,,,,,,,,,,,,,,,,,
,,,,,,,,,,,,,,,,,,,,,,,,,,,,,,,
,,,,,,,,,,,,,,,,,,,,,,,,,,,,,,,
,,,,,,,,,,,,,,,,,,,,,,,,,,,,,,,
,,,,,,,,,,,,,,,,,,,,,,,,,,,,,,,
,,,,,,,,,,,,,,,,,,,,,,,,,,,,,,,
,,,,,,,,,,,,,,,,,,,,,,,,,,,,,,,
,,,,,,,,,,,,,,,,,,,,,,,,,,,,,,,
,,,,,,,,,,,,,,,,,,,,,,,,,,,,,,,
,,,,,,,,,,,,,,,,,,,,,,,,,,,,,,,
,,,,,,,,,,,,,,,,,,,,,,,,,,,,,,,
,,,,,,,,,,,,,,,,,,,,,,,,,,,,,,,
,,,,,,,,,,,,,,,,,,,,,,,,,,,,,,,
,,,,,,,,,,,,,,,,,,,,,,,,,,,,,,,
,,,,,,,,,,,,,,,,,,,,,,,,,,,,,,,
,,,,,,,,,,,,,,,,,,,,,,,,,,,,,,,
,,,,,,,,,,,,,,,,,,,,,,,,,,,,,,,
,,,,,,,,,,,,,,,,,,,,,,,,,,,,,,,
,,,,,,,,,,,,,,,,,,,,,,,,,,,,,,,
,,,,,,,,,,,,,,,,,,,,,,,,,,,,,,,
,,,,,,,,,,,,,,,,,,,,,,,,,,,,,,,
,,,,,,,,,,,,,,,,,,,,,,,,,,,,,,,
,,,,,,,,,,,,,,,,,,,,,,,,,,,,,,,
,,,,,,,,,,,,,,,,,,,,,,,,,,,,,,,
,,,,,,,,,,,,,,,,,,,,,,,,,,,,,,,
,,,,,,,,,,,,,,,,,,,,,,,,,,,,,,,
,,,,,,,,,,,,,,,,,,,,,,,,,,,,,,,
,,,,,,,,,,,,,,,,,,,,,,,,,,,,,,,
,,,,,,,,,,,,,,,,,,,,,,,,,,,,,,,
,,,,,,,,,,,,,,,,,,,,,,,,,,,,,,,
,,,,,,,,,,,,,,,,,,,,,,,,,,,,,,,
,,,,,,,,,,,,,,,,,,,,,,,,,,,,,,,
,,,,,,,,,,,,,,,,,,,,,,,,,,,,,,,
,,,,,,,,,,,,,,,,,,,,,,,,,,,,,,,
,,,,,,,,,,,,,,,,,,,,,,,,,,,,,,,
,,,,,,,,,,,,,,,,,,,,,,,,,,,,,,,
,,,,,,,,,,,,,,,,,,,,,,,,,,,,,,,
,,,,,,,,,,,,,,,,,,,,,,,,,,,,,,,
,,,,,,,,,,,,,,,,,,,,,,,,,,,,,,,
,,,,,,,,,,,,,,,,,,,,,,,,,,,,,,,
,,,,,,,,,,,,,,,,,,,,,,,,,,,,,,,
,,,,,,,,,,,,,,,,,,,,,,,,,,,,,,,
,,,,,,,,,,,,,,,,,,,,,,,,,,,,,,,
,,,,,,,,,,,,,,,,,,,,,,,,,,,,,,,
,,,,,,,,,,,,,,,,,,,,,,,,,,,,,,,
,,,,,,,,,,,,,,,,,,,,,,,,,,,,,,,
,,,,,,,,,,,,,,,,,,,,,,,,,,,,,,,
,,,,,,,,,,,,,,,,,,,,,,,,,,,,,,,
,,,,,,,,,,,,,,,,,,,,,,,,,,,,,,,
,,,,,,,,,,,,,,,,,,,,,,,,,,,,,,,
,,,,,,,,,,,,,,,,,,,,,,,,,,,,,,,
,,,,,,,,,,,,,,,,,,,,,,,,,,,,,,,
,,,,,,,,,,,,,,,,,,,,,,,,,,,,,,,
,,,,,,,,,,,,,,,,,,,,,,,,,,,,,,,
,,,,,,,,,,,,,,,,,,,,,,,,,,,,,,,
,,,,,,,,,,,,,,,,,,,,,,,,,,,,,,,
,,,,,,,,,,,,,,,,,,,,,,,,,,,,,,,
,,,,,,,,,,,,,,,,,,,,,,,,,,,,,,,
,,,,,,,,,,,,,,,,,,,,,,,,,,,,,,,
,,,,,,,,,,,,,,,,,,,,,,,,,,,,,,,
,,,,,,,,,,,,,,,,,,,,,,,,,,,,,,,
,,,,,,,,,,,,,,,,,,,,,,,,,,,,,,,
,,,,,,,,,,,,,,,,,,,,,,,,,,,,,,,
,,,,,,,,,,,,,,,,,,,,,,,,,,,,,,,
,,,,,,,,,,,,,,,,,,,,,,,,,,,,,,,
,,,,,,,,,,,,,,,,,,,,,,,,,,,,,,,
,,,,,,,,,,,,,,,,,,,,,,,,,,,,,,,
,,,,,,,,,,,,,,,,,,,,,,,,,,,,,,,
,,,,,,,,,,,,,,,,,,,,,,,,,,,,,,,
,,,,,,,,,,,,,,,,,,,,,,,,,,,,,,,
,,,,,,,,,,,,,,,,,,,,,,,,,,,,,,,
,,,,,,,,,,,,,,,,,,,,,,,,,,,,,,,
,,,,,,,,,,,,,,,,,,,,,,,,,,,,,,,
,,,,,,,,,,,,,,,,,,,,,,,,,,,,,,,
,,,,,,,,,,,,,,,,,,,,,,,,,,,,,,,
,,,,,,,,,,,,,,,,,,,,,,,,,,,,,,,
,,,,,,,,,,,,,,,,,,,,,,,,,,,,,,,
,,,,,,,,,,,,,,,,,,,,,,,,,,,,,,,
,,,,,,,,,,,,,,,,,,,,,,,,,,,,,,,
,,,,,,,,,,,,,,,,,,,,,,,,,,,,,,,
,,,,,,,,,,,,,,,,,,,,,,,,,,,,,,,
,,,,,,,,,,,,,,,,,,,,,,,,,,,,,,,
,,,,,,,,,,,,,,,,,,,,,,,,,,,,,,,
,,,,,,,,,,,,,,,,,,,,,,,,,,,,,,,
,,,,,,,,,,,,,,,,,,,,,,,,,,,,,,,
,,,,,,,,,,,,,,,,,,,,,,,,,,,,,,,
,,,,,,,,,,,,,,,,,,,,,,,,,,,,,,,
,,,,,,,,,,,,,,,,,,,,,,,,,,,,,,,
,,,,,,,,,,,,,,,,,,,,,,,,,,,,,,,
,,,,,,,,,,,,,,,,,,,,,,,,,,,,,,,
,,,,,,,,,,,,,,,,,,,,,,,,,,,,,,,
,,,,,,,,,,,,,,,,,,,,,,,,,,,,,,,
,,,,,,,,,,,,,,,,,,,,,,,,,,,,,,,
,,,,,,,,,,,,,,,,,,,,,,,,,,,,,,,
,,,,,,,,,,,,,,,,,,,,,,,,,,,,,,,
,,,,,,,,,,,,,,,,,,,,,,,,,,,,,,,
,,,,,,,,,,,,,,,,,,,,,,,,,,,,,,,
,,,,,,,,,,,,,,,,,,,,,,,,,,,,,,,
,,,,,,,,,,,,,,,,,,,,,,,,,,,,,,,
,,,,,,,,,,,,,,,,,,,,,,,,,,,,,,,
,,,,,,,,,,,,,,,,,,,,,,,,,,,,,,,
,,,,,,,,,,,,,,,,,,,,,,,,,,,,,,,
,,,,,,,,,,,,,,,,,,,,,,,,,,,,,,,
,,,,,,,,,,,,,,,,,,,,,,,,,,,,,,,
,,,,,,,,,,,,,,,,,,,,,,,,,,,,,,,
