ASCOF Outcomes 2011-12,Proportion of adults with learning disabilities who live in their own home or with their family,,,,,,,,
,TOTAL,,,MALE,,,FEMALE,,
,1G,1G,1G,1G,1G,1G,1G,1G,1G
,Numerator,Denominator,Outcome,Numerator,Denominator,Outcome,Numerator,Denominator,Outcome
,All clients within the denominator who are living in their own home or with their family,Number of working-age learning disabled clients known to councils (aged 18 to 64),Working-age learning disabled clients who are living in their own home or with their family as a percentage of working-age learning disabled clients (aged 18 to 64),All clients within the denominator who are living in their own home or with their family,Number of working-age male learning disabled clients known to councils (aged 18 to 64),Working-age male learning disabled clients who are living in their own home or with their family as a percentage of working-age learning disabled clients (aged 18 to 64),All clients within the denominator who are living in their own home or with their family,Number of working-age female learning disabled clients known to councils (aged 18 to 64),Working-age female learning disabled clients who are living in their own home or with their family as a percentage of working-age learning disabled clients (aged 18 to 64)
,ASC-CAR - Table L2 rows 12 to 20 col 3,ASC-CAR - Table L2 row 22 col 3,,ASC-CAR - Table L2 rows 12 to 20 col 1,ASC-CAR - Table L2 row 22 col 1,,ASC-CAR - Table L2 rows 12 to 20 col 2,ASC-CAR - Table L2 row 22 col 2,
,,,,,,,,,
Cumbria,"1,055","1,320",79.9,635,775,81.6,420,540,77.4
Northumberland,950,"1,250",76,550,725,75.9,400,525,76.2
Gateshead,325,450,72.8,205,275,74.5,120,175,69.9
Newcastle upon Tyne,665,755,87.9,375,430,87,290,325,89.2
North Tyneside,520,635,82.2,285,360,79.9,235,275,85.1
South Tyneside,415,505,82.1,240,295,81.1,175,205,83.6
Sunderland,650,805,80.6,355,445,79.9,295,360,81.4
Hartlepool,255,355,72.2,150,210,70.8,110,145,74.1
Middlesbrough,540,740,73,295,420,69.9,250,325,77.1
Redcar and Cleveland,330,460,71,190,270,70.5,140,195,71.6
Stockton-on-Tees,395,560,70.5,200,300,66.8,195,265,74.6
Durham,"1,375","1,635",84.3,795,965,82.3,580,665,87.1
Darlington,225,390,57.8,125,215,58.3,100,175,57.1
Barnsley,515,600,86,295,350,84.6,220,250,87.9
Doncaster,585,825,70.6,320,450,70.8,265,375,70.3
Rotherham,545,715,76.4,330,425,77.8,215,290,74.4
Sheffield,910,"1,335",68,525,765,68.5,385,570,67.3
Bradford,"1,350","1,640",82.4,760,860,88.5,590,780,75.7
Calderdale,555,640,86.6,325,375,86.2,230,265,87.2
Kirklees,915,"1,125",81.1,525,655,79.9,390,470,82.8
Leeds,"1,410","1,680",83.7,810,965,84.2,595,720,83
Wakefield,735,"1,025",71.6,395,575,68.8,340,450,75.3
East Riding of Yorkshire,515,820,62.8,285,460,61.9,230,360,64
Kingston upon Hull,425,640,66.3,245,355,68.5,180,280,63.5
North East Lincolnshire,310,435,71.6,175,250,69.9,135,185,73.9
North Lincolnshire,270,365,73.9,165,215,76.7,105,150,69.8
North Yorkshire,"1,360","1,730",78.7,785,"1,000",78.2,575,725,79.2
York,340,470,73.1,195,270,71.6,150,195,75.1
Bolton,580,710,81.6,350,430,81.2,230,280,82.3
Bury,405,470,85.7,230,280,80.9,175,190,93.1
Manchester,"1,185","1,330",89.1,720,815,88.7,465,515,89.7
Oldham,570,610,93.6,350,375,93.6,220,235,93.6
Rochdale,570,710,80.1,320,405,79.9,250,310,80.3
Salford,595,650,91.7,345,375,91.5,250,275,91.9
Stockport,600,705,84.8,360,410,87.1,240,295,81.6
Tameside,730,780,93.8,430,455,94.1,300,325,93.5
Trafford,410,545,75.3,230,305,76.6,180,245,73.8
Wigan,595,755,78.8,360,440,81.4,235,315,75.2
Knowsley,610,670,90.6,335,370,90.3,275,300,91.1
Liverpool,"1,245","1,445",86.3,735,845,87.4,510,600,84.7
Sefton,655,795,82.5,405,470,85.7,255,325,77.8
St. Helens,440,..,..,230,..,..,215,..,..
Wirral,340,"1,020",33.2,195,620,31.5,145,405,35.7
Halton,305,395,77.2,170,220,76.9,135,175,77.5
Warrington,400,455,88,235,260,88.9,170,195,86.7
Lancashire,"2,340","3,240",72.2,"1,435","1,950",73.6,905,"1,290",70.3
Blackburn with Darwen,255,370,68.5,160,230,68.5,95,140,68.6
Blackpool,300,475,63.8,165,260,62.5,140,210,65.6
Cheshire East,550,"1,045",52.4,325,615,52.4,225,430,52.4
Cheshire West and Chester,735,925,79.7,410,530,77.2,325,395,83
Warwickshire,645,"1,185",54.5,360,670,53.4,285,515,55.9
Birmingham,"1,540","3,005",51.2,885,"1,790",49.5,655,"1,215",53.7
Coventry,..,785,..,..,450,..,..,335,..
Dudley,695,910,76.8,410,540,76.3,285,370,77.4
Sandwell,490,755,64.9,285,445,63.6,210,310,66.9
Solihull,315,600,52.8,185,350,52.8,130,245,52.8
Walsall,490,670,73.5,265,365,73.1,225,305,74
Wolverhampton,365,580,63.1,230,350,65.3,140,235,59.7
Staffordshire,"1,440","1,910",75.3,825,"1,115",73.8,615,795,77.3
Stoke-on-Trent,530,745,71.1,300,415,72.4,230,330,69.5
Herefordshire,410,535,76.8,235,310,75.5,175,225,78.7
Worcestershire,930,"1,325",70.4,525,760,69.4,405,565,71.7
Shropshire,595,770,77.7,350,450,77.4,250,315,78.2
Telford and the Wrekin,270,405,66.7,150,235,63.6,120,170,71
Lincolnshire,"1,370","1,825",75,770,"1,020",75.4,600,810,74.5
Northamptonshire,960,"1,775",54.1,570,"1,025",55.6,395,755,52.1
Derbyshire,"1,380","1,795",76.8,805,"1,050",76.7,575,745,77
Derby,565,765,73.7,330,435,75.6,235,330,71.2
Leicestershire,625,"1,310",47.7,355,770,46.2,270,540,49.8
Leicester,740,"1,070",69,425,635,67.1,315,435,71.9
Rutland,40,65,63.6,30,40,66.7,15,25,58.3
Nottinghamshire,"1,500","2,175",69.1,895,"1,310",68.2,610,865,70.4
Nottingham,460,780,59.1,285,455,62.1,175,325,54.8
Hertfordshire,"2,245","3,160",71,"1,270","1,830",69.4,975,"1,330",73.2
Norfolk,"1,610","2,240",71.9,925,"1,280",72.2,685,960,71.5
Oxfordshire,"1,210","1,475",82,670,820,81.4,540,650,82.8
Suffolk,515,"1,660",30.9,300,960,31.3,215,700,30.5
Luton,450,605,74.4,270,360,75.1,180,245,73.4
Buckinghamshire,925,"1,290",71.7,480,695,69,445,595,75
Milton Keynes,470,575,81.6,255,330,78.4,215,250,85.9
Bracknell Forest,260,305,85.2,165,200,81.9,95,105,91.4
West Berkshire,325,430,75.1,180,245,72.8,145,185,78.3
Reading,340,485,70.6,180,265,67.3,160,215,74.7
Slough,220,310,71,130,185,68.8,90,125,74.2
Windsor and Maidenhead,200,315,63.7,110,170,64.5,95,150,62.8
Wokingham,330,460,71,195,285,69.3,130,180,73.7
Essex,"2,535","3,685",68.8,"1,415","2,110",67,"1,120","1,570",71.2
Southend-on-Sea,455,520,87.9,265,290,90.7,195,230,84.3
Thurrock,150,310,49,95,180,53.1,55,130,43.4
Cambridgeshire,"1,175","1,570",74.8,655,900,73.2,515,670,77
Peterborough,430,650,66.4,230,375,60.8,200,275,74
Bedford,315,505,62.7,180,300,60,135,205,66.7
Central Bedfordshire,375,560,66.5,225,335,67.7,145,225,64.8
Camden,290,370,78.9,175,220,80.1,115,150,77
Greenwich,360,540,66.1,195,300,65.2,160,240,67.1
Hackney,455,600,76.3,265,360,74,190,240,79.6
Hammersmith and Fulham,250,385,65.1,150,220,66.7,105,165,63
Islington,330,440,74.8,180,255,70.5,150,185,80.7
Kensington and Chelsea,180,270,67.3,110,165,65.7,70,105,69.9
Lambeth,480,720,66.9,250,380,65.4,230,335,68.5
Lewisham,585,750,78.1,315,420,74.3,270,325,82.9
Southwark,365,550,66.3,225,345,65,140,205,68.4
Tower Hamlets,270,630,43,155,360,42.8,115,270,43.3
Wandsworth,535,790,68,290,460,63.1,245,330,74.8
Westminster,375,505,74.7,205,275,74.7,175,230,74.6
City of London,10,15,85.7,-,-,-,-,-,-
Barking and Dagenham,415,475,87.6,235,270,86.4,180,200,89.1
Barnet,375,765,49.2,205,430,47.3,175,335,51.6
Bexley,395,515,76.8,230,310,74,170,210,80.9
Brent,510,700,73.2,300,415,72.1,210,280,74.8
Bromley,550,955,57.8,340,580,58.4,215,375,56.8
Croydon,700,960,72.9,405,565,71.9,295,395,74.2
Ealing,550,895,61.7,355,545,64.5,200,350,57.2
Enfield,685,875,78.2,420,540,77.3,265,335,79.7
Haringey,270,575,47.2,150,345,42.9,125,230,53.7
Harrow,310,435,71.2,155,235,67.1,150,200,76
Havering,270,520,51.4,160,300,53.3,105,220,48.9
Hillingdon,430,650,65.9,255,400,63.8,170,250,69.4
Hounslow,195,520,37.5,110,310,35.5,85,210,40.5
Kingston upon Thames,290,405,72.3,170,235,72.9,120,170,71.4
Merton,360,505,71.5,220,310,71.3,140,195,71.9
Newham,400,710,56.8,230,425,53.8,175,285,61.3
Redbridge,455,610,74.7,210,305,68.3,245,305,81.2
Richmond upon Thames,250,370,67.1,140,220,64.5,105,150,70.9
Sutton,385,560,68.4,220,325,68.3,160,235,68.6
Waltham Forest,240,510,47.1,145,305,47.9,95,205,45.9
Isle of Wight,410,580,70.9,265,365,72.7,145,215,67.8
Surrey,"2,045","3,315",61.8,"1,230","1,970",62.3,820,"1,340",61
West Sussex,"1,295","1,860",69.4,720,"1,070",67.4,570,790,72.3
Dorset,655,960,68.4,370,535,69,290,430,67.5
Bournemouth,215,370,58,125,215,57.5,90,155,58.6
Poole,320,450,71.3,180,255,71.3,140,195,71.4
Hampshire,"2,195","3,065",71.7,"1,270","1,760",72.2,925,"1,305",71
Portsmouth,350,515,68.4,210,300,70.7,140,215,65.3
Southampton,515,640,80.4,295,375,78.6,220,265,83.1
East Sussex,735,"1,265",58,405,715,56.2,330,550,60.4
Brighton and Hove,545,760,72,340,460,74.5,205,300,68.2
Wiltshire,730,"1,200",60.6,410,660,61.6,320,540,59.3
Swindon,305,540,56.1,175,300,58.1,130,240,53.6
Kent,"2,420","3,390",71.4,"1,400","1,975",70.8,"1,020","1,415",72.2
Medway Towns,430,630,67.7,255,365,69.4,175,265,65.4
Cornwall,"1,045","1,765",59.1,580,960,60.2,465,805,57.8
Gloucestershire,..,"1,720",..,..,970,..,..,750,..
Somerset,"1,265","1,590",79.5,705,895,78.7,560,690,80.6
Isles of Scilly,-,-,-,-,-,-,-,-,-
Bath and North East Somerset,275,430,63.7,155,245,61.9,120,185,65.9
Bristol,555,"1,030",53.6,340,625,54.2,215,405,52.8
North Somerset,255,420,60.3,145,245,59.8,105,175,61.1
South Gloucestershire,465,695,67.2,270,410,65.6,200,285,69.5
Devon,"1,435","2,105",68.2,815,"1,190",68.4,625,915,67.9
Plymouth,660,975,67.6,365,530,69.4,290,445,65.4
Torbay,280,410,68.5,150,215,70.4,130,195,66.3
,,,,,,,,,
TOTAL,"97,360","139,090",70,"55,960","80,435",69.6,"41,395","58,655",70.6
,,,,,,,,,
,,,,,,,,,
Shire Counties,"36,985","53,950",68.6,"21,225","31,140",68.2,"15,760","22,810",69.1
Unitary Authorities,"23,765","34,365",69.2,"13,655","19,800",69,"10,115","14,565",69.4
Metropolitan Districts,"24,070","31,710",75.9,"13,915","18,350",75.8,"10,155","13,355",76
Inner London,"4,495","6,560",68.5,"2,515","3,770",66.7,"1,980","2,790",70.9
Outer London,"8,040","12,505",64.3,"4,650","7,370",63.1,"3,390","5,135",66
,,,,,,,,,
North East,"6,650","8,540",77.8,"3,760","4,905",76.7,"2,885","3,635",79.4
North West,"15,475","19,900",77.8,"9,120","11,690",78,"6,355","8,210",77.4
Yorkshire and the Humber,"10,730","14,040",76.4,"6,135","7,975",76.9,"4,600","6,060",75.8
East Midlands,"7,645","11,570",66.1,"4,460","6,740",66.1,"3,185","4,825",66
West Midlands,"9,275","14,175",65.4,"5,320","8,250",64.5,"3,955","5,925",66.7
South West,"9,570","14,665",65.2,"5,420","8,250",65.7,"4,150","6,415",64.7
Eastern,"10,255","15,460",66.3,"5,835","8,925",65.4,"4,420","6,540",67.6
London,"12,535","19,065",65.7,"7,165","11,140",64.3,"5,370","7,925",67.7
South East,"15,220","21,670",70.2,"8,750","12,555",69.7,"6,475","9,115",71
,,,,,,,,,
,,,,,,,,,
Note,,,,,,,,,
1. Caution should be taken when comparing data historically please refer to the notes in the cover sheet.,,,,,,,,,
2. Numerator and denominator values used to calculate the indicator are rounded to the nearest 5.,,,,,,,,,
"3.   -  means constituent values less than 6 are suppressed, where elements of an indicator are suppressed the indicator itself is also suppressed. The exception is for measure 2C where values of less than 0.5 have been supressed. This is because the numerator is based on an average of the 12 monthly figures.",,,,,,,,,
4.  ..  represents data that is unavailable.,,,,,,,,,
"5. 1A, 1B, 1D, 3A, 3B, 3C, 3D, 4A and 4B are based on survey data. The base (i.e. the number of responses on which the outcome is based) should be taken into account when assessing the reliability of the outcome values. Outcomes based on a small base should be treated with caution.",,,,,,,,,
"6. 1A, 1B, 3A, 3D, 4A and 4B have been weighted to reflect that a stratified sample was taken and to account for non-response bias. For 1D, 3B and 3C only the national, regional and council type figures have been weighted as stratified sampling was not used. These totals have been weighted to account for differing response rates in councils.",,,,,,,,,
