ASCOF Outcomes 2011-12,"Delayed transfers of care from hospital which are attributable to adult social care per 100,000 population",,,,
,TOTAL,,,,
,2C(2),2C(2),2C(2),,
,Numerator,Denominator,Outcome,,
,Average number of delayed transfers of care on a particular day taken over the year that are attributable to social care or jointly to social care and the NHS (aged 18 and over) - this is the average of the 12 monthly snapshots,Size of the adult population in area (aged 18 and over),"Average number of delayed transfers of care on a particular day taken over the year that are attributable to social care or jointly to social care and the NHS divided by the size of the adult population in the area (aged 18 and over) multiplied by 100,000",,
,UNIFY2,"ONS, mid year population estimates",,,
,,,,,
Cumbria,19,"404,300",4.6,,
Northumberland,8,"254,980",3.3,,
Gateshead,7,"160,090",4.4,,
Newcastle upon Tyne,11,"225,100",4.8,,
North Tyneside,2,"160,880",1.3,,
South Tyneside,3,"118,570",2.2,,
Sunderland,18,"220,530",8.1,,
Hartlepool,-,"71,730",-,,
Middlesbrough,-,"106,615",-,,
Redcar and Cleveland,2,"107,415",2.2,,
Stockton-on-Tees,1,"149,545",0.6,,
Durham,4,"412,875",1.0,,
Darlington,3,"82,660",3.8,,
Barnsley,-,"183,085",-,,
Doncaster,15,"237,260",6.4,,
Rotherham,2,"201,645",1.1,,
Sheffield,7,"438,565",1.5,,
Bradford,5,"386,555",1.2,,
Calderdale,6,"158,855",4.0,,
Kirklees,5,"326,105",1.6,,
Leeds,21,"595,800",3.5,,
Wakefield,5,"258,025",1.9,,
East Riding of Yorkshire,3,"270,705",1.1,,
Kingston upon Hull,5,"201,405",2.4,,
North East Lincolnshire,4,"125,390",3.5,,
North Lincolnshire,1,"132,045",0.4,,
North Yorkshire,9,"482,505",2.0,,
York,5,"161,845",3.2,,
Bolton,4,"212,680",2.0,,
Bury,4,"143,450",2.6,,
Manchester,21,"394,420",5.3,,
Oldham,1,"168,605",0.4,,
Rochdale,-,"161,250",-,,
Salford,3,"183,700",1.4,,
Stockport,-,"222,700",-,,
Tameside,-,"171,265",-,,
Trafford,10,"175,275",5.7,,
Wigan,2,"250,180",0.8,,
Knowsley,3,"113,220",2.6,,
Liverpool,19,"376,850",5.2,,
Sefton,3,"219,775",1.5,,
St. Helens,5,"139,035",3.7,,
Wirral,3,"252,260",1.0,,
Halton,3,"97,535",2.6,,
Warrington,5,"158,720",2.9,,
Lancashire,10,"928,370",1.1,,
Blackburn with Darwen,1,"109,070",0.5,,
Blackpool,7,"113,195",6.4,,
Cheshire East,1,"295,835",0.3,,
Cheshire West and Chester,3,"263,640",1.0,,
Warwickshire,32,"434,735",7.2,,
Birmingham,98,"799,835",12.2,,
Coventry,18,"246,355",7.1,,
Dudley,13,"245,580",5.3,,
Sandwell,35,"234,400",14.9,,
Solihull,9,"161,900",5.6,,
Walsall,16,"206,205",7.7,,
Wolverhampton,17,"193,685",8.7,,
Staffordshire,31,"678,240",4.5,,
Stoke-on-Trent,8,"194,185",4.3,,
Herefordshire,5,"147,755",3.4,,
Worcestershire,23,"451,905",5.0,,
Shropshire,13,"246,005",5.2,,
Telford and the Wrekin,5,"127,920",4.1,,
Lincolnshire,22,"575,465",3.9,,
Northamptonshire,12,"537,940",2.2,,
Derbyshire,26,"614,185",4.2,,
Derby,1,"191,950",0.3,,
Leicestershire,10,"517,280",1.9,,
Leicester,7,"251,785",2.6,,
Rutland,-,"29,550",-,,
Nottinghamshire,22,"624,690",3.5,,
Nottingham,14,"241,440",5.7,,
Hertfordshire,50,"866,460",5.8,,
Norfolk,9,"694,345",1.3,,
Oxfordshire,82,"516,775",15.8,,
Suffolk,15,"578,915",2.6,,
Luton,5,"151,385",3.5,,
Buckinghamshire,11,"391,045",2.8,,
Milton Keynes,4,"187,925",2.1,,
Bracknell Forest,2,"87,070",2.3,,
West Berkshire,14,"118,710",11.7,,
Reading,5,"121,930",3.9,,
Slough,-,"103,295",-,,
Windsor and Maidenhead,2,"112,520",2.1,,
Wokingham,3,"119,365",2.1,,
Essex,15,"1,101,005",1.3,,
Southend-on-Sea,4,"136,830",3.0,,
Thurrock,1,"119,775",1.0,,
Cambridgeshire,33,"494,570",6.8,,
Peterborough,2,"140,415",1.1,,
Bedford,1,"122,025",0.7,,
Central Bedfordshire,5,"199,250",2.3,,
Camden,2,"181,085",0.8,,
Greenwich,4,"194,025",2.2,,
Hackney,11,"190,715",5.7,,
Hammersmith and Fulham,2,"149,880",1.3,,
Islington,4,"169,965",2.1,,
Kensington and Chelsea,3,"131,520",2.0,,
Lambeth,7,"244,055",2.7,,
Lewisham,1,"213,290",0.5,,
Southwark,4,"229,680",1.9,,
Tower Hamlets,10,"200,615",4.8,,
Wandsworth,9,"251,875",3.5,,
Westminster,2,"183,510",1.0,,
City of London,-,"6,730",-,,
Barking and Dagenham,12,"133,215",9.3,,
Barnet,5,"274,325",1.8,,
Bexley,3,"178,575",1.9,,
Brent,11,"241,790",4.4,,
Bromley,3,"241,895",1.2,,
Croydon,6,"275,600",2.3,,
Ealing,11,"262,525",4.0,,
Enfield,4,"235,050",1.7,,
Haringey,8,"197,975",3.8,,
Harrow,4,"185,735",2.2,,
Havering,10,"186,955",5.4,,
Hillingdon,10,"211,055",4.9,,
Hounslow,2,"197,300",1.2,,
Kingston upon Thames,2,"126,575",1.7,,
Merton,1,"157,100",0.9,,
Newham,15,"232,345",6.2,,
Redbridge,8,"210,445",3.6,,
Richmond upon Thames,2,"146,800",1.2,,
Sutton,7,"147,900",4.5,,
Waltham Forest,3,"198,120",1.6,,
Isle of Wight,-,"112,245",-,,
Surrey,44,"888,400",5.0,,
West Sussex,38,"644,495",5.8,,
Dorset,25,"336,285",7.4,,
Bournemouth,5,"151,630",3.4,,
Poole,12,"118,865",10.4,,
Hampshire,47,"1,041,965",4.5,,
Portsmouth,4,"162,965",2.2,,
Southampton,6,"189,640",3.0,,
East Sussex,14,"422,925",3.4,,
Brighton and Hove,5,"223,065",2.4,,
Wiltshire,41,"370,735",11.0,,
Swindon,6,"163,135",3.7,,
Kent,24,"1,143,725",2.1,,
Medway Towns,2,"203,925",0.8,,
Cornwall,27,"431,145",6.3,,
Gloucestershire,20,"476,120",4.2,,
Somerset,7,"422,800",1.7,,
Isles of Scilly,-,"1,870",-,,
Bath and North East Somerset,7,"141,885",4.7,,
Bristol,6,"340,425",1.8,,
North Somerset,2,"161,585",1.2,,
South Gloucestershire,7,"206,430",3.6,,
Devon,28,"607,155",4.6,,
Plymouth,7,"205,700",3.2,,
Torbay,1,"106,365",0.5,,
,,,,,
TOTAL,"1,542","41,766,420",3.7,,
,,,,,
,,,,,
Shire Counties,675,"16,876,600",4.0,,
Unitary Authorities,293,"9,557,895",3.1,,
Metropolitan Districts,389,"8,943,690",4.4,,
Inner London,58,"2,346,950",2.5,,
Outer London,127,"4,041,285",3.1,,
,,,,,
North East,60,"2,070,980",2.9,,
North West,126,"5,555,330",2.3,,
Yorkshire and the Humber,94,"4,159,790",2.2,,
East Midlands,112,"3,584,295",3.1,,
West Midlands,321,"4,368,705",7.4,,
South West,201,"4,242,125",4.7,,
Eastern,140,"4,604,975",3.0,,
London,185,"6,388,235",2.9,,
South East,305,"6,791,985",4.5,,
,,,,,
,,,,,
Note,,,,,
1. Caution should be taken when comparing data historically please refer to the notes in the cover sheet.,,,,,
2. Numerator and denominator values used to calculate the indicator are rounded to the nearest 5.,,,,,
"3.   -  means constituent values less than 6 are suppressed, where elements of an indicator are suppressed the indicator itself is also suppressed. The exception is for measure 2C where values of less than 0.5 have been supressed. This is because the numerator is based on an average of the 12 monthly figures.",,,,,
4.  ..  represents data that is unavailable.,,,,,
"5. 1A, 1B, 1D, 3A, 3B, 3C, 3D, 4A and 4B are based on survey data. The base (i.e. the number of responses on which the outcome is based) should be taken into account when assessing the reliability of the outcome values. Outcomes based on a small base should be treated with caution.",,,,,
"6. 1A, 1B, 3A, 3D, 4A and 4B have been weighted to reflect that a stratified sample was taken and to account for non-response bias. For 1D, 3B and 3C only the national, regional and council type figures have been weighted as stratified sampling was not used. These totals have been weighted to account for differeing response rates in councils.",,,,,
,,,,,
,,,,,
,,,,,
,,,,,
,,,,,
,,,,,
,,,,,
,,,,,
,,,,,
,,,,,
,,,,,
,,,,,
,,,,,
,,,,,
,,,,,
,,,,,
,,,,,
,,,,,
,,,,,
,,,,,
,,,,,
,,,,,
,,,,,
,,,,,
,,,,,
,,,,,
,,,,,
,,,,,
,,,,,
,,,,,
,,,,,
,,,,,
,,,,,
,,,,,
,,,,,
,,,,,
,,,,,
,,,,,
,,,,,
,,,,,
,,,,,
,,,,,
,,,,,
,,,,,
,,,,,
,,,,,
,,,,,
,,,,,
,,,,,
,,,,,
,,,,,
,,,,,
,,,,,
,,,,,
,,,,,
,,,,,
,,,,,
,,,,,
,,,,,
,,,,,
,,,,,
,,,,,
,,,,,
,,,,,
,,,,,
,,,,,
,,,,,
,,,,,
,,,,,
,,,,,
,,,,,
,,,,,
,,,,,
,,,,,
,,,,,
,,,,,
,,,,,
,,,,,
,,,,,
,,,,,
,,,,,
,,,,,
,,,,,
,,,,,
,,,,,
,,,,,
,,,,,
,,,,,
,,,,,
,,,,,
,,,,,
,,,,,
,,,,,
,,,,,
,,,,,
,,,,,
,,,,,
,,,,,
,,,,,
,,,,,
,,,,,
,,,,,
,,,,,
,,,,,
,,,,,
,,,,,
,,,,,
,,,,,
,,,,,
,,,,,
,,,,,
,,,,,
,,,,,
,,,,,
,,,,,
,,,,,
,,,,,
,,,,,
,,,,,
,,,,,
,,,,,
,,,,,
,,,,,
,,,,,
,,,,,
,,,,,
,,,,,
,,,,,
,,,,,
,,,,,
,,,,,
,,,,,
,,,,,
,,,,,
,,,,,
,,,,,
,,,,,
,,,,,
,,,,,
,,,,,
,,,,,
,,,,,
,,,,,
,,,,,
,,,,,
,,,,,
,,,,,
,,,,,
,,,,,
,,,,,
,,,,,
,,,,,
,,,,,
,,,,,
,,,,,
,,,,,
,,,,,
,,,,,
,,,,,
,,,,,
,,,,,
,,,,,
,,,,,
,,,,,
,,,,,
,,,,,
,,,,,
,,,,,
,,,,,
,,,,,
,,,,,
,,,,,
,,,,,
,,,,,
,,,,,
,,,,,
,,,,,
,,,,,
,,,,,
,,,,,
,,,,,
,,,,,
,,,,,
,,,,,
,,,,,
,,,,,
,,,,,
,,,,,
,,,,,
,,,,,
,,,,,
,,,,,
,,,,,
,,,,,
,,,,,
,,,,,
,,,,,
,,,,,
,,,,,
,,,,,
