ASCOF Outcomes 2011-12,"Permanent admissions of younger adults (aged 18 to 64) to residential and nursing care homes, per 100,000 population",,,"Permanent admissions of younger adults (aged 18 to 64) to residential and nursing care homes, per 100,000 population",,,"Permanent admissions of younger adults (aged 18 to 64) to residential and nursing care homes, per 100,000 population",,,"Permanent admissions of younger adults (aged 18 to 64) to residential and nursing care homes, per 100,000 population",,,"Permanent admissions of younger adults (aged 18 to 64) to residential and nursing care homes, per 100,000 population",,,"Permanent admissions of younger adults (aged 18 to 64) to residential and nursing care homes, per 100,000 population",,,,,,
,TOTAL,,,Adults aged 18 to 64 with a Physical Disability,,,Adults aged 18 to 64 with a Mental Health problem,,,Adults aged 18 to 64 with a Learning Disability,,,TOTAL (adjusted),,,Adults aged 18 to 64 with a Learning Disability (adjusted),,,,,,
,2A(1),2A(1),2A(1),2A(1),2A(1),2A(1),2A(1),2A(1),2A(1),2A(1),2A(1),2A(1),2A(1),2A(1),2A(1),2A(1),2A(1),2A(1),,,,
,Numerator,Denominator,Outcome,Numerator,Denominator,Outcome,Numerator,Denominator,Outcome,Numerator,Denominator,Outcome,Numerator,Denominator,Outcome,Numerator,Denominator,Outcome,,,,
,,,,,,,,,,,,,,,,,,,,,,
,"Number of council-supported permanent admissions of younger adults to residential and nursing care, excluding transfers between residential and nursing care (aged 18 to 64)",Size of younger adult population in area  (aged 18 to 64),"Number of council-supported permanent admissions of younger adults to residential and nursing care divided by the size of the younger adult population in the area multiplied by 100,000  (aged 18 to 64)","Number of council-supported permanent admissions of younger adults (aged 18 to 64 with a Physical Disability) to residential and nursing care, excluding transfers between residential and nursing care",Size of younger adult population (aged 18 to 64) in area,"Number of council-supported permanent admissions of younger adults to residential and nursing care divided by the size of the younger adult population in the area multiplied by 100,000  (aged 18 to 64 with a Physical Disability)","Number of council-supported permanent admissions of younger adults (aged 18 to 64 with a Mental Health problem) to residential and nursing care, excluding transfers between residential and nursing care",Size of younger adult population (aged 18 to 64) in area,"Number of council-supported permanent admissions of younger adults to residential and nursing care divided by the size of the younger adult population in the area multiplied by 100,000  (aged 18 to 64 with a Mental Health problem)","Number of council-supported permanent admissions of younger adults (aged 18 to 64 with a Learning Disability) to residential and nursing care, excluding transfers between residential and nursing care",Size of younger adult population (aged 18 to 64) in area,"Number of council-supported permanent admissions of younger adults to residential and nursing care divided by the size of the younger adult population in the area multiplied by 100,000  (aged 18 to 64 with a Learning Disability)","Number of council-supported permanent admissions of younger adults to residential and nursing care, excluding transfers between residential and nursing care (aged 18 to 64)",Size of younger adult population in area  (aged 18 to 64),"Number of council-supported permanent admissions of younger adults to residential and nursing care divided by the size of the younger adult population in the area multiplied by 100,000  (aged 18 to 64)","Number of council-supported permanent admissions of younger adults (aged 18 to 64 with a Learning Disability) to residential and nursing care, excluding transfers between residential and nursing care",Size of younger adult population (aged 18 to 64) in area,"Number of council-supported permanent admissions of younger adults to residential and nursing care divided by the size of the younger adult population in the area multiplied by 100,000  (aged 18 to 64 with a Learning Disability)",,,,
,ASC-CAR - Table S3 page 1 row 15 sum col 1 to 3,"ONS, mid year population estimates",,ASC-CAR - Table S3 page 1 row 1 col 1 to 3,"ONS, mid year population estimates",,ASC-CAR - Table S3 page 1 row 4 col 1 to 3,"ONS, mid year population estimates",,ASC-CAR - Table S3 page 1 row 7 col 1 to 3,"ONS, mid year population estimates",,ASC-CAR - Table S3 page 1 row 15 sum col 1 to 3,"ONS, mid year population estimates",,ASC-CAR - Table S3 page 1 row 7 col 1 to 3,"ONS, mid year population estimates",,,,,
,,,,,,,,,,,,,,,,,,,,,,
Cumbria,60,"300,735",19.6,-,-,-,-,-,-,-,-,-,..,"300,735",..,..,"300,735",..,,,,
Northumberland,25,"191,105",12.0,5,"191,105",3.7,10,"191,105",4.7,5,"191,105",3.7,25,"191,105",12.0,5,"191,105",3.7,,,,
Gateshead,60,"124,680",47.3,-,-,-,-,-,-,-,-,-,20,"124,680",14.8,5,"124,680",4.4,,,,
Newcastle upon Tyne,25,"186,205",12.9,-,-,-,-,-,-,-,-,-,25,"186,205",12.5,10,"186,205",4.5,,,,
North Tyneside,45,"125,290",36.7,-,-,-,-,-,-,-,-,-,10,"125,290",6.9,..,"125,290",..,,,,
South Tyneside,30,"91,620",30.6,10,"91,620",12.0,10,"91,620",10.9,5,"91,620",6.5,30,"91,620",30.6,5,"91,620",6.5,,,,
Sunderland,105,"173,420",61.1,-,-,-,-,-,-,-,-,-,20,"173,420",12.7,10,"173,420",4.6,,,,
Hartlepool,10,"56,040",17.8,-,-,-,-,-,-,-,-,-,10,"56,040",17.8,-,"56,040",-,,,,
Middlesbrough,20,"85,780",21.0,-,-,-,-,-,-,-,-,-,20,"85,780",21.0,-,"85,780",-,,,,
Redcar and Cleveland,15,"80,990",21.0,-,-,-,-,-,-,-,-,-,15,"80,990",21.0,-,"80,990",-,,,,
Stockton-on-Tees,20,"119,345",15.1,-,-,-,-,-,-,-,-,-,20,"119,345",15.1,-,"119,345",-,,,,
Durham,35,"319,860",10.9,15,"319,860",4.7,5,"319,860",2.2,15,"319,860",4.1,35,"319,860",10.9,15,"319,860",4.1,,,,
Darlington,10,"64,090",18.7,-,-,-,-,-,-,-,-,-,10,"64,090",18.7,-,"64,090",-,,,,
Barnsley,30,"142,755",21.0,5,"142,755",4.2,10,"142,755",5.6,15,"142,755",10.5,30,"142,755",21.0,15,"142,755",10.5,,,,
Doncaster,35,"185,800",17.8,-,-,-,-,-,-,-,-,-,35,"185,800",17.8,10,"185,800",6.5,,,,
Rotherham,40,"156,515",25.6,-,-,-,-,-,-,-,-,-,40,"156,515",25.6,20,"156,515",14.1,,,,
Sheffield,15,"352,380",4.3,-,-,-,-,-,-,-,-,-,15,"352,380",4.3,5,"352,380",1.7,,,,
Bradford,90,"316,770",28.4,30,"316,770",9.2,5,"316,770",1.9,55,"316,770",16.7,90,"316,770",28.4,55,"316,770",16.7,,,,
Calderdale,15,"126,130",13.5,-,-,-,-,-,-,-,-,-,15,"126,130",13.5,5,"126,130",4.8,,,,
Kirklees,40,"261,365",15.3,15,"261,365",6.5,10,"261,365",4.2,10,"261,365",4.2,40,"261,365",15.3,10,"261,365",4.2,,,,
Leeds,60,"485,590",12.4,15,"485,590",3.1,25,"485,590",5.6,20,"485,590",3.7,60,"485,590",12.4,20,"485,590",3.7,,,,
Wakefield,25,"202,460",11.9,-,-,-,-,-,-,-,-,-,25,"202,460",11.9,10,"202,460",5.4,,,,
East Riding of Yorkshire,30,"198,420",14.1,10,"198,420",4.0,5,"198,420",3.0,15,"198,420",7.1,30,"198,420",14.1,15,"198,420",7.1,,,,
Kingston upon Hull,30,"165,500",17.5,10,"165,500",4.8,10,"165,500",7.3,10,"165,500",5.4,30,"165,500",17.5,10,"165,500",5.4,,,,
North East Lincolnshire,10,"96,875",8.3,-,-,-,-,-,-,-,-,-,10,"96,875",8.3,-,"96,875",-,,,,
North Lincolnshire,15,"101,730",14.7,-,-,-,-,-,-,-,-,-,15,"101,730",14.7,-,"101,730",-,,,,
North Yorkshire,30,"358,185",8.9,15,"358,185",3.9,5,"358,185",1.7,10,"358,185",3.4,30,"358,185",8.9,10,"358,185",3.4,,,,
York,10,"128,150",7.0,-,-,-,-,-,-,-,-,-,10,"128,150",7.0,-,"128,150",2.3,,,,
Bolton,20,"169,835",11.2,-,-,-,-,-,-,-,-,-,..,"169,835",..,..,"169,835",..,,,,
Bury,30,"113,645",24.6,10,"113,645",10.6,10,"113,645",7.0,10,"113,645",7.0,30,"113,645",24.6,10,"113,645",7.0,,,,
Manchester,30,"346,795",9.2,-,-,-,-,-,-,-,-,-,30,"346,795",9.2,-,"346,795",-,,,,
Oldham,5,"135,455",5.2,-,-,-,-,-,-,-,-,-,5,"135,455",5.2,-,"135,455",-,,,,
Rochdale,25,"130,215",20.0,10,"130,215",7.7,10,"130,215",6.1,10,"130,215",6.1,25,"130,215",20.0,10,"130,215",6.1,,,,
Salford,20,"150,380",12.0,-,-,-,-,-,-,-,-,-,20,"150,380",12.0,-,"150,380",-,,,,
Stockport,25,"171,305",14.6,10,"171,305",5.8,5,"171,305",4.1,10,"171,305",4.7,25,"171,305",14.6,10,"171,305",4.7,,,,
Tameside,5,"136,740",5.1,-,-,-,-,-,-,-,-,-,5,"136,740",5.1,-,"136,740",-,,,,
Trafford,15,"138,810",9.4,-,-,-,-,-,-,-,-,-,15,"138,810",9.4,5,"138,810",4.3,,,,
Wigan,20,"198,140",9.6,-,-,-,-,-,-,-,-,-,20,"198,140",9.6,-,"198,140",-,,,,
Knowsley,15,"90,130",18.9,-,-,-,-,-,-,-,-,-,15,"90,130",18.9,-,"90,130",-,,,,
Liverpool,70,"311,135",21.9,30,"311,135",10.0,25,"311,135",7.4,5,"311,135",2.2,70,"311,135",21.9,5,"311,135",2.2,,,,
Sefton,35,"162,410",20.3,15,"162,410",9.9,10,"162,410",6.8,5,"162,410",3.7,35,"162,410",20.3,5,"162,410",3.7,,,,
St. Helens,20,"107,375",16.8,-,-,-,-,-,-,-,-,-,20,"107,375",16.8,-,"107,375",0.9,,,,
Wirral,35,"190,830",18.3,10,"190,830",6.3,10,"190,830",4.2,15,"190,830",6.8,35,"190,830",18.3,15,"190,830",6.8,,,,
Halton,-,"78,890",-,-,-,-,-,-,-,-,-,-,-,"78,890",-,-,"78,890",-,,,,
Warrington,40,"126,210",30.1,5,"126,210",5.5,20,"126,210",15.1,5,"126,210",5.5,40,"126,210",30.1,5,"126,210",5.5,,,,
Lancashire,130,"715,440",18.0,40,"715,440",5.3,65,"715,440",9.1,15,"715,440",2.0,..,"715,440",..,..,"715,440",..,,,,
Blackburn with Darwen,25,"89,920",27.8,-,-,-,-,-,-,-,-,-,25,"89,920",27.8,-,"89,920",-,,,,
Blackpool,15,"85,840",17.5,-,-,-,-,-,-,-,-,-,15,"85,840",16.7,-,"85,840",-,,,,
Cheshire East,40,"223,775",18.3,-,-,-,-,-,-,-,-,-,35,"223,775",16.3,15,"223,775",7.8,,,,
Cheshire West and Chester,60,"202,040",28.7,15,"202,040",6.4,20,"202,040",10.9,20,"202,040",10.4,60,"202,040",28.7,20,"202,040",10.4,,,,
Warwickshire,50,"334,435",14.4,15,"334,435",5.1,10,"334,435",2.7,20,"334,435",6.6,45,"334,435",13.8,20,"334,435",6.0,,,,
Birmingham,145,"661,065",21.9,35,"661,065",5.0,35,"661,065",5.3,75,"661,065",11.2,100,"661,065",15.3,30,"661,065",4.6,,,,
Coventry,40,"199,875",19.0,10,"199,875",4.0,15,"199,875",8.0,15,"199,875",7.0,40,"199,875",19.0,15,"199,875",7.0,,,,
Dudley,40,"186,955",20.3,-,-,-,-,-,-,-,-,-,25,"186,955",12.8,10,"186,955",5.3,,,,
Sandwell,20,"187,385",10.7,-,-,-,-,-,-,-,-,-,..,"187,385",..,..,"187,385",..,,,,
Solihull,25,"122,005",22.1,-,-,-,-,-,-,-,-,-,25,"122,005",20.6,10,"122,005",10.0,,,,
Walsall,-,"160,110",-,-,-,-,-,-,-,-,-,-,-,"160,100",1.2,-,"160,100",-,,,,
Wolverhampton,70,"152,920",45.1,10,"152,920",7.8,10,"152,920",5.9,45,"152,920",29.4,35,"152,920",24.5,15,"152,920",8.8,,,,
Staffordshire,50,"519,960",9.2,10,"519,960",2.3,15,"519,960",2.5,20,"519,960",4.0,50,"519,960",9.2,20,"519,960",4.0,,,,
Stoke-on-Trent,30,"155,180",18.7,-,-,-,-,-,-,-,-,-,30,"155,180",18.7,15,"155,180",9.0,,,,
Herefordshire,20,"108,380",16.6,-,-,-,-,-,-,-,-,-,20,"108,380",16.6,10,"108,380",9.2,,,,
Worcestershire,85,"341,735",24.9,15,"341,735",4.7,15,"341,735",5.0,50,"341,735",14.3,60,"341,735",17.8,25,"341,735",7.3,,,,
Shropshire,35,"182,075",19.2,15,"182,075",7.7,5,"182,075",3.8,15,"182,075",7.1,35,"182,075",19.2,15,"182,075",7.1,,,,
Telford and the Wrekin,20,"103,580",21.2,-,-,-,-,-,-,-,-,-,20,"103,580",21.2,-,"103,580",-,,,,
Lincolnshire,65,"426,315",15.7,25,"426,315",5.4,10,"426,315",2.3,35,"426,315",7.7,65,"426,315",15.7,35,"426,315",7.7,,,,
Northamptonshire,60,"430,650",13.5,25,"430,650",5.3,10,"430,650",2.6,25,"430,650",5.6,60,"430,650",13.5,25,"430,650",5.6,,,,
Derbyshire,105,"470,140",22.8,25,"470,140",5.7,45,"470,140",9.1,25,"470,140",5.1,105,"470,140",22.8,25,"470,140",5.1,,,,
Derby,-,"154,050",-,-,-,-,-,-,-,-,-,-,-,"154,052",-,-,"154,052",-,,,,
Leicestershire,55,"400,755",13.7,10,"400,755",2.5,20,"400,755",4.5,25,"400,755",6.7,55,"400,755",13.7,25,"400,755",6.7,,,,
Leicester,20,"214,390",8.9,-,-,-,-,-,-,-,-,-,20,"214,390",8.9,-,"214,390",-,,,,
Rutland,5,"21,590",27.8,-,-,-,-,-,-,-,-,-,5,"21,590",27.8,-,"21,590",-,,,,
Nottinghamshire,75,"480,965",16.0,20,"480,965",4.2,15,"480,965",3.1,40,"480,965",8.7,75,"480,965",16.0,40,"480,965",8.7,,,,
Nottingham,70,"205,825",33.5,15,"205,825",7.3,20,"205,825",10.7,30,"205,825",14.1,55,"205,825",27.5,15,"205,825",8.0,,,,
Hertfordshire,110,"691,110",16.1,30,"691,110",4.5,20,"691,110",3.2,60,"691,110",8.4,110,"691,110",16.1,60,"691,110",8.4,,,,
Norfolk,105,"507,415",20.3,30,"507,415",6.3,20,"507,415",3.9,35,"507,415",7.1,105,"507,415",20.3,35,"507,415",7.1,,,,
Oxfordshire,25,"412,135",5.6,-,-,-,-,-,-,-,-,-,25,"412,135",5.6,5,"412,135",1.7,,,,
Suffolk,65,"432,575",14.6,20,"432,575",4.6,15,"432,575",3.7,25,"432,575",6.2,65,"432,575",14.6,25,"432,575",6.2,,,,
Luton,30,"127,390",22.0,5,"127,390",5.5,10,"127,390",9.4,5,"127,390",5.5,..,"127,390",..,..,"127,390",..,,,,
Buckinghamshire,95,"306,100",31.0,10,"306,100",2.6,10,"306,100",3.3,75,"306,100",24.2,25,"306,100",8.2,-,"306,100",-,,,,
Milton Keynes,15,"160,025",8.1,-,-,-,-,-,-,-,-,-,15,"160,025",8.1,5,"160,025",4.4,,,,
Bracknell Forest,-,"72,805",-,-,-,-,-,-,-,-,-,-,-,"72,805",-,-,"72,805",-,,,,
West Berkshire,10,"94,830",9.5,-,-,-,-,-,-,-,-,-,10,"94,830",9.5,5,"94,830",7.4,,,,
Reading,30,"104,025",29.8,10,"104,025",8.7,10,"104,025",8.7,10,"104,025",11.5,30,"104,025",29.8,10,"104,025",11.5,,,,
Slough,10,"90,420",12.2,-,-,-,-,-,-,-,-,-,10,"90,420",12.2,5,"90,420",7.7,,,,
Windsor and Maidenhead,35,"88,255",41.9,-,-,-,-,-,-,-,-,-,35,"88,255",41.9,30,"88,255",34.0,,,,
Wokingham,65,"95,315",67.1,-,-,-,-,-,-,-,-,-,..,"95,315",..,-,"95,315",-,,,,
Essex,150,"842,830",17.9,50,"842,830",5.8,20,"842,830",2.6,80,"842,830",9.5,150,"842,830",17.9,80,"842,830",9.5,,,,
Southend-on-Sea,5,"105,835",6.6,-,-,-,-,-,-,-,-,-,5,"105,835",6.6,-,"105,835",-,,,,
Thurrock,50,"99,540",51.2,5,"99,540",6.0,10,"99,540",10.0,35,"99,540",35.2,..,"99,540",..,..,"99,540",..,,,,
Cambridgeshire,60,"393,215",15.8,15,"393,215",3.8,25,"393,215",6.4,20,"393,215",5.3,60,"393,215",15.8,20,"393,215",5.3,,,,
Peterborough,15,"115,340",11.3,-,-,-,-,-,-,-,-,-,15,"115,340",11.3,-,"115,340",-,,,,
Bedford,15,"96,890",13.4,-,-,-,-,-,-,-,-,-,15,"96,890",13.4,10,"96,890",9.3,,,,
Central Bedfordshire,30,"158,975",19.5,-,-,-,-,-,-,-,-,-,30,"158,975",19.5,15,"158,975",9.4,,,,
Camden,35,"156,915",21.0,-,-,-,-,-,-,-,-,-,35,"156,915",21.0,-,"156,915",-,,,,
Greenwich,10,"167,795",6.0,-,-,-,-,-,-,-,-,-,10,"167,795",6.0,-,"167,795",-,,,,
Hackney,25,"173,290",15.0,-,-,-,-,-,-,-,-,-,25,"173,290",15.0,-,"173,290",-,,,,
Hammersmith and Fulham,60,"133,360",45.7,15,"133,360",9.7,10,"133,360",8.2,35,"133,360",27.7,30,"133,360",22.5,5,"133,360",4.5,,,,
Islington,20,"151,870",13.8,10,"151,870",5.9,5,"151,870",4.0,5,"151,870",4.0,20,"151,870",13.8,5,"151,870",4.0,,,,
Kensington and Chelsea,-,"112,205",-,-,-,-,-,-,-,-,-,-,-,"112,205",-,-,"112,205",-,,,,
Lambeth,10,"220,830",5.0,-,-,-,-,-,-,-,-,-,10,"220,830",5.0,5,"220,830",2.7,,,,
Lewisham,25,"187,070",13.4,-,-,-,-,-,-,-,-,-,25,"187,070",13.4,-,"187,070",-,,,,
Southwark,15,"207,255",6.8,-,-,-,-,-,-,-,-,-,15,"207,255",6.8,-,"207,255",-,,,,
Tower Hamlets,40,"185,010",22.7,10,"185,010",5.9,20,"185,010",10.3,10,"185,010",6.5,40,"185,010",22.7,10,"185,010",6.5,,,,
Wandsworth,25,"224,800",10.7,-,-,-,-,-,-,-,-,-,25,"224,800",10.7,15,"224,800",5.8,,,,
Westminster,30,"158,885",18.9,-,-,-,-,-,-,-,-,-,30,"158,885",18.9,-,"158,885",-,,,,
City of London,-,"5,675",-,-,-,-,-,-,-,-,-,-,-,"5,675",-,-,"5,677",-,,,,
Barking and Dagenham,-,"113,875",-,-,-,-,-,-,-,-,-,-,-,"113,875",-,-,"113,876",-,,,,
Barnet,20,"226,620",9.7,5,"226,620",2.6,5,"226,620",3.1,10,"226,620",3.5,20,"226,620",9.7,10,"226,620",3.5,,,,
Bexley,30,"141,065",22.0,10,"141,065",6.4,5,"141,065",4.3,15,"141,065",11.3,30,"141,065",22.0,15,"141,065",11.3,,,,
Brent,30,"208,950",14.4,15,"208,950",6.2,10,"208,950",5.3,5,"208,950",2.9,30,"208,950",14.4,5,"208,950",2.9,,,,
Bromley,50,"189,495",25.9,10,"189,495",4.2,25,"189,495",12.1,15,"189,495",6.9,50,"189,495",25.9,15,"189,495",6.9,,,,
Croydon,100,"230,945",44.2,-,-,-,-,-,-,-,-,-,..,"230,945",..,..,"230,945",..,,,,
Ealing,35,"226,070",16.4,-,-,-,-,-,-,-,-,-,15,"226,070",7.1,-,"226,070",-,,,,
Enfield,15,"195,985",7.7,-,-,-,-,-,-,-,-,-,15,"195,985",7.7,-,"195,985",-,,,,
Haringey,5,"175,480",4.0,-,-,-,-,-,-,-,-,-,5,"175,480",4.0,-,"175,480",-,,,,
Harrow,15,"151,850",9.9,-,-,-,-,-,-,-,-,-,15,"151,850",9.9,10,"151,850",5.3,,,,
Havering,15,"144,400",9.0,-,-,-,-,-,-,-,-,-,15,"144,400",9.0,5,"144,400",4.8,,,,
Hillingdon,70,"175,645",39.3,15,"175,645",8.5,15,"175,645",8.5,35,"175,645",21.1,..,"175,645",..,..,"175,645",..,,,,
Hounslow,10,"170,285",7.0,-,-,-,-,-,-,-,-,-,10,"170,285",7.0,5,"170,285",3.5,,,,
Kingston upon Thames,-,"106,070",-,-,-,-,-,-,-,-,-,-,-,"106,070",-,-,"106,070",-,,,,
Merton,35,"133,885",25.4,-,-,-,-,-,-,-,-,-,20,"133,885",13.3,-,"133,885",-,,,,
Newham,5,"211,645",3.3,-,-,-,-,-,-,-,-,-,5,"211,645",3.3,-,"211,645",-,,,,
Redbridge,10,"176,870",5.7,-,-,-,-,-,-,-,-,-,..,"176,870",..,-,"176,870",..,,,,
Richmond upon Thames,10,"121,300",6.6,-,-,-,-,-,-,-,-,-,10,"121,300",6.6,-,"121,300",-,,,,
Sutton,30,"120,360",24.1,-,-,-,-,-,-,-,-,-,..,"120,360",..,-,"120,360",..,,,,
Waltham Forest,75,"172,350",42.4,-,-,-,-,-,-,-,-,-,15,"172,350",8.9,10,"172,350",6.6,,,,
Isle of Wight,20,"79,000",26.6,-,-,-,-,-,-,-,-,-,20,"79,000",26.6,10,"79,000",13.9,,,,
Surrey,460,"692,255",66.4,-,-,-,-,-,-,-,-,-,..,"692,255",0.0,..,"692,255",..,,,,
West Sussex,85,"476,440",18.1,15,"476,440",3.4,50,"476,440",10.1,20,"476,440",4.6,85,"476,440",18.1,20,"476,440",4.6,,,,
Dorset,85,"231,285",36.3,-,-,-,-,-,-,-,-,-,40,"231,285",17.6,25,"231,285",10.2,,,,
Bournemouth,20,"119,055",16.8,-,-,-,-,-,-,-,-,-,20,"119,055",16.8,10,"119,055",7.6,,,,
Poole,15,"88,475",19.2,-,-,-,-,-,-,-,-,-,15,"88,475",19.2,5,"88,475",7.9,,,,
Hampshire,135,"796,000",16.7,30,"796,000",4.0,30,"796,000",3.6,65,"796,000",8.4,135,"796,000",16.7,65,"796,000",8.4,,,,
Portsmouth,65,"135,410",48.7,-,-,-,-,-,-,-,-,-,30,"135,410",23.8,10,"135,410",6.1,,,,
Southampton,40,"158,695",26.5,-,-,-,-,-,-,-,-,-,15,"158,695",9.7,5,"158,695",4.0,,,,
East Sussex,80,"302,200",27.1,25,"302,200",8.6,25,"302,200",8.3,25,"302,200",7.6,..,"302,200",..,..,"302,200",..,,,,
Brighton and Hove,35,"187,215",17.6,10,"187,215",5.3,10,"187,215",4.3,10,"187,215",6.4,35,"187,215",17.6,10,"187,215",6.4,,,,
Wiltshire,120,"284,300",42.2,15,"284,300",5.6,20,"284,300",7.7,80,"284,300",28.1,55,"284,300",19.0,15,"284,300",4.9,,,,
Swindon,20,"134,065",16.4,-,-,-,-,-,-,-,-,-,20,"134,065",16.4,10,"134,065",6.0,,,,
Kent,165,"878,790",18.8,50,"878,790",5.8,30,"878,790",3.3,85,"878,790",9.6,165,"878,790",18.8,85,"878,790",9.6,,,,
Medway Towns,35,"166,595",21.6,20,"166,595",12.6,10,"166,595",4.8,5,"166,595",4.2,35,"166,595",21.6,5,"166,595",4.2,,,,
Cornwall,40,"314,645",12.4,10,"314,645",2.9,15,"314,645",5.4,15,"314,645",4.1,40,"314,645",12.4,15,"314,645",4.1,,,,
Gloucestershire,70,"363,715",19.0,15,"363,715",3.8,30,"363,715",7.7,..,"363,715",..,..,"363,715",..,..,"363,715",..,,,,
Somerset,45,"310,075",14.8,-,-,-,-,-,-,-,-,-,45,"310,075",14.8,20,"310,075",5.8,,,,
Isles of Scilly,-,"1,355",-,-,-,-,-,-,-,-,-,-,-,"1,355",-,-,"1,355",-,,,,
Bath and North East Somerset,20,"109,825",16.4,-,-,-,-,-,-,-,-,-,20,"109,825",16.4,5,"109,825",6.4,,,,
Bristol,55,"284,350",19.0,10,"284,350",3.9,15,"284,350",5.3,25,"284,350",8.8,55,"284,350",19.0,25,"284,350",8.8,,,,
North Somerset,20,"118,540",16.9,-,-,-,-,-,-,-,-,-,20,"118,540",16.2,5,"118,540",6.1,,,,
South Gloucestershire,85,"161,675",52.0,-,-,-,-,-,-,-,-,-,..,"161,675",0.0,..,"161,675",..,,,,
Devon,90,"437,315",20.6,40,"437,315",8.7,20,"437,315",4.8,30,"437,315",6.9,90,"437,315",20.6,30,"437,315",6.9,,,,
Plymouth,15,"163,705",8.6,-,-,-,-,-,-,-,-,-,15,"163,705",8.6,5,"163,705",3.7,,,,
Torbay,25,"75,215",34.6,-,-,-,-,-,-,-,-,-,25,"75,215",34.6,-,"75,215",-,,,,
,,,,,,,,,,,,,,,,,,,,,,
TOTAL,"6,320","33,036,750",19.1,"1,565","33,036,750",4.7,"1,435","33,036,750",4.3,"3,160","33,036,750",9.6,"4,630","33,036,751",14.0,"1,470","33,036,751",4.4,,,,
,,,,,,,,,,,,,,,,,,,,,,
,,,,,,,,,,,,,,,,,,,,,,
Shire Counties,"2,590","12,852,775",20.1,615,"12,852,775",4.8,520,"12,852,775",4.1,"1,380","12,852,775",10.7,"1,717","12,852,773",13.4,510,"12,852,773",4.0,,,,
Unitary Authorities,"1,550","7,551,385",20.5,370,"7,551,385",4.9,420,"7,551,385",5.5,730,"7,551,385",9.7,"1,244","7,551,385",16.5,425,"7,551,385",5.6,,,,
Metropolitan Districts,"1,315","7,154,490",18.4,385,"7,154,490",5.4,305,"7,154,490",4.2,590,"7,154,490",8.3,"1,062","7,154,490",14.8,337,"7,154,490",4.7,,,,
Inner London,300,"2,084,955",14.4,90,"2,084,955",4.4,100,"2,084,955",4.7,100,"2,084,955",4.9,270,"2,084,957",12.9,71,"2,084,957",3.4,,,,
Outer London,565,"3,393,145",16.7,105,"3,393,145",3.2,95,"3,393,145",2.8,355,"3,393,145",10.5,337,"3,393,146",9.9,127,"3,393,146",3.7,,,,
,,,,,,,,,,,,,,,,,,,,,,
North East,395,"1,618,425",24.5,85,"1,618,425",5.4,85,"1,618,425",5.1,220,"1,618,425",13.5,233,"1,618,424",14.4,55,"1,618,424",3.4,,,,
North West,735,"4,376,030",16.8,260,"4,376,030",5.9,260,"4,376,030",6.0,175,"4,376,030",4.0,730,"4,376,031",16.7,172,"4,376,031",3.9,,,,
Yorkshire and the Humber,470,"3,278,625",14.3,155,"3,278,625",4.8,115,"3,278,625",3.5,195,"3,278,625",5.9,470,"3,278,626",14.3,193,"3,278,626",5.9,,,,
East Midlands,465,"2,804,680",16.5,130,"2,804,680",4.7,125,"2,804,680",4.5,190,"2,804,680",6.7,451,"2,804,682",16.1,176,"2,804,682",6.3,,,,
West Midlands,625,"3,415,655",18.3,155,"3,415,655",4.6,140,"3,415,655",4.2,310,"3,415,655",9.1,507,"3,415,653",14.8,195,"3,415,653",5.7,,,,
South West,725,"3,197,595",22.6,165,"3,197,595",5.2,165,"3,197,595",5.2,375,"3,197,595",11.8,520,"3,197,595",16.3,173,"3,197,595",5.4,,,,
Eastern,635,"3,571,120",17.7,180,"3,571,120",5.0,140,"3,571,120",3.9,295,"3,571,120",8.2,633,"3,571,121",17.7,294,"3,571,121",8.2,,,,
London,865,"5,478,105",15.8,200,"5,478,105",3.6,190,"5,478,105",3.5,460,"5,478,105",8.4,607,"5,478,103",11.1,198,"5,478,103",3.6,,,,
South East,"1,410","5,296,515",26.6,230,"5,296,515",4.3,215,"5,296,515",4.0,945,"5,296,515",17.8,480,"5,296,516",9.1,15,"5,296,516",0.3,,,,
,,,,,,,,,,,,,,,,,,,,,,
,,,,,,,,,,,,,,,,,,,,,,
Note,,,,,,,,,,,,,,,,,,,,,,
1. Caution should be taken when comparing data historically please refer to the notes in the cover sheet.,,,,,,,,,,,,,,,,,,,,,,
2. Numerator and denominator values used to calculate the indicator are rounded to the nearest 5.,,,,,,,,,,,,,,,,,,,,,,
"3.   -  means constituent values less than 6 are suppressed, where elements of an indicator are suppressed the indicator itself is also suppressed. The exception is for measure 2C where values of less than 0.5 have been supressed. This is because the numerator is based on an average of the 12 monthly figures.",,,,,,,,,,,,,,,,,,,,,,
4.  ..  represents data that is unavailable.,,,,,,,,,,,,,,,,,,,,,,
"5. 1A, 1B, 1D, 3A, 3B, 3C, 3D, 4A and 4B are based on survey data. The base (i.e. the number of responses on which the outcome is based) should be taken into account when assessing the reliability of the outcome values. Outcomes based on a small base should be treated with caution.",,,,,,,,,,,,,,,,,,,,,,
"6. 1A, 1B, 3A, 3D, 4A and 4B have been weighted to reflect that a stratified sample was taken and to account for non-response bias. For 1D, 3B and 3C only the national, regional and council type figures have been weighted as stratified sampling was not used. These totals have been weighted to account for differeing response rates in councils.",,,,,,,,,,,,,,,,,,,,,,
,,,,,,,,,,,,,,,,,,,,,,
,,,,,,,,,,,,,,,,,,,,,,
,,,,,,,,,,,,,,,,,,,,,,
,,,,,,,,,,,,,,,,,,,,,,
,,,,,,,,,,,,,,,,,,,,,,
,,,,,,,,,,,,,,,,,,,,,,
,,,,,,,,,,,,,,,,,,,,,,
,,,,,,,,,,,,,,,,,,,,,,
,,,,,,,,,,,,,,,,,,,,,,
,,,,,,,,,,,,,,,,,,,,,,
,,,,,,,,,,,,,,,,,,,,,,
,,,,,,,,,,,,,,,,,,,,,,
,,,,,,,,,,,,,,,,,,,,,,
,,,,,,,,,,,,,,,,,,,,,,
,,,,,,,,,,,,,,,,,,,,,,
,,,,,,,,,,,,,,,,,,,,,,
,,,,,,,,,,,,,,,,,,,,,,
,,,,,,,,,,,,,,,,,,,,,,
,,,,,,,,,,,,,,,,,,,,,,
,,,,,,,,,,,,,,,,,,,,,,
,,,,,,,,,,,,,,,,,,,,,,
,,,,,,,,,,,,,,,,,,,,,,
,,,,,,,,,,,,,,,,,,,,,,
,,,,,,,,,,,,,,,,,,,,,,
,,,,,,,,,,,,,,,,,,,,,,
,,,,,,,,,,,,,,,,,,,,,,
,,,,,,,,,,,,,,,,,,,,,,
,,,,,,,,,,,,,,,,,,,,,,
,,,,,,,,,,,,,,,,,,,,,,
,,,,,,,,,,,,,,,,,,,,,,
,,,,,,,,,,,,,,,,,,,,,,
,,,,,,,,,,,,,,,,,,,,,,
,,,,,,,,,,,,,,,,,,,,,,
,,,,,,,,,,,,,,,,,,,,,,
,,,,,,,,,,,,,,,,,,,,,,
,,,,,,,,,,,,,,,,,,,,,,
,,,,,,,,,,,,,,,,,,,,,,
,,,,,,,,,,,,,,,,,,,,,,
,,,,,,,,,,,,,,,,,,,,,,
,,,,,,,,,,,,,,,,,,,,,,
,,,,,,,,,,,,,,,,,,,,,,
,,,,,,,,,,,,,,,,,,,,,,
,,,,,,,,,,,,,,,,,,,,,,
,,,,,,,,,,,,,,,,,,,,,,
,,,,,,,,,,,,,,,,,,,,,,
,,,,,,,,,,,,,,,,,,,,,,
,,,,,,,,,,,,,,,,,,,,,,
,,,,,,,,,,,,,,,,,,,,,,
,,,,,,,,,,,,,,,,,,,,,,
,,,,,,,,,,,,,,,,,,,,,,
,,,,,,,,,,,,,,,,,,,,,,
,,,,,,,,,,,,,,,,,,,,,,
,,,,,,,,,,,,,,,,,,,,,,
,,,,,,,,,,,,,,,,,,,,,,
,,,,,,,,,,,,,,,,,,,,,,
,,,,,,,,,,,,,,,,,,,,,,
,,,,,,,,,,,,,,,,,,,,,,
,,,,,,,,,,,,,,,,,,,,,,
,,,,,,,,,,,,,,,,,,,,,,
,,,,,,,,,,,,,,,,,,,,,,
,,,,,,,,,,,,,,,,,,,,,,
,,,,,,,,,,,,,,,,,,,,,,
,,,,,,,,,,,,,,,,,,,,,,
,,,,,,,,,,,,,,,,,,,,,,
,,,,,,,,,,,,,,,,,,,,,,
,,,,,,,,,,,,,,,,,,,,,,
,,,,,,,,,,,,,,,,,,,,,,
,,,,,,,,,,,,,,,,,,,,,,
,,,,,,,,,,,,,,,,,,,,,,
,,,,,,,,,,,,,,,,,,,,,,
,,,,,,,,,,,,,,,,,,,,,,
,,,,,,,,,,,,,,,,,,,,,,
,,,,,,,,,,,,,,,,,,,,,,
,,,,,,,,,,,,,,,,,,,,,,
,,,,,,,,,,,,,,,,,,,,,,
,,,,,,,,,,,,,,,,,,,,,,
,,,,,,,,,,,,,,,,,,,,,,
,,,,,,,,,,,,,,,,,,,,,,
,,,,,,,,,,,,,,,,,,,,,,
,,,,,,,,,,,,,,,,,,,,,,
,,,,,,,,,,,,,,,,,,,,,,
,,,,,,,,,,,,,,,,,,,,,,
,,,,,,,,,,,,,,,,,,,,,,
,,,,,,,,,,,,,,,,,,,,,,
,,,,,,,,,,,,,,,,,,,,,,
,,,,,,,,,,,,,,,,,,,,,,
,,,,,,,,,,,,,,,,,,,,,,
,,,,,,,,,,,,,,,,,,,,,,
,,,,,,,,,,,,,,,,,,,,,,
,,,,,,,,,,,,,,,,,,,,,,
,,,,,,,,,,,,,,,,,,,,,,
,,,,,,,,,,,,,,,,,,,,,,
,,,,,,,,,,,,,,,,,,,,,,
,,,,,,,,,,,,,,,,,,,,,,
,,,,,,,,,,,,,,,,,,,,,,
,,,,,,,,,,,,,,,,,,,,,,
,,,,,,,,,,,,,,,,,,,,,,
,,,,,,,,,,,,,,,,,,,,,,
,,,,,,,,,,,,,,,,,,,,,,
,,,,,,,,,,,,,,,,,,,,,,
,,,,,,,,,,,,,,,,,,,,,,
,,,,,,,,,,,,,,,,,,,,,,
,,,,,,,,,,,,,,,,,,,,,,
,,,,,,,,,,,,,,,,,,,,,,
,,,,,,,,,,,,,,,,,,,,,,
,,,,,,,,,,,,,,,,,,,,,,
,,,,,,,,,,,,,,,,,,,,,,
,,,,,,,,,,,,,,,,,,,,,,
,,,,,,,,,,,,,,,,,,,,,,
,,,,,,,,,,,,,,,,,,,,,,
,,,,,,,,,,,,,,,,,,,,,,
,,,,,,,,,,,,,,,,,,,,,,
,,,,,,,,,,,,,,,,,,,,,,
,,,,,,,,,,,,,,,,,,,,,,
,,,,,,,,,,,,,,,,,,,,,,
,,,,,,,,,,,,,,,,,,,,,,
,,,,,,,,,,,,,,,,,,,,,,
,,,,,,,,,,,,,,,,,,,,,,
,,,,,,,,,,,,,,,,,,,,,,
,,,,,,,,,,,,,,,,,,,,,,
,,,,,,,,,,,,,,,,,,,,,,
,,,,,,,,,,,,,,,,,,,,,,
,,,,,,,,,,,,,,,,,,,,,,
,,,,,,,,,,,,,,,,,,,,,,
,,,,,,,,,,,,,,,,,,,,,,
,,,,,,,,,,,,,,,,,,,,,,
,,,,,,,,,,,,,,,,,,,,,,
,,,,,,,,,,,,,,,,,,,,,,
,,,,,,,,,,,,,,,,,,,,,,
,,,,,,,,,,,,,,,,,,,,,,
,,,,,,,,,,,,,,,,,,,,,,
,,,,,,,,,,,,,,,,,,,,,,
,,,,,,,,,,,,,,,,,,,,,,
,,,,,,,,,,,,,,,,,,,,,,
,,,,,,,,,,,,,,,,,,,,,,
,,,,,,,,,,,,,,,,,,,,,,
,,,,,,,,,,,,,,,,,,,,,,
,,,,,,,,,,,,,,,,,,,,,,
,,,,,,,,,,,,,,,,,,,,,,
,,,,,,,,,,,,,,,,,,,,,,
,,,,,,,,,,,,,,,,,,,,,,
,,,,,,,,,,,,,,,,,,,,,,
,,,,,,,,,,,,,,,,,,,,,,
,,,,,,,,,,,,,,,,,,,,,,
,,,,,,,,,,,,,,,,,,,,,,
,,,,,,,,,,,,,,,,,,,,,,
,,,,,,,,,,,,,,,,,,,,,,
,,,,,,,,,,,,,,,,,,,,,,
,,,,,,,,,,,,,,,,,,,,,,
,,,,,,,,,,,,,,,,,,,,,,
,,,,,,,,,,,,,,,,,,,,,,
,,,,,,,,,,,,,,,,,,,,,,
,,,,,,,,,,,,,,,,,,,,,,
,,,,,,,,,,,,,,,,,,,,,,
,,,,,,,,,,,,,,,,,,,,,,
,,,,,,,,,,,,,,,,,,,,,,
,,,,,,,,,,,,,,,,,,,,,,
,,,,,,,,,,,,,,,,,,,,,,
,,,,,,,,,,,,,,,,,,,,,,
,,,,,,,,,,,,,,,,,,,,,,
,,,,,,,,,,,,,,,,,,,,,,
,,,,,,,,,,,,,,,,,,,,,,
,,,,,,,,,,,,,,,,,,,,,,
,,,,,,,,,,,,,,,,,,,,,,
,,,,,,,,,,,,,,,,,,,,,,
,,,,,,,,,,,,,,,,,,,,,,
,,,,,,,,,,,,,,,,,,,,,,
,,,,,,,,,,,,,,,,,,,,,,
,,,,,,,,,,,,,,,,,,,,,,
,,,,,,,,,,,,,,,,,,,,,,
,,,,,,,,,,,,,,,,,,,,,,
,,,,,,,,,,,,,,,,,,,,,,
,,,,,,,,,,,,,,,,,,,,,,
,,,,,,,,,,,,,,,,,,,,,,
,,,,,,,,,,,,,,,,,,,,,,
,,,,,,,,,,,,,,,,,,,,,,
,,,,,,,,,,,,,,,,,,,,,,
,,,,,,,,,,,,,,,,,,,,,,
,,,,,,,,,,,,,,,,,,,,,,
,,,,,,,,,,,,,,,,,,,,,,
,,,,,,,,,,,,,,,,,,,,,,
,,,,,,,,,,,,,,,,,,,,,,
,,,,,,,,,,,,,,,,,,,,,,
,,,,,,,,,,,,,,,,,,,,,,
,,,,,,,,,,,,,,,,,,,,,,
,,,,,,,,,,,,,,,,,,,,,,
,,,,,,,,,,,,,,,,,,,,,,
,,,,,,,,,,,,,,,,,,,,,,
,,,,,,,,,,,,,,,,,,,,,,
,,,,,,,,,,,,,,,,,,,,,,
,,,,,,,,,,,,,,,,,,,,,,
,,,,,,,,,,,,,,,,,,,,,,
,,,,,,,,,,,,,,,,,,,,,,
,,,,,,,,,,,,,,,,,,,,,,
,,,,,,,,,,,,,,,,,,,,,,
,,,,,,,,,,,,,,,,,,,,,,
,,,,,,,,,,,,,,,,,,,,,,
,,,,,,,,,,,,,,,,,,,,,,
,,,,,,,,,,,,,,,,,,,,,,
,,,,,,,,,,,,,,,,,,,,,,
