ASCOF Outcomes 2011-12,"Permanent admissions of older people (aged 65 and over) to residential and nursing care homes, per 100,000 population",,,"Permanent admissions of older people (aged 65 and over) to residential and nursing care homes, per 100,000 population",,,,,,,,,,
,TOTAL,,,TOTAL (adjusted),,,,,,,,,,
,2A(2),2A(2),2A(2),2A(2),2A(2),2A(2),,,,,,,,
,Numerator,Denominator,Outcome,Numerator,Denominator,Outcome,,,,,,,,
,,,,,,,,,,,,,,
,"Number of council-supported permanent admissions of older adults to residential and nursing care, excluding transfers between residential and nursing care (aged 65 and over)",Size of older adult population in area  (aged 65 and over),"Number of council-supported permanent admissions of older adults to residential and nursing care divided by the size of the older adult population in the area multiplied by 100,000  (aged 65 and over)","Number of council-supported permanent admissions of older adults to residential and nursing care, excluding transfers between residential and nursing care (aged 65 and over)",Size of older adult population in area  (aged 65 and over),"Number of council-supported permanent admissions of older adults to residential and nursing care divided by the size of the older adult population in the area multiplied by 100,000  (aged 65 and over)",,,,,,,,
,ASC-CAR - Table S3 page 1 row 16 sum col 1 - 3,"ONS, mid year population estimates",,ASC-CAR - Table S3 page 1 row 16 sum col 1 - 3,"ONS, mid year population estimates",,,,,,,,,
,Numerator,Denominator,Outcome,Numerator,Denominator,Outcome,,,,,,,,
Cumbria,695,"103,565",669.1,..,"103,565",..,,,,,,,,
Northumberland,450,"63,875",707.7,450,"63,875",707.7,,,,,,,,
Gateshead,320,"35,410",903.7,300,"35,410",848.7,,,,,,,,
Newcastle upon Tyne,355,"38,895",917.9,355,"38,895",917.1,,,,,,,,
North Tyneside,305,"35,585",854.2,300,"35,585",846.8,,,,,,,,
South Tyneside,335,"26,950","1,239.3",335,"26,950","1,239.3",,,,,,,,
Sunderland,380,"47,110",802.4,355,"47,110",751.6,,,,,,,,
Hartlepool,140,"15,690",898.8,140,"15,690",898.8,,,,,,,,
Middlesbrough,145,"20,835",691.1,145,"20,835",691.1,,,,,,,,
Redcar and Cleveland,245,"26,425",923.4,245,"26,425",923.4,,,,,,,,
Stockton-on-Tees,295,"30,200",976.8,295,"30,200",976.8,,,,,,,,
Durham,825,"93,015",888.0,825,"93,015",888.0,,,,,,,,
Darlington,180,"18,570",958.5,180,"18,570",958.5,,,,,,,,
Barnsley,300,"40,335",746.3,300,"40,335",746.3,,,,,,,,
Doncaster,475,"51,460",921.1,475,"51,460",921.1,,,,,,,,
Rotherham,415,"45,130",917.3,415,"45,130",917.3,,,,,,,,
Sheffield,380,"86,185",443.2,380,"86,185",443.2,,,,,,,,
Bradford,485,"69,785",692.1,485,"69,785",692.1,,,,,,,,
Calderdale,245,"32,725",745.6,245,"32,725",745.6,,,,,,,,
Kirklees,440,"64,740",681.2,440,"64,740",681.2,,,,,,,,
Leeds,760,"110,210",687.8,760,"110,210",687.8,,,,,,,,
Wakefield,385,"55,565",694.7,385,"55,565",694.7,,,,,,,,
East Riding of Yorkshire,540,"72,290",748.4,540,"72,290",748.4,,,,,,,,
Kingston upon Hull,350,"35,905",972.0,350,"35,905",972.0,,,,,,,,
North East Lincolnshire,140,"28,515",491.0,140,"28,515",491.0,,,,,,,,
North Lincolnshire,200,"30,315",666.3,200,"30,315",666.3,,,,,,,,
North Yorkshire,610,"124,320",489.9,610,"124,320",489.9,,,,,,,,
York,205,"33,695",608.4,205,"33,695",608.4,,,,,,,,
Bolton,345,"42,845",809.9,..,"42,845",..,,,,,,,,
Bury,255,"29,805",852.1,255,"29,805",852.1,,,,,,,,
Manchester,380,"47,625",800.0,380,"47,625",800.0,,,,,,,,
Oldham,205,"33,150",624.4,205,"33,150",624.4,,,,,,,,
Rochdale,260,"31,035",831.3,260,"31,035",831.3,,,,,,,,
Salford,295,"33,320",885.3,295,"33,320",885.3,,,,,,,,
Stockport,380,"51,395",743.3,380,"51,395",743.3,,,,,,,,
Tameside,160,"34,525",469.2,160,"34,525",469.2,,,,,,,,
Trafford,285,"36,465",781.5,285,"36,465",781.5,,,,,,,,
Wigan,390,"52,040",747.5,390,"52,040",747.5,,,,,,,,
Knowsley,200,"23,095",866.1,200,"23,095",866.1,,,,,,,,
Liverpool,565,"65,715",859.8,565,"65,715",859.8,,,,,,,,
Sefton,520,"57,365",903.0,520,"57,365",903.0,,,,,,,,
St. Helens,335,"31,660","1,051.8",335,"31,660","1,051.8",,,,,,,,
Wirral,515,"61,425",835.1,515,"61,425",835.1,,,,,,,,
Halton,140,"18,650",740.0,140,"18,650",740.0,,,,,,,,
Warrington,205,"32,510",636.8,205,"32,510",636.8,,,,,,,,
Lancashire,"1,970","212,930",924.2,..,"212,930",..,,,,,,,,
Blackburn with Darwen,185,"19,150",960.8,185,"19,150",960.8,,,,,,,,
Blackpool,260,"27,355",946.8,260,"27,355",945.6,,,,,,,,
Cheshire East,470,"72,060",652.2,470,"72,060",651.6,,,,,,,,
Cheshire West and Chester,645,"61,600","1,043.8",645,"61,600","1,043.8",,,,,,,,
Warwickshire,570,"100,300",567.3,570,"100,300",567.2,,,,,,,,
Birmingham,"1,000","138,770",720.6,990,"138,770",714.6,,,,,,,,
Coventry,295,"46,480",636.9,295,"46,480",636.9,,,,,,,,
Dudley,360,"58,625",615.8,360,"58,625",612.3,,,,,,,,
Sandwell,285,"47,015",610.4,..,"47,015",..,,,,,,,,
Solihull,235,"39,895",594.0,235,"39,895",593.6,,,,,,,,
Walsall,155,"46,095",331.9,155,"46,095",331.9,,,,,,,,
Wolverhampton,285,"40,765",696.7,275,"40,765",671.1,,,,,,,,
Staffordshire,960,"158,280",606.5,960,"158,280",606.5,,,,,,,,
Stoke-on-Trent,340,"39,005",876.9,340,"39,005",876.9,,,,,,,,
Herefordshire,240,"39,375",614.6,240,"39,375",614.6,,,,,,,,
Worcestershire,705,"110,170",641.7,705,"110,170",641.0,,,,,,,,
Shropshire,540,"63,930",841.6,540,"63,930",841.6,,,,,,,,
Telford and the Wrekin,175,"24,345",723.0,175,"24,345",723.0,,,,,,,,
Lincolnshire,895,"149,150",600.1,895,"149,150",600.1,,,,,,,,
Northamptonshire,860,"107,290",802.5,860,"107,290",802.5,,,,,,,,
Derbyshire,"1,135","144,045",787.2,"1,135","144,045",787.2,,,,,,,,
Derby,215,"37,895",570.0,215,"37,895",570.0,,,,,,,,
Leicestershire,805,"116,525",690.8,805,"116,525",690.8,,,,,,,,
Leicester,215,"37,395",580.3,215,"37,395",580.3,,,,,,,,
Rutland,40,"7,960",502.4,40,"7,960",502.4,,,,,,,,
Nottinghamshire,960,"143,730",668.6,960,"143,730",668.6,,,,,,,,
Nottingham,335,"35,615",935.0,330,"35,615",933.5,,,,,,,,
Hertfordshire,"1,230","175,350",700.9,"1,230","175,350",700.9,,,,,,,,
Norfolk,"1,425","186,930",761.3,"1,425","186,930",761.3,,,,,,,,
Oxfordshire,555,"104,640",532.3,555,"104,640",532.3,,,,,,,,
Suffolk,"1,110","146,340",759.2,"1,110","146,340",759.2,,,,,,,,
Luton,110,"23,995",462.6,..,"23,995",..,,,,,,,,
Buckinghamshire,500,"84,945",588.6,500,"84,945",588.6,,,,,,,,
Milton Keynes,240,"27,895",867.5,240,"27,895",867.5,,,,,,,,
Bracknell Forest,100,"14,265",700.9,100,"14,265",700.9,,,,,,,,
West Berkshire,140,"23,885",594.6,140,"23,885",594.6,,,,,,,,
Reading,140,"17,905",776.4,140,"17,905",776.4,,,,,,,,
Slough,80,"12,875",636.9,80,"12,875",636.9,,,,,,,,
Windsor and Maidenhead,175,"24,265",713.0,175,"24,265",713.0,,,,,,,,
Wokingham,160,"24,055",665.2,160,"24,055",663.1,,,,,,,,
Essex,"1,690","258,175",653.8,"1,690","258,175",653.8,,,,,,,,
Southend-on-Sea,210,"30,990",671.1,210,"30,990",671.1,,,,,,,,
Thurrock,115,"20,240",558.3,..,"20,240",..,,,,,,,,
Cambridgeshire,770,"101,350",759.7,770,"101,350",759.7,,,,,,,,
Peterborough,140,"25,075",554.3,140,"25,075",554.3,,,,,,,,
Bedford,160,"25,135",640.5,160,"25,135",640.5,,,,,,,,
Central Bedfordshire,270,"40,275",675.4,270,"40,275",675.4,,,,,,,,
Camden,130,"24,170",529.6,130,"24,170",529.6,,,,,,,,
Greenwich,160,"26,230",617.6,160,"26,230",617.6,,,,,,,,
Hackney,115,"17,425",665.7,115,"17,425",665.7,,,,,,,,
Hammersmith and Fulham,110,"16,525",671.8,110,"16,525",671.8,,,,,,,,
Islington,160,"18,095",889.7,160,"18,095",889.7,,,,,,,,
Kensington and Chelsea,35,"19,315",176.0,35,"19,315",176.0,,,,,,,,
Lambeth,185,"23,225",805.1,185,"23,225",805.1,,,,,,,,
Lewisham,145,"26,220",560.7,145,"26,220",560.7,,,,,,,,
Southwark,150,"22,425",664.5,150,"22,425",664.5,,,,,,,,
Tower Hamlets,135,"15,605",877.8,135,"15,605",877.8,,,,,,,,
Wandsworth,190,"27,080",709.0,190,"27,080",709.0,,,,,,,,
Westminster,180,"24,625",735.1,180,"24,625",735.1,,,,,,,,
City of London,-,"1,050",-,-,"1,050",-,,,,,,,,
Barking and Dagenham,200,"19,340","1,044.5",200,"19,340","1,044.5",,,,,,,,
Barnet,255,"47,705",534.5,255,"47,705",534.5,,,,,,,,
Bexley,255,"37,505",677.2,255,"37,505",677.2,,,,,,,,
Brent,180,"32,840",548.1,180,"32,840",548.1,,,,,,,,
Bromley,290,"52,400",549.6,290,"52,400",549.6,,,,,,,,
Croydon,255,"44,655",566.6,245,"44,655",547.7,,,,,,,,
Ealing,130,"36,455",359.3,130,"36,455",359.3,,,,,,,,
Enfield,200,"39,065",514.6,200,"39,065",514.6,,,,,,,,
Haringey,110,"22,495",497.9,110,"22,495",497.9,,,,,,,,
Harrow,135,"33,885",404.3,135,"33,885",404.3,,,,,,,,
Havering,230,"42,555",538.1,230,"42,555",538.1,,,,,,,,
Hillingdon,235,"35,410",663.6,..,"35,410",..,,,,,,,,
Hounslow,95,"27,015",344.3,95,"27,015",344.3,,,,,,,,
Kingston upon Thames,85,"20,505",404.8,85,"20,505",404.8,,,,,,,,
Merton,150,"23,215",641.8,150,"23,215",638.3,,,,,,,,
Newham,50,"20,700",246.4,50,"20,700",246.4,,,,,,,,
Redbridge,85,"33,575",259.1,..,"33,575",..,,,,,,,,
Richmond upon Thames,105,"25,500",407.8,105,"25,500",407.8,,,,,,,,
Sutton,45,"27,540",170.6,45,"27,540",170.6,,,,,,,,
Waltham Forest,95,"25,770",372.5,80,"25,770",316.6,,,,,,,,
Isle of Wight,285,"33,245",854.3,285,"33,245",854.3,,,,,,,,
Surrey,"1,425","196,140",727.0,"1,425","196,140",727.0,,,,,,,,
West Sussex,935,"168,055",557.6,935,"168,055",557.6,,,,,,,,
Dorset,600,"105,000",569.5,595,"105,000",567.0,,,,,,,,
Bournemouth,260,"32,575",792.1,260,"32,575",792.1,,,,,,,,
Poole,275,"30,390",908.2,275,"30,390",908.2,,,,,,,,
Hampshire,"1,540","245,970",626.9,"1,540","245,970",626.9,,,,,,,,
Portsmouth,235,"27,560",856.3,235,"27,560",844.7,,,,,,,,
Southampton,275,"30,945",885.5,270,"30,945",874.7,,,,,,,,
East Sussex,755,"120,720",626.2,..,"120,720",..,,,,,,,,
Brighton and Hove,300,"35,850",831.3,300,"35,850",831.3,,,,,,,,
Wiltshire,510,"86,435",587.7,490,"86,435",564.5,,,,,,,,
Swindon,195,"29,070",670.8,195,"29,070",670.8,,,,,,,,
Kent,"2,240","264,930",845.5,"2,240","264,930",845.5,,,,,,,,
Medway Towns,295,"37,330",795.6,295,"37,330",795.6,,,,,,,,
Cornwall,605,"116,500",519.3,605,"116,500",519.3,,,,,,,,
Gloucestershire,810,"112,405",719.7,..,"112,405",..,,,,,,,,
Somerset,895,"112,725",794.0,895,"112,725",794.0,,,,,,,,
Isles of Scilly,-,515,-,-,515,-,,,,,,,,
Bath and North East Somerset,310,"32,060",973.2,310,"32,060",973.2,,,,,,,,
Bristol,455,"56,075",811.4,455,"56,075",811.4,,,,,,,,
North Somerset,325,"43,045",757.3,325,"43,045",756.8,,,,,,,,
South Gloucestershire,340,"44,755",757.4,315,"44,755",702.3,,,,,,,,
Devon,"1,060","169,840",625.3,"1,060","169,840",625.3,,,,,,,,
Plymouth,305,"41,995",726.3,305,"41,995",726.3,,,,,,,,
Torbay,135,"31,150",436.6,135,"31,150",436.6,,,,,,,,
,,,,,,,,,,,,,,
TOTAL,"60,750","8,729,665",695.9,"60,605","8,729,665",694.2,,,,,,,,
,,,,,,,,,,,,,,
,,,,,,,,,,,,,,
Shire Counties,"27,705","4,023,825",688.5,"27,700","4,023,825",688.4,,,,,,,,
Unitary Authorities,"14,870","2,006,510",741.0,"14,815","2,006,510",738.3,,,,,,,,
Metropolitan Districts,"13,285","1,789,200",742.4,"13,215","1,789,200",738.6,,,,,,,,
Inner London,"1,710","261,990",652.3,"1,710","261,990",652.3,,,,,,,,
Outer London,"3,185","648,140",491.7,"3,165","648,140",488.1,,,,,,,,
,,,,,,,,,,,,,,
North East,"3,975","452,555",877.9,"3,925","452,555",867.6,,,,,,,,
North West,"9,650","1,179,300",818.4,"9,650","1,179,300",818.3,,,,,,,,
Yorkshire and the Humber,"5,930","881,165",672.9,"5,930","881,165",672.9,,,,,,,,
East Midlands,"5,460","779,610",700.6,"5,460","779,610",700.5,,,,,,,,
West Midlands,"6,150","953,050",645.5,"6,130","953,050",643.2,,,,,,,,
South West,"7,080","1,044,530",677.7,"7,030","1,044,530",673.2,,,,,,,,
Eastern,"7,225","1,033,855",698.8,"7,225","1,033,855",698.8,,,,,,,,
London,"4,895","910,130",537.9,"4,870","910,130",535.4,,,,,,,,
South East,"10,385","1,495,470",694.4,"10,380","1,495,470",694.0,,,,,,,,
,,,,,,,,,,,,,,
,,,,,,,,,,,,,,
Note,,,,,,,,,,,,,,
1. Caution should be taken when comparing data historically please refer to the notes in the cover sheet.,,,,,,,,,,,,,,
2. Numerator and denominator values used to calculate the indicator are rounded to the nearest 5.,,,,,,,,,,,,,,
"3.   -  means constituent values less than 6 are suppressed, where elements of an indicator are suppressed the indicator itself is also suppressed. The exception is for measure 2C where values of less than 0.5 have been supressed. This is because the numerator is based on an average of the 12 monthly figures.",,,,,,,,,,,,,,
4.  ..  represents data that is unavailable.,,,,,,,,,,,,,,
"5. 1A, 1B, 1D, 3A, 3B, 3C, 3D, 4A and 4B are based on survey data. The base (i.e. the number of responses on which the outcome is based) should be taken into account when assessing the reliability of the outcome values. Outcomes based on a small base should be treated with caution.",,,,,,,,,,,,,,
"6. 1A, 1B, 3A, 3D, 4A and 4B have been weighted to reflect that a stratified sample was taken and to account for non-response bias. For 1D, 3B and 3C only the national, regional and council type figures have been weighted as stratified sampling was not used. These totals have been weighted to account for differeing response rates in councils.",,,,,,,,,,,,,,
,,,,,,,,,,,,,,
,,,,,,,,,,,,,,
,,,,,,,,,,,,,,
,,,,,,,,,,,,,,
,,,,,,,,,,,,,,
,,,,,,,,,,,,,,
,,,,,,,,,,,,,,
,,,,,,,,,,,,,,
,,,,,,,,,,,,,,
,,,,,,,,,,,,,,
,,,,,,,,,,,,,,
,,,,,,,,,,,,,,
,,,,,,,,,,,,,,
,,,,,,,,,,,,,,
,,,,,,,,,,,,,,
,,,,,,,,,,,,,,
,,,,,,,,,,,,,,
,,,,,,,,,,,,,,
,,,,,,,,,,,,,,
,,,,,,,,,,,,,,
,,,,,,,,,,,,,,
,,,,,,,,,,,,,,
,,,,,,,,,,,,,,
,,,,,,,,,,,,,,
,,,,,,,,,,,,,,
,,,,,,,,,,,,,,
,,,,,,,,,,,,,,
,,,,,,,,,,,,,,
,,,,,,,,,,,,,,
,,,,,,,,,,,,,,
,,,,,,,,,,,,,,
,,,,,,,,,,,,,,
,,,,,,,,,,,,,,
,,,,,,,,,,,,,,
,,,,,,,,,,,,,,
,,,,,,,,,,,,,,
,,,,,,,,,,,,,,
,,,,,,,,,,,,,,
,,,,,,,,,,,,,,
,,,,,,,,,,,,,,
,,,,,,,,,,,,,,
,,,,,,,,,,,,,,
,,,,,,,,,,,,,,
,,,,,,,,,,,,,,
,,,,,,,,,,,,,,
,,,,,,,,,,,,,,
,,,,,,,,,,,,,,
,,,,,,,,,,,,,,
,,,,,,,,,,,,,,
,,,,,,,,,,,,,,
,,,,,,,,,,,,,,
,,,,,,,,,,,,,,
,,,,,,,,,,,,,,
,,,,,,,,,,,,,,
,,,,,,,,,,,,,,
,,,,,,,,,,,,,,
,,,,,,,,,,,,,,
,,,,,,,,,,,,,,
,,,,,,,,,,,,,,
,,,,,,,,,,,,,,
,,,,,,,,,,,,,,
,,,,,,,,,,,,,,
,,,,,,,,,,,,,,
,,,,,,,,,,,,,,
,,,,,,,,,,,,,,
,,,,,,,,,,,,,,
,,,,,,,,,,,,,,
,,,,,,,,,,,,,,
,,,,,,,,,,,,,,
,,,,,,,,,,,,,,
,,,,,,,,,,,,,,
,,,,,,,,,,,,,,
,,,,,,,,,,,,,,
,,,,,,,,,,,,,,
,,,,,,,,,,,,,,
,,,,,,,,,,,,,,
,,,,,,,,,,,,,,
,,,,,,,,,,,,,,
,,,,,,,,,,,,,,
,,,,,,,,,,,,,,
,,,,,,,,,,,,,,
,,,,,,,,,,,,,,
,,,,,,,,,,,,,,
,,,,,,,,,,,,,,
,,,,,,,,,,,,,,
,,,,,,,,,,,,,,
,,,,,,,,,,,,,,
,,,,,,,,,,,,,,
,,,,,,,,,,,,,,
,,,,,,,,,,,,,,
,,,,,,,,,,,,,,
,,,,,,,,,,,,,,
,,,,,,,,,,,,,,
,,,,,,,,,,,,,,
,,,,,,,,,,,,,,
,,,,,,,,,,,,,,
,,,,,,,,,,,,,,
,,,,,,,,,,,,,,
,,,,,,,,,,,,,,
,,,,,,,,,,,,,,
,,,,,,,,,,,,,,
,,,,,,,,,,,,,,
,,,,,,,,,,,,,,
,,,,,,,,,,,,,,
,,,,,,,,,,,,,,
,,,,,,,,,,,,,,
,,,,,,,,,,,,,,
,,,,,,,,,,,,,,
,,,,,,,,,,,,,,
,,,,,,,,,,,,,,
,,,,,,,,,,,,,,
,,,,,,,,,,,,,,
,,,,,,,,,,,,,,
,,,,,,,,,,,,,,
,,,,,,,,,,,,,,
,,,,,,,,,,,,,,
,,,,,,,,,,,,,,
,,,,,,,,,,,,,,
,,,,,,,,,,,,,,
,,,,,,,,,,,,,,
,,,,,,,,,,,,,,
,,,,,,,,,,,,,,
,,,,,,,,,,,,,,
,,,,,,,,,,,,,,
,,,,,,,,,,,,,,
,,,,,,,,,,,,,,
,,,,,,,,,,,,,,
,,,,,,,,,,,,,,
,,,,,,,,,,,,,,
,,,,,,,,,,,,,,
,,,,,,,,,,,,,,
,,,,,,,,,,,,,,
,,,,,,,,,,,,,,
,,,,,,,,,,,,,,
,,,,,,,,,,,,,,
,,,,,,,,,,,,,,
,,,,,,,,,,,,,,
,,,,,,,,,,,,,,
,,,,,,,,,,,,,,
,,,,,,,,,,,,,,
,,,,,,,,,,,,,,
,,,,,,,,,,,,,,
,,,,,,,,,,,,,,
,,,,,,,,,,,,,,
,,,,,,,,,,,,,,
,,,,,,,,,,,,,,
,,,,,,,,,,,,,,
,,,,,,,,,,,,,,
,,,,,,,,,,,,,,
,,,,,,,,,,,,,,
,,,,,,,,,,,,,,
,,,,,,,,,,,,,,
,,,,,,,,,,,,,,
,,,,,,,,,,,,,,
,,,,,,,,,,,,,,
,,,,,,,,,,,,,,
,,,,,,,,,,,,,,
,,,,,,,,,,,,,,
,,,,,,,,,,,,,,
,,,,,,,,,,,,,,
,,,,,,,,,,,,,,
,,,,,,,,,,,,,,
,,,,,,,,,,,,,,
,,,,,,,,,,,,,,
,,,,,,,,,,,,,,
,,,,,,,,,,,,,,
,,,,,,,,,,,,,,
,,,,,,,,,,,,,,
,,,,,,,,,,,,,,
,,,,,,,,,,,,,,
,,,,,,,,,,,,,,
,,,,,,,,,,,,,,
,,,,,,,,,,,,,,
,,,,,,,,,,,,,,
,,,,,,,,,,,,,,
,,,,,,,,,,,,,,
,,,,,,,,,,,,,,
,,,,,,,,,,,,,,
,,,,,,,,,,,,,,
,,,,,,,,,,,,,,
,,,,,,,,,,,,,,
,,,,,,,,,,,,,,
,,,,,,,,,,,,,,
,,,,,,,,,,,,,,
,,,,,,,,,,,,,,
,,,,,,,,,,,,,,
,,,,,,,,,,,,,,
,,,,,,,,,,,,,,
,,,,,,,,,,,,,,
,,,,,,,,,,,,,,
,,,,,,,,,,,,,,
,,,,,,,,,,,,,,
,,,,,,,,,,,,,,
,,,,,,,,,,,,,,
,,,,,,,,,,,,,,
,,,,,,,,,,,,,,
,,,,,,,,,,,,,,
,,,,,,,,,,,,,,
,,,,,,,,,,,,,,
,,,,,,,,,,,,,,
