ASCOF Outcomes 2011-12,Overall satisfaction of people who use services with their care and support,,,,,,,,,,,,,,
,TOTAL,,,MALE,,,FEMALE,,,18 to 64,,,65 and over,,
,3A,3A,3A,3A,3A,3A,3A,3A,3A,3A,3A,3A,3A,3A,3A
,Confidence Interval,Base,Outcome,Confidence Interval,Base,Outcome,Confidence Interval,Base,Outcome,Confidence Interval,Base,Outcome,Confidence Interval,Base,Outcome
,,Total number of respondents to ASCS q1 and Easy Read Adult Social Care questionnaire q1,"Respondents who answered 'I am extremely satisfied' or 'I am very satisfied' or 'I am very happy with the way staff help me, it's really good'  as a percentage of all respondents to the question",,Number of male respondents to ASCS q1 and Easy Read Adult Social Care questionnaire q1,"Male respondents who answered 'I am extremely satisfied' or 'I am very satisfied' or 'I am very happy with the way staff help me, it's really good'  as a percentage of all male respondents to the question",,Number of female respondents to ASCS q1 and Easy Read Adult Social Care questionnaire q1,"Female respondents who answered 'I am extremely satisfied' or 'I am very satisfied' or 'I am very happy with the way staff help me, it's really good'  as a percentage of all female respondents to the question",,Number of respondents (agde 18 to 64) to ASCS q1 and Easy Read Adult Social Care questionnaire q1,"Respondents (aged 18 to 64) who answered 'I am extremely satisfied' or 'I am very satisfied' or 'I am very happy with the way staff help me, it's really good'  as a percentage of all respondents (aged 18 to 64) to the question",,Number of respondents (aged 65 and over) to ASCS q1 and Easy Read Adult Social Care questionnaire q1,"Respondents (aged 65 and over) who answered 'I am extremely satisfied' or 'I am very satisfied' or 'I am very happy with the way staff help me, it's really good'  as a percentage of all respondents to the question"
,,ASCS - question 1 + Easy Read Adult Social Care questionnaire - question 1,"* Outcome is a
   weighted value",,ASCS - question 1 + Easy Read Adult Social Care questionnaire - question 1,"* Outcome is a
   weighted value",,ASCS - question 1 + Easy Read Adult Social Care questionnaire - question 1,"* Outcome is a
   weighted value",,ASCS - question 1 + Easy Read Adult Social Care questionnaire - question 1,"* Outcome is a
   weighted value",,ASCS - question 1 + Easy Read Adult Social Care questionnaire - question 1,"* Outcome is a
   weighted value"
,Confidence Interval,Base,Outcome,MALE Confidence Interval,MALE Base,MALE Outcome,FEMALE Confidence Interval,FEMALE Base,FEMALE Outcome,18 to 64 Confidence Interval,18 to 64 Base,18 to 64 Outcome,65 and over Confidence Interval,65 and over Base,65 and over Outcome
Cumbria,3.8,615,63.7,6.1,240,64.5,5.0,375,63.2,6.1,205,71.2,4.7,410,60.8
Northumberland,4.1,525,66.9,6.5,225,63.8,5.3,300,69.2,6.8,200,69.1,5.1,325,65.7
Gateshead,5.2,320,63.0,9.2,115,58.5,6.4,205,65.5,10.0,85,65.6,6.1,235,61.9
Newcastle upon Tyne,4.4,400,68.6,7.5,150,67.8,5.6,250,69.1,7.7,135,68.0,5.4,265,68.9
North Tyneside,5.0,350,63.3,8.2,120,70.2,6.4,235,59.7,9.0,90,72.5,6.1,260,59.3
South Tyneside,4.7,345,70.5,7.6,120,77.9,6.1,225,66.6,10.0,85,67.0,5.3,260,71.8
Sunderland,4.5,380,71.2,7.1,155,74.4,6.1,225,69.0,7.2,140,75.4,5.8,240,69.2
Hartlepool,4.7,340,70.7,8.7,120,64.7,5.8,220,74.0,9.3,95,66.9,5.4,245,72.5
Middlesbrough,4.5,385,65.5,7.6,145,66.8,6.0,240,64.7,6.1,185,68.8,6.4,200,63.2
Redcar and Cleveland,4.4,410,66.8,7.5,145,69.3,5.6,260,65.4,7.7,135,66.4,5.4,275,66.9
Stockton-on-Tees,4.3,425,69.6,7.4,155,66.3,5.3,270,71.6,6.9,150,72.5,5.4,275,68.1
Durham,4.5,420,62.4,7.4,150,67.9,5.7,270,59.2,8.2,120,68.8,5.4,300,59.2
Darlington,6.3,220,62.5,11.6,70,66.0,7.7,155,60.8,11.9,60,64.6,7.4,160,61.5
Barnsley,5.5,395,65.8,10.5,125,65.8,6.5,270,65.8,11.3,90,68.9,5.1,305,63.6
Doncaster,4.7,435,60.5,7.2,180,63.5,6.4,255,58.5,6.0,215,67.6,6.7,220,55.8
Rotherham,3.4,610,72.5,5.4,245,74.8,4.5,365,70.9,4.9,265,77.0,4.6,345,68.8
Sheffield,4.5,470,60.5,7.6,175,62.3,5.8,295,59.5,7.2,190,66.2,5.8,275,57.8
Bradford,4.6,445,57.7,7.0,195,60.7,6.3,250,55.4,7.4,170,60.5,6.0,275,55.8
Calderdale,5.1,335,65.4,8.9,125,67.4,6.6,210,64.4,7.6,125,69.7,6.4,210,64.1
Kirklees,3.9,575,60.7,6.6,225,55.7,5.0,350,63.8,6.9,170,65.1,4.7,405,59.1
Leeds,4.9,375,63.4,8.0,140,67.5,6.1,235,61.0,9.9,100,60.1,5.6,275,64.5
Wakefield,4.3,455,63.2,7.4,170,64.0,5.4,290,62.8,7.6,145,68.2,5.3,310,60.5
East Riding of Yorkshire,5.6,260,68.0,8.9,95,75.3,7.3,165,63.7,9.7,70,78.3,6.8,190,63.4
Kingston upon Hull,4.1,530,70.1,6.9,195,72.5,5.2,335,68.7,7.8,175,70.7,4.7,350,69.8
North East Lincolnshire,6.2,270,52.1,8.4,170,48.5,10.1,100,59.0,12.6,70,56.5,6.8,200,49.4
North Lincolnshire,3.8,465,71.2,6.5,180,71.5,5.1,285,70.9,6.9,150,72.1,4.6,320,70.7
North Yorkshire,4.1,535,61.6,6.8,190,65.8,5.2,345,59.4,7.9,145,62.1,4.8,390,61.4
York,4.7,385,64.0,8.4,130,65.9,5.7,260,63.0,10.1,75,75.1,5.3,315,60.6
Bolton,4.6,425,58.4,7.4,165,62.6,6.0,255,55.9,6.5,215,59.1,6.4,205,57.8
Bury,4.5,335,68.1,7.7,120,71.9,5.8,215,66.0,7.3,105,78.1,5.6,230,63.6
Manchester,4.9,385,58.5,7.5,170,62.0,6.6,215,55.8,7.4,160,58.9,6.4,225,58.2
Oldham,6.0,265,58.0,9.7,115,55.8,7.9,150,59.5,8.9,135,58.3,8.2,130,57.7
Rochdale,4.9,365,63.9,7.4,165,65.8,6.6,200,62.4,8.2,145,60.3,6.0,220,66.5
Salford,3.9,555,67.9,6.5,220,67.2,5.1,340,68.3,6.5,210,67.3,4.9,345,68.1
Stockport,4.8,370,68.0,7.8,145,68.2,6.1,230,67.9,8.0,120,70.1,6.0,250,67.0
Tameside,4.4,395,67.4,7.6,155,67.4,5.6,245,67.4,8.0,115,69.8,5.3,285,66.4
Trafford,4.8,365,64.6,8.7,130,57.9,5.9,235,68.4,8.5,115,69.3,5.9,245,61.9
Wigan,4.5,415,62.8,8.0,145,61.8,5.6,270,63.3,8.4,115,67.5,5.3,300,60.7
Knowsley,4.1,495,65.7,6.6,205,68.7,5.7,290,63.6,6.5,185,72.0,5.3,310,62.0
Liverpool,4.9,360,63.6,7.4,160,62.8,6.7,200,64.4,7.2,150,66.9,6.7,210,61.2
Sefton,3.8,490,73.2,6.5,185,69.5,4.8,305,75.6,7.2,120,76.6,4.4,365,71.4
St. Helens,4.5,385,70.3,7.6,140,69.9,5.6,245,70.5,9.1,100,67.3,5.2,285,71.5
Wirral,7.2,230,61.4,13.1,70,60.1,8.9,155,62.0,12.6,60,63.7,7.7,165,59.2
Halton,4.6,330,69.2,8.5,105,69.3,5.7,225,69.2,9.5,75,73.5,5.2,255,67.7
Warrington,4.6,375,65.6,7.8,135,68.0,6.0,240,64.3,7.3,145,71.0,6.0,230,61.9
Lancashire,4.8,355,73.2,7.7,140,73.2,6.1,215,73.2,8.2,120,72.1,5.7,230,74.0
Blackburn with Darwen,4.0,435,66.4,7.2,170,64.7,5.4,265,67.6,8.0,125,66.9,4.7,305,66.2
Blackpool,4.4,425,63.1,7.4,165,59.1,5.6,260,65.6,7.6,140,62.6,5.4,285,63.3
Cheshire East,4.6,415,65.4,7.4,170,63.7,6.1,245,66.4,6.7,175,68.7,6.3,240,63.1
Cheshire West and Chester,3.7,700,66.5,6.1,280,67.1,4.8,420,66.1,4.6,395,69.9,5.3,305,64.3
Warwickshire,4.5,470,62.4,7.5,170,66.8,5.7,300,60.3,6.5,185,69.4,5.7,285,59.6
Birmingham,5.2,355,53.5,8.9,125,51.6,6.4,230,54.5,8.8,125,55.6,6.4,230,52.5
Coventry,4.7,385,62.8,8.1,140,63.7,5.9,250,62.4,8.1,125,66.5,5.7,265,61.0
Dudley,3.4,825,67.4,5.7,325,66.8,4.3,500,67.7,5.5,310,65.0,4.1,515,68.1
Sandwell,5.2,400,56.7,9.1,140,57.5,6.5,265,56.3,11.4,85,53.8,5.3,315,58.2
Solihull,2.9,865,61.2,5.2,335,57.4,3.8,530,63.4,4.3,370,63.8,3.8,495,59.9
Walsall,3.9,555,62.6,6.6,225,59.4,5.2,330,64.8,8.9,105,67.5,4.1,450,60.5
Wolverhampton,4.6,390,65.1,7.5,150,67.3,6.0,240,63.7,8.7,105,67.8,5.4,280,63.8
Staffordshire,4.3,455,67.4,7.5,155,65.3,5.3,300,68.4,7.4,140,73.5,5.3,315,64.8
Stoke-on-Trent,5.2,350,65.4,8.4,140,69.2,6.9,215,62.9,8.9,135,63.6,6.2,215,66.8
Herefordshire,4.5,360,67.3,7.4,150,67.5,6.0,215,67.1,8.5,105,67.5,5.4,260,67.2
Worcestershire,4.3,460,63.5,6.9,175,68.3,5.6,285,60.7,7.3,155,66.6,5.4,300,62.0
Shropshire,4.2,465,66.4,6.9,185,64.4,5.4,280,67.8,6.6,195,66.1,5.5,270,66.7
Telford and the Wrekin,5.0,355,66.4,8.6,125,68.6,6.3,230,65.2,8.3,120,64.9,6.2,230,67.3
Lincolnshire,5.0,345,62.7,8.9,115,64.9,6.2,230,61.6,9.0,100,68.1,6.1,245,60.7
Northamptonshire,4.9,390,62.8,8.2,150,60.4,6.3,240,64.4,8.9,120,65.2,5.8,275,61.5
Derbyshire,6.5,245,68.9,11.9,90,65.0,7.8,155,70.6,9.4,125,56.0,8.1,120,73.1
Derby,4.2,445,63.8,7.0,175,64.7,5.6,270,63.1,7.5,145,66.4,5.0,300,62.0
Leicestershire,5.0,360,58.4,8.3,125,59.7,6.4,235,57.6,8.5,120,64.6,6.2,240,55.4
Leicester,4.1,490,59.8,7.0,175,64.1,5.3,310,57.4,6.3,195,69.8,5.5,295,53.1
Rutland,4.4,185,72.0,9.7,75,66.3,6.5,115,75.7,7.4,55,78.8,5.5,130,69.1
Nottinghamshire,4.5,430,64.4,7.8,150,64.6,5.6,280,64.4,7.7,150,67.6,5.7,280,63.0
Nottingham,5.1,335,59.1,8.6,125,59.2,6.7,205,58.9,8.3,120,65.9,6.6,210,55.6
Hertfordshire,4.6,305,61.9,9.3,100,60.8,5.9,205,62.5,8.9,85,65.5,5.5,215,60.3
Norfolk,5.0,365,60.8,8.2,135,63.6,6.4,225,59.2,8.2,135,63.8,6.2,230,59.5
Oxfordshire,4.0,515,62.7,6.8,200,60.6,5.1,315,64.0,6.4,205,61.8,5.2,310,63.2
Suffolk,3.6,735,60.9,6.1,265,62.9,4.5,470,59.9,5.9,275,60.1,4.5,460,61.1
Luton,5.2,340,57.4,9.1,120,59.5,6.5,220,56.2,8.5,130,51.8,6.6,210,60.9
Buckinghamshire,4.9,390,53.9,7.9,155,52.3,6.4,235,55.0,9.4,105,59.4,5.7,285,51.6
Milton Keynes,5.6,330,58.6,9.5,130,60.5,7.0,205,57.5,9.9,130,60.6,6.7,200,57.4
Bracknell Forest,3.3,570,63.8,5.8,240,61.4,4.6,330,65.3,5.0,255,63.3,4.3,315,64.1
West Berkshire,4.1,505,61.4,7.3,180,61.8,5.1,330,61.2,7.2,180,61.5,5.0,325,61.3
Reading,4.5,380,56.9,7.5,160,51.9,6.0,220,60.8,7.6,140,58.2,5.6,240,56.0
Slough,4.2,470,54.0,7.2,190,54.9,5.6,280,53.4,6.0,225,54.8,5.6,245,53.2
Windsor and Maidenhead,4.7,305,63.3,8.3,120,64.5,6.4,185,62.4,6.6,160,66.7,6.8,145,58.5
Wokingham,4.4,340,67.6,7.5,135,69.5,6.0,205,66.3,6.7,150,69.6,5.9,190,65.9
Essex,3.1,905,60.4,5.3,320,60.8,3.9,585,60.2,4.8,335,67.2,4.0,565,57.4
Southend-on-Sea,4.4,420,61.0,7.9,140,61.9,5.5,280,60.6,8.2,115,66.0,5.2,305,59.1
Thurrock,4.5,450,60.9,8.3,165,62.9,5.7,290,60.0,7.7,165,62.1,5.4,285,60.5
Cambridgeshire,4.3,495,58.6,7.4,170,54.6,5.3,325,60.7,8.0,140,60.5,5.0,355,57.6
Peterborough,5.0,360,60.2,8.0,140,61.0,6.6,220,59.6,9.3,95,67.3,5.9,270,56.4
Bedford,4.3,415,62.5,7.3,160,62.5,5.8,255,62.1,7.5,145,61.1,5.2,270,63.0
Central Bedfordshire,5.4,295,64.4,9.8,95,61.4,6.7,195,65.8,9.4,95,68.1,6.7,195,62.5
Camden,4.5,425,56.5,7.1,185,56.8,6.2,240,56.5,6.4,215,57.6,6.4,210,55.6
Greenwich,5.0,350,58.6,8.5,130,58.8,6.4,220,58.5,8.0,140,55.8,6.4,210,61.1
Hackney,4.9,350,59.8,7.8,155,54.4,6.5,195,64.1,7.3,160,60.3,6.7,190,59.5
Hammersmith and Fulham,4.9,355,54.2,7.9,145,59.4,6.7,210,50.7,8.1,135,58.6,6.3,220,51.6
Islington,5.0,345,57.2,8.1,140,56.1,6.6,205,58.0,7.2,160,62.3,6.8,185,52.4
Kensington and Chelsea,4.0,515,65.1,7.0,185,67.1,5.9,255,64.3,5.7,255,65.5,5.5,265,64.8
Lambeth,5.1,350,55.2,7.8,150,55.9,6.9,200,54.7,7.3,165,55.5,7.1,185,55.0
Lewisham,4.6,535,56.9,7.1,225,49.2,6.1,310,62.2,6.1,270,54.4,6.7,265,58.9
Southwark,4.9,370,49.4,7.4,165,47.7,6.8,205,50.7,7.2,175,45.4,6.7,195,52.4
Tower Hamlets,4.2,415,65.2,6.6,195,60.1,5.9,220,69.8,7.5,140,59.6,5.1,275,68.5
Wandsworth,2.7,940,60.8,4.5,375,64.3,3.7,565,58.5,4.0,405,62.9,3.6,530,59.3
Westminster,5.0,355,51.7,8.3,140,53.0,6.6,210,50.7,8.0,140,55.1,6.5,210,49.0
City of London,8.0,65,59.7,12.2,40,66.1,15.9,30,52.1,11.3,30,56.5,11.0,35,62.7
Barking and Dagenham,4.9,365,59.2,7.7,155,52.6,6.4,205,64.3,8.2,130,57.4,6.0,230,60.2
Barnet,4.1,515,54.0,6.4,215,57.6,5.5,300,51.5,6.5,205,53.9,5.2,310,54.1
Bexley,6.2,295,60.8,9.8,95,62.8,8.1,200,59.6,9.0,110,57.8,8.4,185,62.5
Brent,7.0,230,48.5,10.9,95,47.8,9.2,135,49.0,8.2,140,46.4,10.5,90,50.1
Bromley,3.8,545,62.0,6.5,205,60.8,4.9,340,62.7,6.9,165,62.6,4.5,380,61.7
Croydon,4.6,410,53.9,7.5,165,50.8,6.1,250,56.1,7.2,165,53.9,6.1,245,53.9
Ealing,5.2,355,54.9,8.4,140,60.9,6.8,215,50.7,10.5,90,55.7,5.9,265,54.5
Enfield,4.5,455,66.2,7.9,165,63.4,5.7,295,67.8,7.5,155,67.9,5.7,300,65.2
Haringey,6.4,445,43.6,8.5,220,41.2,9.7,225,45.9,5.4,310,50.1,11.4,135,37.5
Harrow,6.0,270,50.7,11.3,85,51.6,7.3,185,50.3,11.1,70,60.6,7.0,200,47.9
Havering,5.2,335,57.7,9.7,100,58.8,6.3,235,57.3,9.1,110,59.0,6.4,225,57.2
Hillingdon,4.0,535,55.9,6.6,200,63.4,5.3,335,51.5,6.6,180,62.2,5.0,355,53.5
Hounslow,4.9,345,55.4,8.1,140,56.4,6.6,205,54.7,7.1,165,59.9,7.0,180,51.5
Kingston upon Thames,5.3,285,58.9,9.2,110,51.2,6.9,175,63.6,8.1,125,52.6,7.1,155,63.8
Merton,4.5,415,56.5,7.2,175,61.1,6.1,245,53.4,6.5,205,62.1,6.3,215,51.8
Newham,4.6,420,58.7,7.3,185,60.4,6.2,235,57.4,6.2,220,61.6,6.5,205,56.7
Redbridge,3.2,590,77.7,5.7,215,75.2,4.0,375,79.1,5.7,190,77.9,3.9,405,77.6
Richmond upon Thames,4.1,410,58.0,7.4,155,58.8,5.5,255,57.5,6.9,140,62.2,5.2,270,55.7
Sutton,4.0,445,63.0,7.2,165,62.3,5.2,275,63.3,6.5,175,66.7,5.1,270,60.7
Waltham Forest,4.6,395,48.1,7.7,160,50.6,6.1,240,46.4,7.4,160,53.8,6.0,235,44.0
Isle of Wight,4.0,385,72.1,7.5,125,73.0,5.2,260,71.7,7.3,100,80.2,4.9,285,68.8
Surrey,3.5,685,66.3,5.7,260,69.8,4.5,430,64.1,5.7,230,72.3,4.4,455,63.1
West Sussex,4.7,385,67.5,8.3,135,63.4,5.8,250,69.6,7.1,155,69.7,6.1,230,66.2
Dorset,5.3,280,68.5,9.5,100,62.4,6.5,180,71.9,10.0,90,62.9,6.3,190,70.9
Bournemouth,4.9,345,59.9,8.4,130,63.0,6.5,215,58.0,8.6,115,62.5,6.1,225,58.5
Poole,4.7,345,65.0,9.1,110,58.3,5.7,230,68.4,9.1,95,64.7,5.4,245,65.2
Hampshire,4.7,390,64.9,7.8,150,65.8,6.1,245,64.3,7.7,140,65.8,6.0,255,64.5
Portsmouth,4.3,440,64.3,7.2,160,67.3,5.4,275,62.7,6.3,195,66.0,5.7,245,63.2
Southampton,3.8,565,67.6,6.1,230,67.3,5.1,340,67.7,6.4,170,73.7,4.7,395,64.1
East Sussex,4.0,525,65.4,6.6,195,68.6,5.2,330,63.5,7.8,135,69.9,4.7,390,63.6
Brighton and Hove,4.9,340,62.4,8.1,135,65.1,6.5,205,60.8,7.7,130,67.0,6.4,215,60.1
Wiltshire,4.6,385,68.0,7.9,125,73.7,5.8,260,65.2,7.4,135,76.5,5.9,250,63.1
Swindon,5.0,335,62.3,8.3,120,68.0,6.6,215,59.0,8.6,120,57.8,6.1,220,65.5
Kent,3.2,905,57.7,5.9,275,59.9,3.8,630,56.8,6.3,225,62.3,3.7,680,55.7
Medway Towns,4.5,435,60.8,8.3,145,62.7,5.8,290,59.9,7.9,125,64.1,5.6,305,59.4
Cornwall,4.7,390,65.3,8.3,140,62.1,5.7,250,67.2,9.1,95,70.3,5.6,290,63.0
Gloucestershire,4.6,410,61.0,8.0,145,60.0,5.9,265,61.5,9.5,100,65.5,5.3,310,59.4
Somerset,4.4,470,62.8,7.1,180,64.5,5.7,290,61.6,7.7,160,63.1,5.3,310,62.6
Isles of Scilly,..,..,..,..,..,..,..,..,..,..,..,..,..,..,..
Bath and North East Somerset,4.3,430,63.1,7.8,155,61.4,5.5,275,64.0,6.8,175,62.6,5.6,255,63.4
Bristol,5.8,320,60.3,9.3,115,66.1,7.5,205,56.8,10.1,95,65.4,6.9,225,56.9
North Somerset,4.6,330,69.9,8.3,115,64.7,5.8,215,72.4,7.7,120,69.7,5.9,210,69.8
South Gloucestershire,4.3,435,67.1,7.3,155,70.7,5.5,280,65.1,7.6,130,72.2,5.2,305,64.6
Devon,4.3,495,63.0,7.2,190,61.4,5.5,305,64.0,7.1,190,62.0,5.4,310,63.7
Plymouth,3.8,505,70.3,6.2,205,68.8,5.0,300,71.3,6.3,165,76.7,4.7,340,67.3
Torbay,4.6,540,64.4,8.5,185,61.5,5.7,355,66.0,9.1,150,60.6,4.4,385,67.4
,,,,,,,,,,,,,,,
TOTAL,0.5,"63,870",62.8,0.8,"24,285",63.2,0.6,"39,490",62.6,0.8,"22,890",64.8,0.6,"40,965",61.8
Number of councils the national total is based on,151,151,151,151,151,151,151,151,151,151,151,151,151,151,151
,,,,,,,,,,,,,,,
Shire Counties,1.0,"12,910",63.3,1.6,"4,680",63.9,1.2,"8,230",63.0,1.7,"4,265",65.6,1.2,"8,645",62.3
Unitary Authorities,0.7,"22,015",64.7,1.2,"8,265",65.6,0.9,"13,740",64.2,1.2,"7,725",67.4,0.9,"14,280",63.2
Metropolitan Districts,0.9,"15,500",63.5,1.4,"5,955",63.9,1.1,"9,545",63.3,1.5,"5,290",65.5,1.0,"10,210",62.4
Inner London,1.4,"5,370",57.3,2.2,"2,235",56.3,1.9,"3,060",57.9,2.1,"2,400",57.4,1.9,"2,970",57.2
Outer London,1.2,"8,070",57.1,1.9,"3,155",57.1,1.5,"4,915",57.1,1.8,"3,210",58.3,1.5,"4,865",56.4
,,,,,,,,,,,,,,,
North East,1.4,"4,530",66.8,2.3,"1,670",67.7,1.8,"2,860",66.3,2.5,"1,485",69.1,1.7,"3,045",65.7
North West,1.3,"9,475",66.4,2.1,"3,685",66.3,1.6,"5,790",66.6,2.3,"3,435",67.9,1.4,"6,040",65.5
Yorkshire and the Humber,1.3,"6,535",63.4,2.1,"2,535",65.3,1.6,"4,005",62.3,2.2,"2,155",67.2,1.6,"4,380",61.6
East Midlands,2.2,"3,225",63.7,3.6,"1,180",63.2,2.8,"2,035",63.9,3.2,"1,125",64.7,2.8,"2,090",63.3
West Midlands,1.4,"6,695",63.3,2.3,"2,530",63.5,1.7,"4,160",63.2,2.4,"2,260",65.1,1.7,"4,430",62.5
South West,1.4,"6,010",64.4,2.3,"2,170",64.6,1.8,"3,840",64.2,2.4,"1,935",66.0,1.7,"4,075",63.5
Eastern,1.6,"5,080",60.5,2.8,"1,810",61.2,2.1,"3,270",60.1,2.7,"1,720",63.0,2.1,"3,360",59.4
London,0.9,"13,445",57.2,1.4,"5,385",56.8,1.2,"7,975",57.4,1.4,"5,605",57.9,1.2,"7,835",56.7
South East,1.3,"8,870",61.6,2.2,"3,320",62.8,1.7,"5,550",60.9,2.3,"3,160",65.2,1.6,"5,715",59.8
,,,,,,,,,,,,,,,
,,,,,,,,,,,,,,,
Note,,,,,,,,,,,,,,,
1. Caution should be taken when comparing data historically please refer to the notes in the cover sheet.,,,,,,,,,,,,,,,
2. Numerator and denominator values used to calculate the indicator are rounded to the nearest 5.,,,,,,,,,,,,,,,
"3.   -  means constituent values less than 6 are suppressed, where elements of an indicator are suppressed the indicator itself is also suppressed. The exception is for measure 2C where values of less than 0.5 have been supressed. This is because the numerator is based on an average of the 12 monthly figures.",,,,,,,,,,,,,,,
4.  ..  represents data that is unavailable.,,,,,,,,,,,,,,,
"5. 1A, 1B, 1D, 3A, 3B, 3C, 3D, 4A and 4B are based on survey data. The base (i.e. the number of responses on which the outcome is based) should be taken into account when assessing the reliability of the outcome values. Outcomes based on a small base should be treated with caution.",,,,,,,,,,,,,,,
"6. 1A, 1B, 3A, 3D, 4A and 4B have been weighted to reflect that a stratified sample was taken and to account for non-response bias. For 1D, 3B and 3C only the national, regional and council type figures have been weighted as stratified sampling was not used. These totals have been weighted to account for differeing response rates in councils.",,,,,,,,,,,,,,,
,,,,,,,,,,,,,,,
,,,,,,,,,,,,,,,
,,,,,,,,,,,,,,,
,,,,,,,,,,,,,,,
,,,,,,,,,,,,,,,
,,,,,,,,,,,,,,,
,,,,,,,,,,,,,,,
,,,,,,,,,,,,,,,
,,,,,,,,,,,,,,,
,,,,,,,,,,,,,,,
,,,,,,,,,,,,,,,
,,,,,,,,,,,,,,,
,,,,,,,,,,,,,,,
,,,,,,,,,,,,,,,
,,,,,,,,,,,,,,,
,,,,,,,,,,,,,,,
,,,,,,,,,,,,,,,
,,,,,,,,,,,,,,,
,,,,,,,,,,,,,,,
,,,,,,,,,,,,,,,
,,,,,,,,,,,,,,,
,,,,,,,,,,,,,,,
,,,,,,,,,,,,,,,
,,,,,,,,,,,,,,,
,,,,,,,,,,,,,,,
,,,,,,,,,,,,,,,
,,,,,,,,,,,,,,,
,,,,,,,,,,,,,,,
,,,,,,,,,,,,,,,
,,,,,,,,,,,,,,,
,,,,,,,,,,,,,,,
,,,,,,,,,,,,,,,
,,,,,,,,,,,,,,,
,,,,,,,,,,,,,,,
,,,,,,,,,,,,,,,
,,,,,,,,,,,,,,,
,,,,,,,,,,,,,,,
,,,,,,,,,,,,,,,
,,,,,,,,,,,,,,,
,,,,,,,,,,,,,,,
,,,,,,,,,,,,,,,
,,,,,,,,,,,,,,,
,,,,,,,,,,,,,,,
,,,,,,,,,,,,,,,
,,,,,,,,,,,,,,,
,,,,,,,,,,,,,,,
,,,,,,,,,,,,,,,
,,,,,,,,,,,,,,,
,,,,,,,,,,,,,,,
,,,,,,,,,,,,,,,
,,,,,,,,,,,,,,,
,,,,,,,,,,,,,,,
,,,,,,,,,,,,,,,
,,,,,,,,,,,,,,,
,,,,,,,,,,,,,,,
,,,,,,,,,,,,,,,
,,,,,,,,,,,,,,,
,,,,,,,,,,,,,,,
,,,,,,,,,,,,,,,
,,,,,,,,,,,,,,,
,,,,,,,,,,,,,,,
,,,,,,,,,,,,,,,
,,,,,,,,,,,,,,,
,,,,,,,,,,,,,,,
,,,,,,,,,,,,,,,
,,,,,,,,,,,,,,,
,,,,,,,,,,,,,,,
,,,,,,,,,,,,,,,
,,,,,,,,,,,,,,,
,,,,,,,,,,,,,,,
,,,,,,,,,,,,,,,
,,,,,,,,,,,,,,,
,,,,,,,,,,,,,,,
,,,,,,,,,,,,,,,
,,,,,,,,,,,,,,,
,,,,,,,,,,,,,,,
,,,,,,,,,,,,,,,
,,,,,,,,,,,,,,,
,,,,,,,,,,,,,,,
,,,,,,,,,,,,,,,
,,,,,,,,,,,,,,,
,,,,,,,,,,,,,,,
,,,,,,,,,,,,,,,
,,,,,,,,,,,,,,,
,,,,,,,,,,,,,,,
,,,,,,,,,,,,,,,
,,,,,,,,,,,,,,,
,,,,,,,,,,,,,,,
,,,,,,,,,,,,,,,
,,,,,,,,,,,,,,,
,,,,,,,,,,,,,,,
,,,,,,,,,,,,,,,
,,,,,,,,,,,,,,,
,,,,,,,,,,,,,,,
,,,,,,,,,,,,,,,
,,,,,,,,,,,,,,,
,,,,,,,,,,,,,,,
,,,,,,,,,,,,,,,
,,,,,,,,,,,,,,,
,,,,,,,,,,,,,,,
,,,,,,,,,,,,,,,
,,,,,,,,,,,,,,,
,,,,,,,,,,,,,,,
,,,,,,,,,,,,,,,
,,,,,,,,,,,,,,,
,,,,,,,,,,,,,,,
,,,,,,,,,,,,,,,
,,,,,,,,,,,,,,,
,,,,,,,,,,,,,,,
,,,,,,,,,,,,,,,
,,,,,,,,,,,,,,,
,,,,,,,,,,,,,,,
,,,,,,,,,,,,,,,
,,,,,,,,,,,,,,,
,,,,,,,,,,,,,,,
,,,,,,,,,,,,,,,
,,,,,,,,,,,,,,,
,,,,,,,,,,,,,,,
,,,,,,,,,,,,,,,
,,,,,,,,,,,,,,,
,,,,,,,,,,,,,,,
,,,,,,,,,,,,,,,
,,,,,,,,,,,,,,,
,,,,,,,,,,,,,,,
,,,,,,,,,,,,,,,
,,,,,,,,,,,,,,,
,,,,,,,,,,,,,,,
,,,,,,,,,,,,,,,
,,,,,,,,,,,,,,,
,,,,,,,,,,,,,,,
,,,,,,,,,,,,,,,
,,,,,,,,,,,,,,,
,,,,,,,,,,,,,,,
,,,,,,,,,,,,,,,
,,,,,,,,,,,,,,,
,,,,,,,,,,,,,,,
,,,,,,,,,,,,,,,
,,,,,,,,,,,,,,,
,,,,,,,,,,,,,,,
,,,,,,,,,,,,,,,
,,,,,,,,,,,,,,,
,,,,,,,,,,,,,,,
,,,,,,,,,,,,,,,
,,,,,,,,,,,,,,,
,,,,,,,,,,,,,,,
,,,,,,,,,,,,,,,
,,,,,,,,,,,,,,,
,,,,,,,,,,,,,,,
,,,,,,,,,,,,,,,
,,,,,,,,,,,,,,,
,,,,,,,,,,,,,,,
,,,,,,,,,,,,,,,
,,,,,,,,,,,,,,,
,,,,,,,,,,,,,,,
,,,,,,,,,,,,,,,
,,,,,,,,,,,,,,,
,,,,,,,,,,,,,,,
,,,,,,,,,,,,,,,
,,,,,,,,,,,,,,,
,,,,,,,,,,,,,,,
,,,,,,,,,,,,,,,
,,,,,,,,,,,,,,,
,,,,,,,,,,,,,,,
,,,,,,,,,,,,,,,
,,,,,,,,,,,,,,,
,,,,,,,,,,,,,,,
,,,,,,,,,,,,,,,
,,,,,,,,,,,,,,,
,,,,,,,,,,,,,,,
,,,,,,,,,,,,,,,
,,,,,,,,,,,,,,,
,,,,,,,,,,,,,,,
,,,,,,,,,,,,,,,
,,,,,,,,,,,,,,,
,,,,,,,,,,,,,,,
,,,,,,,,,,,,,,,
,,,,,,,,,,,,,,,
,,,,,,,,,,,,,,,
,,,,,,,,,,,,,,,
,,,,,,,,,,,,,,,
,,,,,,,,,,,,,,,
,,,,,,,,,,,,,,,
,,,,,,,,,,,,,,,
,,,,,,,,,,,,,,,
,,,,,,,,,,,,,,,
,,,,,,,,,,,,,,,
,,,,,,,,,,,,,,,
,,,,,,,,,,,,,,,
,,,,,,,,,,,,,,,
,,,,,,,,,,,,,,,
,,,,,,,,,,,,,,,
,,,,,,,,,,,,,,,
,,,,,,,,,,,,,,,
,,,,,,,,,,,,,,,
,,,,,,,,,,,,,,,
,,,,,,,,,,,,,,,
,,,,,,,,,,,,,,,
,,,,,,,,,,,,,,,
,,,,,,,,,,,,,,,
,,,,,,,,,,,,,,,
