ASCOF Outcomes 2011-12,Proportion of people who use services who feel safe,,,,,,,,,,,,,,
,TOTAL,,,MALE,,,FEMALE,,,18 to 64,,,65 and over,,
,4A,4A,4A,4A,4A,4A,4A,4A,4A,4A,4A,4A,4A,4A,4A
,Confidence Interval,Base,Outcome,Confidence Interval,Base,Outcome,Confidence Interval,Base,Outcome,Confidence Interval,Base,Outcome,Confidence Interval,Base,Outcome
,,,,,,,,,,,,,,,
,,Number of respondents that have answered question 7a,Respondents who answered 'I feel as safe as I want' as a percentage of all respondents to question 7a,,Number of male respondents that have answered question 7a,Male respondents who answered 'I feel as safe as I want' as a percentage of all male respondents to question 7a,,Number of female respondents that have answered question 7a,Female respondents who answered 'I feel as safe as I want' as a percentage of all female respondents to question 7a,,Number of respondents (aged 18 to 64) that have answered question 7a,Respondents (aged 18 to 64) who answered 'I feel as safe as I want' as a percentage of all respondents (aged 18 to 64) to question 7a,,Number of respondents (aged 65 and over) that have answered question 7a,Respondents (aged 65 and over) who answered 'I feel as safe as I want' as a percentage of all respondents  (aged 65 and over) to question 7a
,,ASCS - question 7a,"* Outcome is a
   weighted value",,ASCS - question 7a,"* Outcome is a
   weighted value",,ASCS - question 7a,"* Outcome is a
   weighted value",,ASCS - question 7a,"* Outcome is a
   weighted value",,ASCS - question 7a,"* Outcome is a
   weighted value"
,Confidence Interval,Base,Outcome,MALE Confidence Interval,MALE Base,MALE Outcome,FEMALE Confidence Interval,FEMALE Base,FEMALE Outcome,18 to 64 Confidence Interval,18 to 64 Base,18 to 64 Outcome,65 and over Confidence Interval,65 and over Base,65 and over Outcome
Cumbria,3.3,610,69.7,5.9,235,66.9,4.1,375,71.3,6.1,215,65.7,4.0,400,71.3
Northumberland,4.0,525,66.3,6.3,225,66.4,5.3,300,66.3,7.2,200,57.9,4.8,325,70.8
Gateshead,4.8,320,72.0,8.4,110,70.8,6.0,210,72.7,9.9,90,64.3,5.4,235,75.3
Newcastle upon Tyne,4.1,405,71.7,6.9,150,73.2,5.2,255,70.8,7.3,135,63.9,4.9,270,75.6
North Tyneside,4.4,345,70.6,7.9,115,73.8,5.5,230,68.9,9.0,90,64.8,5.0,255,73.2
South Tyneside,4.3,350,69.6,7.3,120,75.0,5.4,230,66.8,9.9,85,61.1,4.6,260,72.8
Sunderland,4.3,380,70.8,6.6,155,75.8,5.9,225,67.5,7.3,140,72.4,5.4,240,70.1
Hartlepool,4.8,340,62.8,8.7,120,63.4,5.9,220,62.5,9.4,95,51.0,5.5,240,68.7
Middlesbrough,4.2,385,68.2,6.7,145,74.5,5.6,240,64.5,6.2,185,64.1,5.6,200,70.8
Redcar and Cleveland,4.3,410,63.8,7.4,150,63.8,5.4,260,63.8,7.8,130,59.1,5.1,275,65.9
Stockton-on-Tees,4.3,425,64.0,7.2,155,65.2,5.4,275,63.3,7.5,150,59.9,5.2,275,66.1
Durham,4.3,415,67.5,7.2,150,65.6,5.5,265,68.6,8.3,120,63.2,5.0,295,69.6
Darlington,5.8,220,68.5,10.6,65,69.2,7.1,150,68.2,11.6,60,67.9,6.6,155,68.8
Barnsley,5.7,395,63.6,10.6,125,54.1,6.5,270,69.5,12.1,90,58.1,4.7,310,67.6
Doncaster,4.1,440,62.3,6.7,185,57.7,5.4,255,65.2,5.9,215,59.0,5.6,225,64.5
Rotherham,3.6,590,60.7,5.8,235,61.6,4.7,355,60.2,5.5,260,56.4,4.7,330,64.3
Sheffield,4.3,460,65.1,7.4,175,62.4,5.3,285,66.7,7.4,185,54.8,5.3,275,70.0
Bradford,4.2,440,64.9,6.6,190,66.5,5.6,250,63.7,7.0,170,69.9,5.3,270,61.6
Calderdale,5.0,330,67.8,8.5,125,68.7,6.4,210,67.4,7.5,125,70.7,6.2,205,66.9
Kirklees,3.8,575,53.9,6.4,225,60.8,4.9,350,49.6,6.6,175,64.2,4.7,400,50.2
Leeds,4.6,375,62.7,7.7,140,69.8,5.8,235,58.6,10.1,100,58.0,5.2,275,64.3
Wakefield,4.1,460,62.1,7.0,170,60.0,5.3,290,63.4,7.6,150,54.0,4.9,315,66.5
East Riding of Yorkshire,5.2,260,70.6,8.6,95,76.9,6.7,170,67.1,10.7,70,67.7,6.0,190,71.9
Kingston upon Hull,4.2,530,61.3,7.4,200,61.1,5.3,330,61.4,8.3,180,55.0,4.9,350,64.4
North East Lincolnshire,5.5,250,63.4,7.2,155,69.1,9.8,95,53.0,12.8,65,48.5,4.5,185,72.4
North Lincolnshire,3.8,465,68.9,6.5,180,70.7,5.1,285,67.8,7.2,150,66.9,4.6,315,69.9
North Yorkshire,3.8,535,64.8,6.4,185,69.0,4.8,345,62.6,7.7,140,63.5,4.4,390,65.3
York,4.6,395,63.7,7.9,135,67.9,5.8,260,61.5,10.6,75,68.0,5.1,320,62.5
Bolton,4.4,420,62.3,7.5,165,64.3,5.7,255,61.1,6.4,215,63.6,6.1,205,61.1
Bury,3.4,335,86.3,4.3,120,93.3,4.7,215,82.3,4.0,105,94.3,4.5,230,82.6
Manchester,4.5,385,62.1,7.0,170,64.9,6.0,215,59.8,7.4,160,52.8,5.7,225,69.0
Oldham,5.8,260,65.7,9.4,115,65.9,7.7,145,65.5,8.9,135,59.5,7.6,125,71.8
Rochdale,4.6,370,60.0,7.5,165,57.2,5.9,205,62.2,7.9,145,52.4,5.5,225,65.4
Salford,4.0,565,62.1,6.6,220,61.7,5.1,345,62.4,6.5,215,55.7,5.0,350,65.4
Stockport,4.9,370,62.2,8.3,145,57.6,6.0,225,65.2,8.3,125,58.1,6.1,250,64.2
Tameside,4.4,400,62.9,7.5,155,58.8,5.6,245,65.6,8.7,115,53.4,5.0,285,67.4
Trafford,4.8,360,60.6,8.3,125,61.5,6.1,235,60.1,9.0,115,59.7,5.7,250,61.1
Wigan,4.3,410,63.1,8.0,135,60.5,5.2,275,64.5,8.6,115,61.8,5.0,295,63.7
Knowsley,3.7,490,72.6,6.2,205,72.3,5.0,285,72.9,6.2,185,75.5,4.7,305,70.8
Liverpool,4.7,350,68.2,7.4,155,64.2,6.2,195,71.5,7.2,150,64.8,6.2,205,70.8
Sefton,4.1,490,61.2,6.9,185,64.4,5.2,305,59.1,8.0,120,62.2,4.6,365,60.7
St. Helens,4.4,390,63.2,7.8,140,58.0,5.5,250,66.2,9.2,100,47.0,5.0,290,69.5
Wirral,6.9,230,61.0,12.7,70,61.4,8.4,155,60.9,11.6,65,63.4,7.8,165,58.7
Halton,4.6,335,66.2,9.4,105,62.2,5.5,230,68.1,10.1,75,69.8,5.2,260,65.0
Warrington,4.3,360,65.4,8.1,130,60.2,5.3,230,68.2,7.6,140,54.0,5.1,220,73.5
Lancashire,4.9,350,69.7,8.1,140,67.3,6.1,215,71.4,8.7,125,64.5,5.6,230,73.6
Blackburn with Darwen,3.7,435,67.2,6.6,170,66.6,5.0,265,67.6,7.5,125,63.9,4.3,305,68.6
Blackpool,4.1,420,64.9,6.8,165,64.3,5.4,260,65.4,7.1,140,58.6,5.1,285,68.1
Cheshire East,4.1,420,66.1,6.8,170,66.8,5.4,245,65.6,6.7,180,63.9,5.3,240,67.5
Cheshire West and Chester,3.3,705,75.3,5.8,285,73.7,4.2,420,76.1,4.6,400,69.2,4.5,310,79.2
Warwickshire,4.2,475,68.7,7.0,175,69.4,5.4,300,68.4,6.4,185,67.3,5.4,290,69.3
Birmingham,4.7,355,66.6,7.9,125,66.7,5.9,225,66.5,7.8,125,68.5,5.9,230,65.7
Coventry,4.3,395,69.9,7.6,145,69.7,5.5,250,70.0,7.7,125,68.1,5.3,265,70.8
Dudley,3.4,830,62.1,5.8,325,60.9,4.4,505,62.8,5.6,310,59.3,4.2,520,63.0
Sandwell,4.9,395,59.5,8.9,140,56.8,6.0,255,61.1,11.0,85,52.7,4.9,310,62.9
Solihull,2.8,865,63.7,5.0,335,63.8,3.7,530,63.7,4.3,375,62.8,3.7,495,64.2
Walsall,3.8,550,68.7,6.4,215,67.7,5.0,330,69.3,8.6,105,68.3,3.9,440,68.8
Wolverhampton,4.3,390,70.0,7.0,150,74.0,5.7,245,67.3,8.0,110,71.9,5.1,280,69.0
Staffordshire,4.2,465,58.2,7.2,160,51.4,5.2,305,61.7,7.7,140,51.1,5.0,325,61.2
Stoke-on-Trent,5.3,340,58.9,8.8,135,58.3,6.7,210,59.3,9.1,130,46.8,6.1,210,68.6
Herefordshire,4.4,370,65.6,7.3,150,65.7,5.8,220,65.5,8.8,105,58.8,5.0,265,69.0
Worcestershire,3.9,465,69.9,6.5,170,71.1,4.9,290,69.3,7.2,155,64.4,4.6,305,72.7
Shropshire,4.1,465,58.5,6.6,185,60.4,5.3,285,57.3,6.6,200,54.2,5.2,265,61.6
Telford and the Wrekin,5.0,340,55.2,9.1,120,52.4,6.1,220,56.7,8.3,120,47.4,6.2,220,59.9
Lincolnshire,4.8,340,65.4,8.5,115,66.0,5.9,225,65.2,8.5,100,68.1,5.8,240,64.5
Northamptonshire,4.7,400,65.7,7.5,155,71.0,6.1,245,62.3,8.9,120,60.7,5.4,280,68.5
Derbyshire,6.9,240,62.9,11.8,90,62.7,8.6,150,63.0,9.5,120,57.6,8.7,120,64.6
Derby,4.0,440,65.6,6.4,175,68.9,5.4,265,63.2,6.8,145,70.7,5.0,295,62.1
Leicestershire,4.8,370,59.2,8.5,130,58.7,5.9,240,59.4,8.6,120,55.5,5.8,250,60.8
Leicester,4.1,490,59.0,6.8,175,64.8,5.3,315,55.8,6.4,195,60.6,5.3,295,57.9
Rutland,4.5,185,67.8,9.2,70,71.1,7.2,110,65.7,7.7,55,74.1,5.5,125,65.0
Nottinghamshire,4.3,430,68.0,7.7,150,64.5,5.2,280,69.8,7.3,150,62.5,5.3,280,70.5
Nottingham,5.0,340,61.2,8.5,125,64.3,6.4,205,60.9,8.4,120,62.4,6.3,210,62.0
Hertfordshire,4.3,300,71.7,8.8,100,70.2,5.5,200,72.4,8.7,85,69.6,4.9,215,72.6
Norfolk,4.6,370,68.1,7.4,145,71.6,5.9,225,66.0,7.9,140,64.9,5.7,230,69.5
Oxfordshire,3.6,530,68.4,5.8,210,71.5,4.9,320,66.4,5.6,205,74.1,4.7,325,65.2
Suffolk,3.3,730,71.3,5.7,265,72.1,4.1,465,70.9,5.7,270,66.9,4.1,460,73.1
Luton,4.8,330,62.8,9.0,115,58.6,5.9,215,65.2,8.4,125,56.3,5.9,205,67.0
Buckinghamshire,4.5,415,62.1,7.5,165,58.6,5.8,245,64.5,8.8,105,67.8,5.3,310,60.0
Milton Keynes,5.2,335,64.6,9.1,125,66.8,6.5,205,63.4,9.9,135,56.9,5.9,200,69.1
Bracknell Forest,3.0,590,62.4,5.5,245,62.2,4.2,345,62.5,4.9,265,58.8,3.8,325,65.2
West Berkshire,4.1,500,55.8,7.2,180,59.4,5.2,320,53.9,7.0,180,51.8,5.0,320,57.8
Reading,4.1,380,68.0,6.8,160,68.3,5.6,220,67.7,6.5,140,74.7,5.3,240,63.1
Slough,4.1,470,55.8,6.8,190,58.6,5.7,280,53.7,6.0,225,49.6,5.4,245,62.8
Windsor and Maidenhead,4.2,310,72.5,7.3,125,74.6,5.9,190,71.1,5.9,160,73.6,6.0,150,71.1
Wokingham,4.3,335,67.8,7.0,135,73.3,5.9,200,64.1,6.7,150,64.9,5.5,185,70.2
Essex,2.6,920,70.1,4.6,325,69.8,3.3,590,70.3,4.4,340,72.5,3.3,575,69.1
Southend-on-Sea,4.0,430,62.2,7.5,145,64.4,5.0,285,61.1,7.6,120,57.7,4.8,310,64.0
Thurrock,4.3,455,60.3,7.7,160,60.8,5.5,295,60.0,7.3,165,54.3,5.2,290,62.1
Cambridgeshire,4.1,490,61.9,7.2,170,60.3,5.1,320,62.8,8.1,140,59.8,4.8,355,63.0
Peterborough,4.7,360,66.3,7.5,140,69.8,6.4,220,64.1,9.0,90,65.6,5.5,270,66.7
Bedford,4.1,415,65.0,7.3,160,64.2,5.3,255,65.1,7.0,145,63.7,5.0,270,65.4
Central Bedfordshire,4.9,295,66.8,8.9,95,69.0,6.1,200,65.8,8.9,100,59.7,5.9,195,70.5
Camden,4.3,430,59.4,6.8,185,63.3,5.8,240,56.5,6.4,215,52.7,5.8,215,66.2
Greenwich,4.9,345,59.3,8.6,125,59.8,6.1,220,59.0,7.8,140,55.1,6.1,205,62.8
Hackney,4.7,355,58.7,7.1,155,65.4,6.6,195,53.4,6.9,160,55.4,6.6,190,61.6
Hammersmith and Fulham,4.8,345,58.3,7.8,145,59.4,6.3,200,57.6,7.7,130,58.6,6.1,215,58.2
Islington,4.7,345,57.3,7.6,140,55.2,6.3,200,58.9,6.8,160,49.7,6.6,185,64.3
Kensington and Chelsea,4.0,515,60.3,7.1,185,63.2,5.9,250,57.3,6.0,250,55.2,5.5,265,64.4
Lambeth,4.6,350,59.0,7.4,150,57.6,6.1,200,60.0,7.1,165,50.8,6.1,190,65.7
Lewisham,4.5,540,55.6,6.9,230,55.2,6.1,310,55.9,5.8,275,53.0,6.7,260,57.8
Southwark,4.7,360,51.6,7.1,165,57.1,6.5,200,47.1,7.0,170,50.6,6.3,190,52.3
Tower Hamlets,4.3,420,58.9,6.5,195,57.1,6.0,225,60.5,7.6,145,55.7,5.2,280,60.7
Wandsworth,2.5,945,66.7,4.2,380,72.3,3.5,565,62.9,3.8,415,64.6,3.4,530,68.2
Westminster,4.9,355,53.9,8.0,140,55.8,6.3,215,52.6,8.0,140,51.6,6.1,215,55.7
City of London,7.1,70,73.3,10.4,40,79.9,15.5,30,65.1,7.3,30,85.5,10.4,35,62.0
Barking and Dagenham,4.8,355,55.6,7.4,155,52.7,6.7,200,57.8,7.9,130,54.3,6.1,225,56.3
Barnet,3.8,515,61.3,6.0,215,65.1,5.1,300,58.6,6.3,205,60.2,4.8,310,61.9
Bexley,5.8,295,61.9,7.4,100,67.6,8.0,195,58.5,8.8,115,51.6,7.6,185,68.0
Brent,6.8,225,49.6,10.8,95,57.0,9.0,130,45.1,8.2,135,54.6,10.1,90,46.1
Bromley,3.5,545,69.7,6.0,205,69.8,4.5,340,69.6,6.6,165,66.3,4.0,375,71.3
Croydon,4.3,420,58.1,7.0,165,58.0,5.7,255,58.3,6.7,170,52.0,5.7,250,63.4
Ealing,5.0,360,56.8,8.0,145,59.6,6.6,215,54.8,9.9,95,56.0,5.6,265,57.2
Enfield,4.6,460,59.5,7.9,170,60.2,5.9,290,59.0,7.5,160,52.4,5.9,295,63.9
Haringey,6.6,445,54.6,9.5,220,57.2,9.6,225,52.2,4.8,310,59.6,12.0,140,49.9
Harrow,5.3,275,56.7,10.5,85,57.1,6.3,190,56.5,10.1,75,59.8,6.3,205,55.8
Havering,5.0,340,58.9,9.1,105,60.8,6.2,235,58.1,8.6,115,57.5,6.2,225,59.5
Hillingdon,3.9,540,57.3,6.6,205,62.7,5.0,340,54.2,6.6,180,58.9,4.8,360,56.7
Hounslow,4.7,360,59.6,7.7,150,60.2,6.3,210,59.2,7.0,165,57.0,6.5,195,61.7
Kingston upon Thames,5.1,275,66.7,8.7,105,71.7,6.6,170,63.8,7.6,130,65.7,6.9,150,67.6
Merton,4.4,430,58.6,7.0,180,62.1,5.9,250,56.2,6.3,210,63.0,6.1,220,55.0
Newham,4.4,440,62.6,7.0,195,63.3,5.8,240,61.9,5.9,230,60.5,6.1,210,64.0
Redbridge,3.5,585,65.5,6.3,215,63.1,4.5,370,66.8,6.4,185,65.4,4.3,395,65.6
Richmond upon Thames,3.8,410,64.4,6.6,155,68.0,5.1,255,62.1,6.6,140,62.2,4.6,270,65.5
Sutton,3.8,450,66.2,6.8,170,67.7,4.9,280,65.4,6.2,175,68.8,4.9,275,64.7
Waltham Forest,4.5,400,58.5,7.2,155,65.9,5.9,240,53.7,7.1,160,60.5,5.8,240,57.1
Isle of Wight,4.1,380,69.5,7.6,125,67.2,5.1,260,70.6,8.2,100,70.6,4.7,280,69.0
Surrey,3.3,685,68.3,5.3,260,72.3,4.2,425,65.7,5.6,230,68.8,4.0,455,68.0
West Sussex,4.2,395,74.1,7.4,145,71.9,5.3,250,75.3,6.5,160,74.4,5.5,235,73.9
Dorset,5.1,280,66.6,8.5,100,67.4,6.4,180,66.2,9.7,90,60.3,6.0,190,69.3
Bournemouth,4.6,350,64.7,8.3,130,64.0,5.8,220,65.1,8.4,115,58.3,5.5,235,68.1
Poole,4.5,340,60.0,8.3,115,55.5,5.6,230,62.3,8.0,100,57.8,5.4,240,61.1
Hampshire,4.4,390,68.5,6.6,150,72.3,5.8,240,66.2,7.5,140,66.6,5.4,250,69.4
Portsmouth,4.0,440,69.4,6.7,160,73.4,5.2,280,67.3,6.1,195,67.8,5.4,245,70.5
Southampton,3.9,565,62.3,6.1,230,65.8,5.1,340,59.8,6.9,170,62.6,4.7,395,62.1
East Sussex,4.0,520,61.1,6.7,195,63.6,5.1,325,59.6,8.1,135,54.2,4.6,385,64.1
Brighton and Hove,4.5,345,64.8,7.4,140,70.1,5.9,210,61.4,7.8,130,61.9,5.6,215,66.3
Wiltshire,4.7,380,64.6,8.1,125,66.8,5.9,255,63.5,8.3,130,64.5,5.7,250,64.6
Swindon,4.7,330,69.1,7.7,120,72.4,6.2,215,67.3,8.0,115,65.5,5.7,215,71.7
Kent,3.1,905,61.9,5.7,275,61.9,3.7,630,61.9,6.2,225,58.7,3.6,680,63.3
Medway Towns,4.5,435,63.0,8.1,145,65.9,5.7,290,61.5,8.0,130,58.5,5.5,305,64.9
Cornwall,4.7,395,62.8,8.2,140,65.5,5.9,255,61.1,9.0,100,66.1,5.6,295,61.2
Gloucestershire,4.6,415,61.1,7.9,145,58.5,5.8,265,62.4,9.6,95,60.7,5.2,315,61.2
Somerset,4.1,475,63.2,6.9,185,61.0,5.1,295,64.6,7.2,160,59.0,4.9,315,65.2
Isles of Scilly,..,..,..,..,..,..,..,..,..,..,..,..,..,..,..
Bath and North East Somerset,4.1,425,68.3,7.5,150,66.3,5.2,275,69.3,6.8,175,60.4,5.2,245,73.8
Bristol,5.5,340,55.5,8.9,120,57.0,7.1,215,54.6,9.7,100,49.4,6.5,240,59.6
North Somerset,4.2,325,72.5,7.0,120,71.0,5.6,205,73.6,7.4,120,65.6,5.2,205,76.7
South Gloucestershire,4.0,445,63.3,7.2,160,61.4,5.0,285,64.4,7.7,135,59.7,4.6,310,65.1
Devon,4.2,500,61.5,6.9,190,54.1,5.3,310,66.1,7.0,190,55.7,5.2,310,65.4
Plymouth,3.7,500,70.5,6.2,200,67.6,4.8,300,72.5,6.9,165,68.3,4.4,335,71.6
Torbay,4.6,545,58.8,8.5,185,56.9,5.6,360,59.9,9.1,155,49.8,4.1,390,65.7
,,,,,,,,,,,,,,,
TOTAL,0.5,"63,985",63.8,0.7,"24,335",64.2,0.6,"39,555",63.6,0.8,"23,000",60.6,0.6,"40,970",65.6
Number of councils the national total is based on,151,151,151,151,151,151,151,151,151,151,151,151,151,151,151
,,,,,,,,,,,,,,,
Shire Counties,0.9,"12,990",65.3,1.6,"4,735",64.9,1.2,"8,260",65.5,1.7,"4,295",62.5,1.1,"8,695",66.6
Unitary Authorities,0.7,"22,015",64.1,1.2,"8,255",65.2,0.9,"13,750",63.5,1.2,"7,755",60.0,0.8,"14,250",66.4
Metropolitan Districts,0.8,"15,480",64.3,1.4,"5,925",64.4,1.0,"9,550",64.2,1.5,"5,310",61.5,1.0,"10,170",65.7
Inner London,1.3,"5,365",58.1,2.1,"2,235",59.7,1.8,"3,055",56.9,2.0,"2,390",54.0,1.8,"2,975",61.5
Outer London,1.1,"8,130",59.4,1.8,"3,185",61.6,1.5,"4,945",58.1,1.7,"3,255",58.2,1.5,"4,875",60.1
,,,,,,,,,,,,,,,
North East,1.3,"4,520",67.8,2.2,"1,655",69.1,1.7,"2,865",67.1,2.5,"1,485",62.0,1.6,"3,035",70.7
North West,1.2,"9,465",65.7,2.1,"3,670",64.4,1.6,"5,795",66.5,2.4,"3,455",61.6,1.4,"6,010",68.2
Yorkshire and the Humber,1.2,"6,505",63.3,2.0,"2,520",64.9,1.5,"3,985",62.3,2.2,"2,150",61.3,1.4,"4,355",64.2
East Midlands,2.2,"3,240",63.7,3.6,"1,185",64.7,2.8,"2,045",63.4,3.1,"1,135",61.7,2.9,"2,095",64.8
West Midlands,1.3,"6,700",63.1,2.2,"2,525",61.9,1.7,"4,175",63.8,2.3,"2,275",58.5,1.6,"4,425",65.4
South West,1.4,"6,045",63.2,2.3,"2,185",61.6,1.7,"3,855",64.1,2.4,"1,950",59.2,1.6,"4,090",65.4
Eastern,1.5,"5,095",67.2,2.6,"1,830",68.0,1.9,"3,265",66.7,2.6,"1,725",64.5,1.9,"3,370",68.3
London,0.9,"13,495",58.9,1.4,"5,420",60.8,1.1,"7,995",57.6,1.3,"5,645",56.4,1.1,"7,850",60.6
South East,1.3,"8,920",64.6,2.1,"3,345",66.2,1.6,"5,575",63.7,2.3,"3,185",63.2,1.5,"5,735",65.3
,,,,,,,,,,,,,,,
,,,,,,,,,,,,,,,
Note,,,,,,,,,,,,,,,
1. Caution should be taken when comparing data historically please refer to the notes in the cover sheet.,,,,,,,,,,,,,,,
2. Numerator and denominator values used to calculate the indicator are rounded to the nearest 5.,,,,,,,,,,,,,,,
"3.   -  means constituent values less than 6 are suppressed, where elements of an indicator are suppressed the indicator itself is also suppressed. The exception is for measure 2C where values of less than 0.5 have been supressed. This is because the numerator is based on an average of the 12 monthly figures.",,,,,,,,,,,,,,,
4.  ..  represents data that is unavailable.,,,,,,,,,,,,,,,
"5. 1A, 1B, 1D, 3A, 3B, 3C, 3D, 4A and 4B are based on survey data. The base (i.e. the number of responses on which the outcome is based) should be taken into account when assessing the reliability of the outcome values. Outcomes based on a small base should be treated with caution.",,,,,,,,,,,,,,,
"6. 1A, 1B, 3A, 3D, 4A and 4B have been weighted to reflect that a stratified sample was taken and to account for non-response bias. For 1D, 3B and 3C only the national, regional and council type figures have been weighted as stratified sampling was not used. These totals have been weighted to account for differeing response rates in councils.",,,,,,,,,,,,,,,
,,,,,,,,,,,,,,,
,,,,,,,,,,,,,,,
,,,,,,,,,,,,,,,
,,,,,,,,,,,,,,,
,,,,,,,,,,,,,,,
,,,,,,,,,,,,,,,
,,,,,,,,,,,,,,,
,,,,,,,,,,,,,,,
,,,,,,,,,,,,,,,
,,,,,,,,,,,,,,,
,,,,,,,,,,,,,,,
,,,,,,,,,,,,,,,
,,,,,,,,,,,,,,,
,,,,,,,,,,,,,,,
,,,,,,,,,,,,,,,
,,,,,,,,,,,,,,,
,,,,,,,,,,,,,,,
,,,,,,,,,,,,,,,
,,,,,,,,,,,,,,,
,,,,,,,,,,,,,,,
,,,,,,,,,,,,,,,
,,,,,,,,,,,,,,,
,,,,,,,,,,,,,,,
,,,,,,,,,,,,,,,
,,,,,,,,,,,,,,,
,,,,,,,,,,,,,,,
,,,,,,,,,,,,,,,
,,,,,,,,,,,,,,,
,,,,,,,,,,,,,,,
,,,,,,,,,,,,,,,
,,,,,,,,,,,,,,,
,,,,,,,,,,,,,,,
,,,,,,,,,,,,,,,
,,,,,,,,,,,,,,,
,,,,,,,,,,,,,,,
,,,,,,,,,,,,,,,
,,,,,,,,,,,,,,,
,,,,,,,,,,,,,,,
,,,,,,,,,,,,,,,
,,,,,,,,,,,,,,,
,,,,,,,,,,,,,,,
,,,,,,,,,,,,,,,
,,,,,,,,,,,,,,,
,,,,,,,,,,,,,,,
,,,,,,,,,,,,,,,
,,,,,,,,,,,,,,,
,,,,,,,,,,,,,,,
,,,,,,,,,,,,,,,
,,,,,,,,,,,,,,,
,,,,,,,,,,,,,,,
,,,,,,,,,,,,,,,
,,,,,,,,,,,,,,,
,,,,,,,,,,,,,,,
,,,,,,,,,,,,,,,
,,,,,,,,,,,,,,,
,,,,,,,,,,,,,,,
,,,,,,,,,,,,,,,
,,,,,,,,,,,,,,,
,,,,,,,,,,,,,,,
,,,,,,,,,,,,,,,
,,,,,,,,,,,,,,,
,,,,,,,,,,,,,,,
,,,,,,,,,,,,,,,
,,,,,,,,,,,,,,,
,,,,,,,,,,,,,,,
,,,,,,,,,,,,,,,
,,,,,,,,,,,,,,,
,,,,,,,,,,,,,,,
,,,,,,,,,,,,,,,
,,,,,,,,,,,,,,,
,,,,,,,,,,,,,,,
,,,,,,,,,,,,,,,
,,,,,,,,,,,,,,,
,,,,,,,,,,,,,,,
,,,,,,,,,,,,,,,
,,,,,,,,,,,,,,,
,,,,,,,,,,,,,,,
,,,,,,,,,,,,,,,
,,,,,,,,,,,,,,,
,,,,,,,,,,,,,,,
,,,,,,,,,,,,,,,
,,,,,,,,,,,,,,,
,,,,,,,,,,,,,,,
,,,,,,,,,,,,,,,
,,,,,,,,,,,,,,,
,,,,,,,,,,,,,,,
,,,,,,,,,,,,,,,
,,,,,,,,,,,,,,,
,,,,,,,,,,,,,,,
,,,,,,,,,,,,,,,
,,,,,,,,,,,,,,,
,,,,,,,,,,,,,,,
,,,,,,,,,,,,,,,
,,,,,,,,,,,,,,,
,,,,,,,,,,,,,,,
,,,,,,,,,,,,,,,
,,,,,,,,,,,,,,,
,,,,,,,,,,,,,,,
,,,,,,,,,,,,,,,
,,,,,,,,,,,,,,,
,,,,,,,,,,,,,,,
,,,,,,,,,,,,,,,
,,,,,,,,,,,,,,,
,,,,,,,,,,,,,,,
,,,,,,,,,,,,,,,
,,,,,,,,,,,,,,,
,,,,,,,,,,,,,,,
,,,,,,,,,,,,,,,
,,,,,,,,,,,,,,,
,,,,,,,,,,,,,,,
,,,,,,,,,,,,,,,
,,,,,,,,,,,,,,,
,,,,,,,,,,,,,,,
,,,,,,,,,,,,,,,
,,,,,,,,,,,,,,,
,,,,,,,,,,,,,,,
,,,,,,,,,,,,,,,
,,,,,,,,,,,,,,,
,,,,,,,,,,,,,,,
,,,,,,,,,,,,,,,
,,,,,,,,,,,,,,,
,,,,,,,,,,,,,,,
,,,,,,,,,,,,,,,
,,,,,,,,,,,,,,,
,,,,,,,,,,,,,,,
,,,,,,,,,,,,,,,
,,,,,,,,,,,,,,,
,,,,,,,,,,,,,,,
,,,,,,,,,,,,,,,
,,,,,,,,,,,,,,,
,,,,,,,,,,,,,,,
,,,,,,,,,,,,,,,
,,,,,,,,,,,,,,,
,,,,,,,,,,,,,,,
,,,,,,,,,,,,,,,
,,,,,,,,,,,,,,,
,,,,,,,,,,,,,,,
,,,,,,,,,,,,,,,
,,,,,,,,,,,,,,,
,,,,,,,,,,,,,,,
,,,,,,,,,,,,,,,
,,,,,,,,,,,,,,,
,,,,,,,,,,,,,,,
,,,,,,,,,,,,,,,
,,,,,,,,,,,,,,,
,,,,,,,,,,,,,,,
,,,,,,,,,,,,,,,
,,,,,,,,,,,,,,,
,,,,,,,,,,,,,,,
,,,,,,,,,,,,,,,
,,,,,,,,,,,,,,,
,,,,,,,,,,,,,,,
,,,,,,,,,,,,,,,
,,,,,,,,,,,,,,,
,,,,,,,,,,,,,,,
,,,,,,,,,,,,,,,
,,,,,,,,,,,,,,,
,,,,,,,,,,,,,,,
,,,,,,,,,,,,,,,
,,,,,,,,,,,,,,,
,,,,,,,,,,,,,,,
,,,,,,,,,,,,,,,
,,,,,,,,,,,,,,,
,,,,,,,,,,,,,,,
,,,,,,,,,,,,,,,
,,,,,,,,,,,,,,,
,,,,,,,,,,,,,,,
,,,,,,,,,,,,,,,
,,,,,,,,,,,,,,,
,,,,,,,,,,,,,,,
,,,,,,,,,,,,,,,
,,,,,,,,,,,,,,,
,,,,,,,,,,,,,,,
,,,,,,,,,,,,,,,
,,,,,,,,,,,,,,,
,,,,,,,,,,,,,,,
,,,,,,,,,,,,,,,
,,,,,,,,,,,,,,,
,,,,,,,,,,,,,,,
,,,,,,,,,,,,,,,
,,,,,,,,,,,,,,,
,,,,,,,,,,,,,,,
,,,,,,,,,,,,,,,
,,,,,,,,,,,,,,,
,,,,,,,,,,,,,,,
,,,,,,,,,,,,,,,
,,,,,,,,,,,,,,,
,,,,,,,,,,,,,,,
,,,,,,,,,,,,,,,
,,,,,,,,,,,,,,,
,,,,,,,,,,,,,,,
,,,,,,,,,,,,,,,
,,,,,,,,,,,,,,,
,,,,,,,,,,,,,,,
,,,,,,,,,,,,,,,
,,,,,,,,,,,,,,,
,,,,,,,,,,,,,,,
,,,,,,,,,,,,,,,
,,,,,,,,,,,,,,,
,,,,,,,,,,,,,,,
